# Rhino

mtllib Riverfront-model.mtl
usemtl diffuse_255_255_255_255
# - trim loop
vp 0 0
vp -0.071231789043011418 4.0523967997447841
cstype bezier
deg 1
curv2 1 2
parm u 0 4.0530227966731278
end
vp -0.071231789043011418 4.0523967997447841
vp -13.546871730400312 4.0231710320269158
cstype bezier
deg 1
curv2 3 4
parm u 0 13.475671633525449
end
vp -13.546871730400312 4.0231710320269158
vp -13.603490592916046 0
cstype bezier
deg 1
curv2 5 6
parm u 0 4.0235694163929985
end
vp -13.603490592916046 0
vp 0 0
cstype bezier
deg 1
curv2 7 8
parm u 0 13.603490592916037
end
v -382.78076409459322 0 -272.86737568639791
v -352.64162654981152 0 -200.9239063749018
v -361.34924379404157 0 -281.84564076471122
v -331.21010624925987 0 -209.90217145321509
cstype bspline
deg 1 1
surf -13.739525498845206 0.13603490592916045 -0.040523967997447841 4.0929207677422319 1 2 3 4
parm u -13.739525498845206 -13.739525498845206 0.13603490592916045 0.13603490592916045
parm v -0.040523967997447841 -0.040523967997447841 4.0929207677422319 4.0929207677422319
trim 0 4.0530227966731278 1 0 13.475671633525449 2 0 4.0235694163929985 3 0 13.603490592916037 4
end
# - trim loop
vp -4.0530227966731278 0
vp 0 0
cstype bezier
deg 1
curv2 9 10
parm u -4.0530227966731278 0
end
vp 0 0
vp 0 30
cstype bezier
deg 1
curv2 11 12
parm u 0 30
end
vp 0 30
vp -4.0530227966731278 30
cstype bezier
deg 1
curv2 13 14
parm u -4.0530227966731278 0
end
vp -4.0530227966731278 30
vp -4.0530227966731278 0
cstype bezier
deg 1
curv2 15 16
parm u 0 30
end
v -331.87042367132733 0 -210.88880747110022
v -352.72699534632352 0 -201.71725671205684
v -331.87042367132733 30 -210.88880747110022
v -352.72699534632352 30 -201.71725671205684
cstype bspline
deg 1 1
surf -4.0530227966731278 -0 0 30 5 6 7 8
parm u -4.0530227966731278 -4.0530227966731278 -0 -0
parm v 0 0 30 30
trim -4.0530227966731278 0 5 0 30 6 -4.0530227966731278 0 7 0 30 8
end
# - trim loop
vp -13.475671633525449 0
vp 0 0
cstype bezier
deg 1
curv2 17 18
parm u -13.475671633525449 0
end
vp 0 0
vp 0 30
cstype bezier
deg 1
curv2 19 20
parm u 0 30
end
vp 0 30
vp -13.475671633525449 30
cstype bezier
deg 1
curv2 21 22
parm u -13.475671633525449 0
end
vp -13.475671633525449 30
vp -13.475671633525449 0
cstype bezier
deg 1
curv2 23 24
parm u 0 30
end
v -361.2924258759349 0 -280.69524561736972
v -331.87042367132733 0 -210.88880747110022
v -361.2924258759349 30 -280.69524561736972
v -331.87042367132733 30 -210.88880747110022
cstype bspline
deg 1 1
surf -13.475671633525449 -0 0 30 9 10 11 12
parm u -13.475671633525449 -13.475671633525449 -0 -0
parm v 0 0 30 30
trim -13.475671633525449 0 9 0 30 10 -13.475671633525449 0 11 0 30 12
end
# - trim loop
vp -4.0235694163929985 0
vp 0 0
cstype bezier
deg 1
curv2 25 26
parm u -4.0235694163929985 0
end
vp 0 0
vp 0 30
cstype bezier
deg 1
curv2 27 28
parm u 0 30
end
vp 0 30
vp -4.0235694163929985 30
cstype bezier
deg 1
curv2 29 30
parm u -4.0235694163929985 0
end
vp -4.0235694163929985 30
vp -4.0235694163929985 0
cstype bezier
deg 1
curv2 31 32
parm u 0 30
end
v -382.27516940983492 0 -272.25006976254321
v -361.2924258759349 0 -280.69524561736972
v -382.27516940983492 30 -272.25006976254321
v -361.2924258759349 30 -280.69524561736972
cstype bspline
deg 1 1
surf -4.0235694163929985 -0 0 30 13 14 15 16
parm u -4.0235694163929985 -4.0235694163929985 -0 -0
parm v 0 0 30 30
trim -4.0235694163929985 0 13 0 30 14 -4.0235694163929985 0 15 0 30 16
end
# - trim loop
vp -13.603490592916037 0
vp 0 0
cstype bezier
deg 1
curv2 33 34
parm u -13.603490592916037 0
end
vp 0 0
vp 0 30
cstype bezier
deg 1
curv2 35 36
parm u 0 30
end
vp 0 30
vp -13.603490592916037 30
cstype bezier
deg 1
curv2 37 38
parm u -13.603490592916037 0
end
vp -13.603490592916037 30
vp -13.603490592916037 0
cstype bezier
deg 1
curv2 39 40
parm u 0 30
end
v -352.72699534632352 0 -201.71725671205684
v -382.27516940983492 0 -272.25006976254321
v -352.72699534632352 30 -201.71725671205684
v -382.27516940983492 30 -272.25006976254321
cstype bspline
deg 1 1
surf -13.603490592916037 -0 0 30 17 18 19 20
parm u -13.603490592916037 -13.603490592916037 -0 -0
parm v 0 0 30 30
trim -13.603490592916037 0 17 0 30 18 -13.603490592916037 0 19 0 30 20
end
# - trim loop
vp 0 0
vp -0.071231789043011418 4.0523967997447841
cstype bezier
deg 1
curv2 41 42
parm u 0 4.0530227966731278
end
vp -0.071231789043011418 4.0523967997447841
vp -13.546871730400312 4.0231710320269158
cstype bezier
deg 1
curv2 43 44
parm u 0 13.475671633525449
end
vp -13.546871730400312 4.0231710320269158
vp -13.603490592916046 0
cstype bezier
deg 1
curv2 45 46
parm u 0 4.0235694163929985
end
vp -13.603490592916046 0
vp 0 0
cstype bezier
deg 1
curv2 47 48
parm u 0 13.603490592916037
end
v -382.78076409459322 30 -272.86737568639791
v -352.64162654981152 30 -200.9239063749018
v -361.34924379404157 30 -281.84564076471122
v -331.21010624925987 30 -209.90217145321509
cstype bspline
deg 1 1
surf -13.739525498845206 0.13603490592916045 -0.040523967997447841 4.0929207677422319 21 22 23 24
parm u -13.739525498845206 -13.739525498845206 0.13603490592916045 0.13603490592916045
parm v -0.040523967997447841 -0.040523967997447841 4.0929207677422319 4.0929207677422319
trim 0 4.0530227966731278 21 0 13.475671633525449 22 0 4.0235694163929985 23 0 13.603490592916037 24
end
usemtl diffuse_170_230_123_255
# - trim loop
vp 0.71680875280139555 0
vp 0.70484189475760139 0.13043270865548445
vp 0.66648039245388924 0.26385350967383803
vp 0.59996570849700792 0.3922447408447633
vp 0.50686032991973851 0.50686032991973851
vp 0.3922447408447633 0.59996570849700792
vp 0.26385350967383808 0.66648039245388924
vp 0.13043270865548445 0.70484189475760139
vp 0 0.71680875280139555
vp -0.13043270865548437 0.70484189475760151
vp -0.26385350967383792 0.66648039245388946
vp -0.39224474084476318 0.59996570849700803
vp -0.50686032991973839 0.50686032991973851
vp -0.59996570849700792 0.39224474084476335
vp -0.66648039245388924 0.26385350967383808
vp -0.70484189475760139 0.13043270865548454
vp -0.71680875280139555 0
vp -0.70484189475760151 -0.13043270865548434
vp -0.66648039245388946 -0.26385350967383792
vp -0.59996570849700803 -0.39224474084476318
vp -0.50686032991973851 -0.50686032991973839
vp -0.39224474084476335 -0.59996570849700792
vp -0.26385350967383808 -0.66648039245388924
vp -0.13043270865548454 -0.70484189475760139
vp 0 -0.71680875280139555
vp 0.13043270865548429 -0.70484189475760139
vp 0.2638535096738378 -0.66648039245388924
vp 0.39224474084476307 -0.59996570849700792
vp 0.50686032991973828 -0.50686032991973851
vp 0.59996570849700781 -0.3922447408447633
vp 0.66648039245388913 -0.26385350967383803
vp 0.70484189475760139 -0.13043270865548445
cstype bezier
deg 1
curv2 49 50 51 52 53 54 55 56 57 58 59 60 61 62 63 64 65 66 67 68 69 70 71 72 73 74 75 76 77 78 79 80 49
parm u 0 0.14074506948935789 0.28149013897871578 0.42223520846807366 0.56298027795743155 0.7037253474467895 0.84447041693614733 0.98521548642550516 1.1259605559148631 1.266705625404221 1.407450694893579 1.5481957643829367 1.6889408338722947 1.8296859033616526 1.9704309728510103 2.111176042340368 2.2519211118297262 2.3926661813190844 2.5334112508084421 2.6741563202977998 2.814901389787158 2.9556464592765157 3.0963915287658734 3.2371365982552316 3.3778816677445893 3.518626737233947 3.6593718067233052 3.8001168762126629 3.9408619457020206 4.0816070151913788 4.2223520846807361 4.3630971541700942 4.5038422236594524
end
v -336.81088548229661 3.4717761661867232 -197.63436648947089
v -336.8168786843064 3.4717761661867232 -195.85376377829695
v -338.59148819347052 3.4717761661867232 -197.64035969148074
v -338.59748139548032 3.4717761661867232 -195.8597569803068
cstype bspline
deg 1 1
surf -0.8960109410017445 0.8960109410017445 -0.8960109410017445 0.8960109410017445 25 26 27 28
parm u -0.8960109410017445 -0.8960109410017445 0.8960109410017445 0.8960109410017445
parm v -0.8960109410017445 -0.8960109410017445 0.8960109410017445 0.8960109410017445
trim 0 4.5038422236594524 25
end
# - trim loop
vp 0 0
vp 26.578480228423956 0
cstype bezier
deg 1
curv2 81 82
parm u 0 26.578480228423956
end
vp 26.578480228423956 0
vp 26.578480228423956 0.5
cstype bezier
deg 1
curv2 83 84
parm u 0 0.5
end
vp 26.578480228423956 0.5
vp 0 0.5
cstype bezier
deg 1
curv2 85 86
parm u 0 26.578480228423956
end
vp 0 0.5
vp 0 0
cstype bezier
deg 1
curv2 87 88
parm u 0 0.5
end
v -341.52697465516695 11.220415376641943 -194.9998168048737 1
v -339.77972972515175 11.22041537664194 -191.1770255885953 0.70710678118654757
v -335.95693850887341 11.220415376641943 -192.92427051861043 1
v -332.134147292595 11.22041537664194 -194.67151544862557 0.70710678118654757
v -333.88139222261015 11.220415376641943 -198.49430666490392 1
v -335.62863715262523 11.22041537664194 -202.31709788118235 0.70710678118654757
v -339.45142836890363 11.220415376641943 -200.56985295116723 1
v -343.2742195851821 11.22041537664194 -198.8226080211521 0.70710678118654757
v -341.52697465516695 11.220415376641943 -194.9998168048737 1
v -341.52697465516695 11.717232077115883 -194.9998168048737 1
v -339.77972972515175 11.717232077115883 -191.1770255885953 0.70710678118654757
v -335.95693850887341 11.717232077115883 -192.92427051861043 1
v -332.134147292595 11.717232077115883 -194.67151544862557 0.70710678118654757
v -333.88139222261015 11.717232077115883 -198.49430666490392 1
v -335.62863715262523 11.717232077115883 -202.31709788118235 0.70710678118654757
v -339.45142836890363 11.717232077115883 -200.56985295116723 1
v -343.2742195851821 11.717232077115883 -198.8226080211521 0.70710678118654757
v -341.52697465516695 11.717232077115883 -194.9998168048737 1
cstype rat bspline
deg 2 1
surf 0 26.578480228423956 0 0.5 29 30 31 32 33 34 35 36 37 38 39 40 41 42 43 44 45 46
parm u 0 0 0 6.644620057105989 6.644620057105989 13.289240114211978 13.289240114211978 19.933860171317967 19.933860171317967 26.578480228423956 26.578480228423956 26.578480228423956
parm v 0 0 0.5 0.5
trim 0 26.578480228423956 26 0 0.5 27 0 26.578480228423956 28 0 0.5 29
end
# - trim loop
vp 4.2300965082238804 0
vp 4.1594766054567476 0.76972127263437229
vp 3.9330942457116014 1.5570761456133617
vp 3.5405717894050786 2.3147500670605421
vp 2.9911299260386421 2.9911299260386421
vp 2.3147500670605421 3.5405717894050786
vp 1.5570761456133617 3.9330942457116014
vp 0.76972127263437251 4.1594766054567476
vp 0 4.2300965082238804
vp -0.76972127263437207 4.1594766054567476
vp -1.5570761456133613 3.9330942457116014
vp -2.3147500670605421 3.5405717894050786
vp -2.9911299260386421 2.9911299260386421
vp -3.5405717894050786 2.3147500670605421
vp -3.9330942457116014 1.5570761456133619
vp -4.1594766054567476 0.76972127263437262
vp -4.2300965082238804 0
vp -4.1594766054567476 -0.76972127263437196
vp -3.9330942457116014 -1.5570761456133613
vp -3.5405717894050786 -2.3147500670605421
vp -2.9911299260386426 -2.9911299260386421
vp -2.3147500670605425 -3.5405717894050786
vp -1.5570761456133622 -3.9330942457116014
vp -0.76972127263437307 -4.1594766054567476
vp 0 -4.2300965082238804
vp 0.76972127263437151 -4.1594766054567476
vp 1.5570761456133606 -3.9330942457116014
vp 2.3147500670605412 -3.5405717894050786
vp 2.9911299260386413 -2.9911299260386421
vp 3.5405717894050777 -2.3147500670605421
vp 3.9330942457116005 -1.5570761456133617
vp 4.1594766054567476 -0.76972127263437229
cstype bezier
deg 1
curv2 89 90 91 92 93 94 95 96 97 98 99 100 101 102 103 104 105 106 107 108 109 110 111 112 113 114 115 116 117 118 119 120 89
parm u 0 0.83057750713824863 1.6611550142764973 2.4917325214147459 3.3223100285529945 4.1528875356912431 4.9834650428294918 5.8140425499677404 6.644620057105989 7.4751975642442376 8.3057750713824863 9.1363525785207358 9.9669300856589835 10.797507592797231 11.628085099935481 12.45866260707373 13.289240114211978 14.119817621350226 14.950395128488475 15.780972635626725 16.611550142764973 17.44212764990322 18.272705157041472 19.103282664179719 19.933860171317967 20.764437678456215 21.595015185594463 22.425592692732714 23.256170199870962 24.086747707009209 24.917325214147461 25.747902721285708 26.578480228423956
end
# - hole loop
vp 0.30016816712680683 0.650933068399838
vp 0.41360273820559079 0.58544646471008022
vp 0.51869786890271452 0.49473963747457683
vp 0.60743633232517624 0.38057310764691582
vp 0.6725301332357928 0.24802824029238937
vp 0.70908300506197508 0.10495751533344291
vp 0.7157202660710974 -0.039487831388997571
vp 0.69468549656478029 -0.17671120212150951
vp 0.65093306839983001 -0.30016816712679883
vp 0.58544646471007444 -0.41360273820558768
vp 0.49473963747457278 -0.51869786890271596
vp 0.38057310764691299 -0.60743633232518146
vp 0.24802824029238704 -0.67253013323580091
vp 0.10495751533344032 -0.70908300506198474
vp -0.039487831389001124 -0.71572026607110739
vp -0.17671120212151459 -0.69468549656478928
vp -0.30016816712680594 -0.65093306839983711
vp -0.41360273820558935 -0.58544646471008277
vp -0.51869786890271297 -0.49473963747458227
vp -0.60743633232517502 -0.38057310764692315
vp -0.67253013323579258 -0.24802824029239745
vp -0.7090830050619763 -0.10495751533345048
vp -0.7157202660711004 0.039487831388991645
vp -0.69468549656478529 0.17671120212150618
vp -0.65093306839983711 0.30016816712679883
vp -0.58544646471008022 0.41360273820558435
vp -0.49473963747457722 0.51869786890271008
vp -0.3805731076469161 0.60743633232517402
vp -0.24802824029238885 0.6725301332357928
vp -0.10495751533344107 0.70908300506197741
vp 0.039487831389001186 0.71572026607110195
vp 0.1767112021215152 0.69468549656478673
cstype bezier
deg 1
curv2 121 122 123 124 125 126 127 128 129 130 131 132 133 134 135 136 137 138 139 140 141 142 143 144 145 146 147 148 149 150 151 152 121
parm u 0 0.14074506948935789 0.28149013897871578 0.42223520846807366 0.56298027795743155 0.7037253474467895 0.84447041693614733 0.98521548642550516 1.1259605559148631 1.266705625404221 1.407450694893579 1.5481957643829367 1.6889408338722947 1.8296859033616526 1.9704309728510103 2.111176042340368 2.2519211118297262 2.3926661813190844 2.5334112508084421 2.6741563202977998 2.814901389787158 2.9556464592765157 3.0963915287658734 3.2371365982552316 3.3778816677445893 3.518626737233947 3.6593718067233052 3.8001168762126629 3.9408619457020206 4.0816070151913788 4.2223520846807361 4.3630971541700942 4.5038422236594524
end
v -335.10975058105942 11.220415376641943 -203.70960691775579
v -344.6667286217554 11.220415376641943 -199.34149459271799
v -330.74163825602159 11.220415376641943 -194.15262887705973
v -340.29861629671757 11.220415376641943 -189.78451655202193
cstype bspline
deg 1 1
surf -5.2876206352798505 5.2876206352798505 -5.2876206352798505 5.2876206352798505 47 48 49 50
parm u -5.2876206352798505 -5.2876206352798505 5.2876206352798505 5.2876206352798505
parm v -5.2876206352798505 -5.2876206352798505 5.2876206352798505 5.2876206352798505
trim 0 26.578480228423956 30
hole 0 4.5038422236594524 31
end
# - trim loop
vp 4.2300965082238804 0
vp 4.1594766054567476 0.76972127263437229
vp 3.9330942457116014 1.5570761456133617
vp 3.5405717894050786 2.3147500670605421
vp 2.9911299260386421 2.9911299260386421
vp 2.3147500670605421 3.5405717894050786
vp 1.5570761456133617 3.9330942457116014
vp 0.76972127263437251 4.1594766054567476
vp 0 4.2300965082238804
vp -0.76972127263437207 4.1594766054567476
vp -1.5570761456133613 3.9330942457116014
vp -2.3147500670605421 3.5405717894050786
vp -2.9911299260386421 2.9911299260386421
vp -3.5405717894050786 2.3147500670605421
vp -3.9330942457116014 1.5570761456133619
vp -4.1594766054567476 0.76972127263437262
vp -4.2300965082238804 0
vp -4.1594766054567476 -0.76972127263437196
vp -3.9330942457116014 -1.5570761456133613
vp -3.5405717894050786 -2.3147500670605421
vp -2.9911299260386426 -2.9911299260386421
vp -2.3147500670605425 -3.5405717894050786
vp -1.5570761456133622 -3.9330942457116014
vp -0.76972127263437307 -4.1594766054567476
vp 0 -4.2300965082238804
vp 0.76972127263437151 -4.1594766054567476
vp 1.5570761456133606 -3.9330942457116014
vp 2.3147500670605412 -3.5405717894050786
vp 2.9911299260386413 -2.9911299260386421
vp 3.5405717894050777 -2.3147500670605421
vp 3.9330942457116005 -1.5570761456133617
vp 4.1594766054567476 -0.76972127263437229
cstype bezier
deg 1
curv2 153 154 155 156 157 158 159 160 161 162 163 164 165 166 167 168 169 170 171 172 173 174 175 176 177 178 179 180 181 182 183 184 153
parm u 0 0.83057750713824863 1.6611550142764973 2.4917325214147459 3.3223100285529945 4.1528875356912431 4.9834650428294918 5.8140425499677404 6.644620057105989 7.4751975642442376 8.3057750713824863 9.1363525785207358 9.9669300856589835 10.797507592797231 11.628085099935481 12.45866260707373 13.289240114211978 14.119817621350226 14.950395128488475 15.780972635626725 16.611550142764973 17.44212764990322 18.272705157041472 19.103282664179719 19.933860171317967 20.764437678456215 21.595015185594463 22.425592692732714 23.256170199870962 24.086747707009209 24.917325214147461 25.747902721285708 26.578480228423956
end
v -335.10975058105942 11.717232077115883 -203.70960691775579
v -344.6667286217554 11.717232077115883 -199.34149459271799
v -330.74163825602159 11.717232077115883 -194.15262887705973
v -340.29861629671757 11.717232077115883 -189.78451655202193
cstype bspline
deg 1 1
surf -5.2876206352798505 5.2876206352798505 -5.2876206352798505 5.2876206352798505 51 52 53 54
parm u -5.2876206352798505 -5.2876206352798505 5.2876206352798505 5.2876206352798505
parm v -5.2876206352798505 -5.2876206352798505 5.2876206352798505 5.2876206352798505
trim 0 26.578480228423956 32
end
# - trim loop
vp 4.5038422236594524 0.49999999999999972
vp 4.5038422236594524 8.2982877820565957
cstype bezier
deg 1
curv2 185 186
parm u 0.49999999999999978 8.2982877820565957
end
vp 4.5038422236594524 8.2982877820565957
vp 0 8.2982877820565957
cstype bezier
deg 1
curv2 187 188
parm u 0 4.5038422236594524
end
vp 0 8.2982877820565957
vp 0 0.50000000000000089
cstype bezier
deg 1
curv2 189 190
parm u 0 7.7982877820565948
end
vp 0 0.50000000000000089
vp 4.5038422236594524 0.49999999999999972
cstype bezier
deg 1
curv2 191 192
parm u 0 4.5038422236594524
end
v -337.70658071969245 11.717232077115883 -196.03482065041922 1
v -338.41882180416201 11.717232077115883 -196.03721793122324 0.70710678118654757
v -338.4164245233581 11.717232077115883 -196.74945901569274 1
v -338.41402724255414 11.717232077115883 -197.46170010016235 0.70710678118654757
v -337.70178615808453 11.717232077115883 -197.45930281935838 1
v -336.98954507361509 11.717232077115883 -197.45690553855448 0.70710678118654757
v -336.99194235441894 11.717232077115883 -196.74466445408487 1
v -336.99433963522284 11.717232077115883 -196.03242336961532 0.70710678118654757
v -337.70658071969245 11.717232077115883 -196.03482065041922 1
v -337.70658071969245 3.4717761661867232 -196.03482065041922 1
v -338.41882180416201 3.4717761661867237 -196.03721793122324 0.70710678118654757
v -338.4164245233581 3.4717761661867232 -196.74945901569274 1
v -338.41402724255414 3.4717761661867237 -197.46170010016235 0.70710678118654757
v -337.70178615808453 3.4717761661867232 -197.45930281935838 1
v -336.98954507361509 3.4717761661867237 -197.45690553855448 0.70710678118654757
v -336.99194235441894 3.4717761661867232 -196.74466445408487 1
v -336.99433963522284 3.4717761661867237 -196.03242336961532 0.70710678118654757
v -337.70658071969245 3.4717761661867232 -196.03482065041922 1
cstype rat bspline
deg 2 1
surf 0 4.5038422236594524 0 8.2982877820565957 55 56 57 58 59 60 61 62 63 64 65 66 67 68 69 70 71 72
parm u 0 0 0 1.1259605559148631 1.1259605559148631 2.2519211118297262 2.2519211118297262 3.3778816677445893 3.3778816677445893 4.5038422236594524 4.5038422236594524 4.5038422236594524
parm v 0 0 8.2982877820565957 8.2982877820565957
trim 0.49999999999999978 8.2982877820565957 33 0 4.5038422236594524 34 0 7.7982877820565948 35 0 4.5038422236594524 36
end
usemtl diffuse_170_230_123_255
# - trim loop
vp 0.71680875280139555 0
vp 0.70484189475760139 0.13043270865548445
vp 0.66648039245388924 0.26385350967383803
vp 0.59996570849700792 0.3922447408447633
vp 0.50686032991973851 0.50686032991973851
vp 0.3922447408447633 0.59996570849700792
vp 0.26385350967383808 0.66648039245388924
vp 0.13043270865548445 0.70484189475760139
vp 0 0.71680875280139555
vp -0.13043270865548437 0.70484189475760151
vp -0.26385350967383792 0.66648039245388946
vp -0.39224474084476318 0.59996570849700803
vp -0.50686032991973839 0.50686032991973851
vp -0.59996570849700792 0.39224474084476335
vp -0.66648039245388924 0.26385350967383808
vp -0.70484189475760139 0.13043270865548454
vp -0.71680875280139555 0
vp -0.70484189475760151 -0.13043270865548434
vp -0.66648039245388946 -0.26385350967383792
vp -0.59996570849700803 -0.39224474084476318
vp -0.50686032991973851 -0.50686032991973839
vp -0.39224474084476335 -0.59996570849700792
vp -0.26385350967383808 -0.66648039245388924
vp -0.13043270865548454 -0.70484189475760139
vp 0 -0.71680875280139555
vp 0.13043270865548429 -0.70484189475760139
vp 0.2638535096738378 -0.66648039245388924
vp 0.39224474084476307 -0.59996570849700792
vp 0.50686032991973828 -0.50686032991973851
vp 0.59996570849700781 -0.3922447408447633
vp 0.66648039245388913 -0.26385350967383803
vp 0.70484189475760139 -0.13043270865548445
cstype bezier
deg 1
curv2 193 194 195 196 197 198 199 200 201 202 203 204 205 206 207 208 209 210 211 212 213 214 215 216 217 218 219 220 221 222 223 224 193
parm u 0 0.14074506948935789 0.28149013897871578 0.42223520846807366 0.56298027795743155 0.7037253474467895 0.84447041693614733 0.98521548642550516 1.1259605559148631 1.266705625404221 1.407450694893579 1.5481957643829367 1.6889408338722947 1.8296859033616526 1.9704309728510103 2.111176042340368 2.2519211118297262 2.3926661813190844 2.5334112508084421 2.6741563202977998 2.814901389787158 2.9556464592765157 3.0963915287658734 3.2371365982552316 3.3778816677445893 3.518626737233947 3.6593718067233052 3.8001168762126629 3.9408619457020206 4.0816070151913788 4.2223520846807361 4.3630971541700942 4.5038422236594524
end
v -329.56363716706073 3.4717761661867232 -197.63436648947089
v -329.56963036907052 3.4717761661867232 -195.85376377829695
v -331.34423987823465 3.4717761661867232 -197.64035969148074
v -331.35023308024444 3.4717761661867232 -195.8597569803068
cstype bspline
deg 1 1
surf -0.8960109410017445 0.8960109410017445 -0.8960109410017445 0.8960109410017445 73 74 75 76
parm u -0.8960109410017445 -0.8960109410017445 0.8960109410017445 0.8960109410017445
parm v -0.8960109410017445 -0.8960109410017445 0.8960109410017445 0.8960109410017445
trim 0 4.5038422236594524 37
end
# - trim loop
vp 0 0
vp 26.578480228423956 0
cstype bezier
deg 1
curv2 225 226
parm u 0 26.578480228423956
end
vp 26.578480228423956 0
vp 26.578480228423956 0.5
cstype bezier
deg 1
curv2 227 228
parm u 0 0.5
end
vp 26.578480228423956 0.5
vp 0 0.5
cstype bezier
deg 1
curv2 229 230
parm u 0 26.578480228423956
end
vp 0 0.5
vp 0 0
cstype bezier
deg 1
curv2 231 232
parm u 0 0.5
end
v -334.27972633993107 11.220415376641943 -194.9998168048737 1
v -332.53248140991593 11.22041537664194 -191.1770255885953 0.70710678118654757
v -328.70969019363753 11.220415376641943 -192.92427051861043 1
v -324.88689897735918 11.22041537664194 -194.67151544862557 0.70710678118654757
v -326.63414390737427 11.220415376641943 -198.49430666490392 1
v -328.38138883738935 11.22041537664194 -202.31709788118235 0.70710678118654757
v -332.20418005366776 11.220415376641943 -200.56985295116723 1
v -336.02697126994622 11.22041537664194 -198.8226080211521 0.70710678118654757
v -334.27972633993107 11.220415376641943 -194.9998168048737 1
v -334.27972633993107 11.717232077115883 -194.9998168048737 1
v -332.53248140991593 11.717232077115883 -191.1770255885953 0.70710678118654757
v -328.70969019363753 11.717232077115883 -192.92427051861043 1
v -324.88689897735918 11.717232077115883 -194.67151544862557 0.70710678118654757
v -326.63414390737427 11.717232077115883 -198.49430666490392 1
v -328.38138883738935 11.717232077115883 -202.31709788118235 0.70710678118654757
v -332.20418005366776 11.717232077115883 -200.56985295116723 1
v -336.02697126994622 11.717232077115883 -198.8226080211521 0.70710678118654757
v -334.27972633993107 11.717232077115883 -194.9998168048737 1
cstype rat bspline
deg 2 1
surf 0 26.578480228423956 0 0.5 77 78 79 80 81 82 83 84 85 86 87 88 89 90 91 92 93 94
parm u 0 0 0 6.644620057105989 6.644620057105989 13.289240114211978 13.289240114211978 19.933860171317967 19.933860171317967 26.578480228423956 26.578480228423956 26.578480228423956
parm v 0 0 0.5 0.5
trim 0 26.578480228423956 38 0 0.5 39 0 26.578480228423956 40 0 0.5 41
end
# - trim loop
vp 4.2300965082238804 0
vp 4.1594766054567476 0.76972127263437229
vp 3.9330942457116014 1.5570761456133617
vp 3.5405717894050786 2.3147500670605421
vp 2.9911299260386421 2.9911299260386421
vp 2.3147500670605421 3.5405717894050786
vp 1.5570761456133617 3.9330942457116014
vp 0.76972127263437251 4.1594766054567476
vp 0 4.2300965082238804
vp -0.76972127263437207 4.1594766054567476
vp -1.5570761456133613 3.9330942457116014
vp -2.3147500670605421 3.5405717894050786
vp -2.9911299260386421 2.9911299260386421
vp -3.5405717894050786 2.3147500670605421
vp -3.9330942457116014 1.5570761456133619
vp -4.1594766054567476 0.76972127263437262
vp -4.2300965082238804 0
vp -4.1594766054567476 -0.76972127263437196
vp -3.9330942457116014 -1.5570761456133613
vp -3.5405717894050786 -2.3147500670605421
vp -2.9911299260386426 -2.9911299260386421
vp -2.3147500670605425 -3.5405717894050786
vp -1.5570761456133622 -3.9330942457116014
vp -0.76972127263437307 -4.1594766054567476
vp 0 -4.2300965082238804
vp 0.76972127263437151 -4.1594766054567476
vp 1.5570761456133606 -3.9330942457116014
vp 2.3147500670605412 -3.5405717894050786
vp 2.9911299260386413 -2.9911299260386421
vp 3.5405717894050777 -2.3147500670605421
vp 3.9330942457116005 -1.5570761456133617
vp 4.1594766054567476 -0.76972127263437229
cstype bezier
deg 1
curv2 233 234 235 236 237 238 239 240 241 242 243 244 245 246 247 248 249 250 251 252 253 254 255 256 257 258 259 260 261 262 263 264 233
parm u 0 0.83057750713824863 1.6611550142764973 2.4917325214147459 3.3223100285529945 4.1528875356912431 4.9834650428294918 5.8140425499677404 6.644620057105989 7.4751975642442376 8.3057750713824863 9.1363525785207358 9.9669300856589835 10.797507592797231 11.628085099935481 12.45866260707373 13.289240114211978 14.119817621350226 14.950395128488475 15.780972635626725 16.611550142764973 17.44212764990322 18.272705157041472 19.103282664179719 19.933860171317967 20.764437678456215 21.595015185594463 22.425592692732714 23.256170199870962 24.086747707009209 24.917325214147461 25.747902721285708 26.578480228423956
end
# - hole loop
vp 0.30016816712680683 0.650933068399838
vp 0.41360273820559079 0.58544646471008022
vp 0.51869786890271452 0.49473963747457683
vp 0.60743633232517624 0.38057310764691582
vp 0.6725301332357928 0.24802824029238937
vp 0.70908300506197508 0.10495751533344291
vp 0.7157202660710974 -0.039487831388997571
vp 0.69468549656478029 -0.17671120212150951
vp 0.65093306839983001 -0.30016816712679883
vp 0.58544646471007444 -0.41360273820558768
vp 0.49473963747457278 -0.51869786890271596
vp 0.38057310764691299 -0.60743633232518146
vp 0.24802824029238704 -0.67253013323580091
vp 0.10495751533344032 -0.70908300506198474
vp -0.039487831389001124 -0.71572026607110739
vp -0.17671120212151459 -0.69468549656478928
vp -0.30016816712680594 -0.65093306839983711
vp -0.41360273820558935 -0.58544646471008277
vp -0.51869786890271297 -0.49473963747458227
vp -0.60743633232517502 -0.38057310764692315
vp -0.67253013323579258 -0.24802824029239745
vp -0.7090830050619763 -0.10495751533345048
vp -0.7157202660711004 0.039487831388991645
vp -0.69468549656478529 0.17671120212150618
vp -0.65093306839983711 0.30016816712679883
vp -0.58544646471008022 0.41360273820558435
vp -0.49473963747457722 0.51869786890271008
vp -0.3805731076469161 0.60743633232517402
vp -0.24802824029238885 0.6725301332357928
vp -0.10495751533344107 0.70908300506197741
vp 0.039487831389001186 0.71572026607110195
vp 0.1767112021215152 0.69468549656478673
cstype bezier
deg 1
curv2 265 266 267 268 269 270 271 272 273 274 275 276 277 278 279 280 281 282 283 284 285 286 287 288 289 290 291 292 293 294 295 296 265
parm u 0 0.14074506948935789 0.28149013897871578 0.42223520846807366 0.56298027795743155 0.7037253474467895 0.84447041693614733 0.98521548642550516 1.1259605559148631 1.266705625404221 1.407450694893579 1.5481957643829367 1.6889408338722947 1.8296859033616526 1.9704309728510103 2.111176042340368 2.2519211118297262 2.3926661813190844 2.5334112508084421 2.6741563202977998 2.814901389787158 2.9556464592765157 3.0963915287658734 3.2371365982552316 3.3778816677445893 3.518626737233947 3.6593718067233052 3.8001168762126629 3.9408619457020206 4.0816070151913788 4.2223520846807361 4.3630971541700942 4.5038422236594524
end
v -327.86250226582354 11.220415376641943 -203.70960691775579
v -337.41948030651952 11.220415376641943 -199.34149459271799
v -323.49438994078571 11.220415376641943 -194.15262887705973
v -333.05136798148169 11.220415376641943 -189.78451655202193
cstype bspline
deg 1 1
surf -5.2876206352798505 5.2876206352798505 -5.2876206352798505 5.2876206352798505 95 96 97 98
parm u -5.2876206352798505 -5.2876206352798505 5.2876206352798505 5.2876206352798505
parm v -5.2876206352798505 -5.2876206352798505 5.2876206352798505 5.2876206352798505
trim 0 26.578480228423956 42
hole 0 4.5038422236594524 43
end
# - trim loop
vp 4.2300965082238804 0
vp 4.1594766054567476 0.76972127263437229
vp 3.9330942457116014 1.5570761456133617
vp 3.5405717894050786 2.3147500670605421
vp 2.9911299260386421 2.9911299260386421
vp 2.3147500670605421 3.5405717894050786
vp 1.5570761456133617 3.9330942457116014
vp 0.76972127263437251 4.1594766054567476
vp 0 4.2300965082238804
vp -0.76972127263437207 4.1594766054567476
vp -1.5570761456133613 3.9330942457116014
vp -2.3147500670605421 3.5405717894050786
vp -2.9911299260386421 2.9911299260386421
vp -3.5405717894050786 2.3147500670605421
vp -3.9330942457116014 1.5570761456133619
vp -4.1594766054567476 0.76972127263437262
vp -4.2300965082238804 0
vp -4.1594766054567476 -0.76972127263437196
vp -3.9330942457116014 -1.5570761456133613
vp -3.5405717894050786 -2.3147500670605421
vp -2.9911299260386426 -2.9911299260386421
vp -2.3147500670605425 -3.5405717894050786
vp -1.5570761456133622 -3.9330942457116014
vp -0.76972127263437307 -4.1594766054567476
vp 0 -4.2300965082238804
vp 0.76972127263437151 -4.1594766054567476
vp 1.5570761456133606 -3.9330942457116014
vp 2.3147500670605412 -3.5405717894050786
vp 2.9911299260386413 -2.9911299260386421
vp 3.5405717894050777 -2.3147500670605421
vp 3.9330942457116005 -1.5570761456133617
vp 4.1594766054567476 -0.76972127263437229
cstype bezier
deg 1
curv2 297 298 299 300 301 302 303 304 305 306 307 308 309 310 311 312 313 314 315 316 317 318 319 320 321 322 323 324 325 326 327 328 297
parm u 0 0.83057750713824863 1.6611550142764973 2.4917325214147459 3.3223100285529945 4.1528875356912431 4.9834650428294918 5.8140425499677404 6.644620057105989 7.4751975642442376 8.3057750713824863 9.1363525785207358 9.9669300856589835 10.797507592797231 11.628085099935481 12.45866260707373 13.289240114211978 14.119817621350226 14.950395128488475 15.780972635626725 16.611550142764973 17.44212764990322 18.272705157041472 19.103282664179719 19.933860171317967 20.764437678456215 21.595015185594463 22.425592692732714 23.256170199870962 24.086747707009209 24.917325214147461 25.747902721285708 26.578480228423956
end
v -327.86250226582354 11.717232077115883 -203.70960691775579
v -337.41948030651952 11.717232077115883 -199.34149459271799
v -323.49438994078571 11.717232077115883 -194.15262887705973
v -333.05136798148169 11.717232077115883 -189.78451655202193
cstype bspline
deg 1 1
surf -5.2876206352798505 5.2876206352798505 -5.2876206352798505 5.2876206352798505 99 100 101 102
parm u -5.2876206352798505 -5.2876206352798505 5.2876206352798505 5.2876206352798505
parm v -5.2876206352798505 -5.2876206352798505 5.2876206352798505 5.2876206352798505
trim 0 26.578480228423956 44
end
# - trim loop
vp 4.5038422236594524 0.49999999999999972
vp 4.5038422236594524 8.2982877820565957
cstype bezier
deg 1
curv2 329 330
parm u 0.49999999999999978 8.2982877820565957
end
vp 4.5038422236594524 8.2982877820565957
vp 0 8.2982877820565957
cstype bezier
deg 1
curv2 331 332
parm u 0 4.5038422236594524
end
vp 0 8.2982877820565957
vp 0 0.50000000000000089
cstype bezier
deg 1
curv2 333 334
parm u 0 7.7982877820565948
end
vp 0 0.50000000000000089
vp 4.5038422236594524 0.49999999999999972
cstype bezier
deg 1
curv2 335 336
parm u 0 4.5038422236594524
end
v -330.45933240445657 11.717232077115883 -196.03482065041922 1
v -331.17157348892613 11.717232077115883 -196.03721793122324 0.70710678118654757
v -331.16917620812222 11.717232077115883 -196.74945901569274 1
v -331.16677892731826 11.717232077115883 -197.46170010016235 0.70710678118654757
v -330.45453784284865 11.717232077115883 -197.45930281935838 1
v -329.74229675837921 11.717232077115883 -197.45690553855448 0.70710678118654757
v -329.74469403918306 11.717232077115883 -196.74466445408487 1
v -329.74709131998702 11.717232077115883 -196.03242336961532 0.70710678118654757
v -330.45933240445657 11.717232077115883 -196.03482065041922 1
v -330.45933240445657 3.4717761661867232 -196.03482065041922 1
v -331.17157348892613 3.4717761661867237 -196.03721793122324 0.70710678118654757
v -331.16917620812222 3.4717761661867232 -196.74945901569274 1
v -331.16677892731826 3.4717761661867237 -197.46170010016235 0.70710678118654757
v -330.45453784284865 3.4717761661867232 -197.45930281935838 1
v -329.74229675837921 3.4717761661867237 -197.45690553855448 0.70710678118654757
v -329.74469403918306 3.4717761661867232 -196.74466445408487 1
v -329.74709131998702 3.4717761661867237 -196.03242336961532 0.70710678118654757
v -330.45933240445657 3.4717761661867232 -196.03482065041922 1
cstype rat bspline
deg 2 1
surf 0 4.5038422236594524 0 8.2982877820565957 103 104 105 106 107 108 109 110 111 112 113 114 115 116 117 118 119 120
parm u 0 0 0 1.1259605559148631 1.1259605559148631 2.2519211118297262 2.2519211118297262 3.3778816677445893 3.3778816677445893 4.5038422236594524 4.5038422236594524 4.5038422236594524
parm v 0 0 8.2982877820565957 8.2982877820565957
trim 0.49999999999999978 8.2982877820565957 45 0 4.5038422236594524 46 0 7.7982877820565948 47 0 4.5038422236594524 48
end
usemtl diffuse_170_230_123_255
# - trim loop
vp 0.71680875280139555 0
vp 0.70484189475760139 0.13043270865548445
vp 0.66648039245388924 0.26385350967383803
vp 0.59996570849700792 0.3922447408447633
vp 0.50686032991973851 0.50686032991973851
vp 0.3922447408447633 0.59996570849700792
vp 0.26385350967383808 0.66648039245388924
vp 0.13043270865548445 0.70484189475760139
vp 0 0.71680875280139555
vp -0.13043270865548437 0.70484189475760151
vp -0.26385350967383792 0.66648039245388946
vp -0.39224474084476318 0.59996570849700803
vp -0.50686032991973839 0.50686032991973851
vp -0.59996570849700792 0.39224474084476335
vp -0.66648039245388924 0.26385350967383808
vp -0.70484189475760139 0.13043270865548454
vp -0.71680875280139555 0
vp -0.70484189475760151 -0.13043270865548434
vp -0.66648039245388946 -0.26385350967383792
vp -0.59996570849700803 -0.39224474084476318
vp -0.50686032991973851 -0.50686032991973839
vp -0.39224474084476335 -0.59996570849700792
vp -0.26385350967383808 -0.66648039245388924
vp -0.13043270865548454 -0.70484189475760139
vp 0 -0.71680875280139555
vp 0.13043270865548429 -0.70484189475760139
vp 0.2638535096738378 -0.66648039245388924
vp 0.39224474084476307 -0.59996570849700792
vp 0.50686032991973828 -0.50686032991973851
vp 0.59996570849700781 -0.3922447408447633
vp 0.66648039245388913 -0.26385350967383803
vp 0.70484189475760139 -0.13043270865548445
cstype bezier
deg 1
curv2 337 338 339 340 341 342 343 344 345 346 347 348 349 350 351 352 353 354 355 356 357 358 359 360 361 362 363 364 365 366 367 368 337
parm u 0 0.14074506948935789 0.28149013897871578 0.42223520846807366 0.56298027795743155 0.7037253474467895 0.84447041693614733 0.98521548642550516 1.1259605559148631 1.266705625404221 1.407450694893579 1.5481957643829367 1.6889408338722947 1.8296859033616526 1.9704309728510103 2.111176042340368 2.2519211118297262 2.3926661813190844 2.5334112508084421 2.6741563202977998 2.814901389787158 2.9556464592765157 3.0963915287658734 3.2371365982552316 3.3778816677445893 3.518626737233947 3.6593718067233052 3.8001168762126629 3.9408619457020206 4.0816070151913788 4.2223520846807361 4.3630971541700942 4.5038422236594524
end
v -329.56363716706073 3.4717761661867232 -155.44913464478017
v -329.56963036907052 3.4717761661867232 -153.66853193360623
v -331.34423987823465 3.4717761661867232 -155.45512784679002
v -331.35023308024444 3.4717761661867232 -153.67452513561608
cstype bspline
deg 1 1
surf -0.8960109410017445 0.8960109410017445 -0.8960109410017445 0.8960109410017445 121 122 123 124
parm u -0.8960109410017445 -0.8960109410017445 0.8960109410017445 0.8960109410017445
parm v -0.8960109410017445 -0.8960109410017445 0.8960109410017445 0.8960109410017445
trim 0 4.5038422236594524 49
end
# - trim loop
vp 0 0
vp 26.578480228423956 0
cstype bezier
deg 1
curv2 369 370
parm u 0 26.578480228423956
end
vp 26.578480228423956 0
vp 26.578480228423956 0.5
cstype bezier
deg 1
curv2 371 372
parm u 0 0.5
end
vp 26.578480228423956 0.5
vp 0 0.5
cstype bezier
deg 1
curv2 373 374
parm u 0 26.578480228423956
end
vp 0 0.5
vp 0 0
cstype bezier
deg 1
curv2 375 376
parm u 0 0.5
end
v -334.27972633993107 11.220415376641943 -152.81458496018297 1
v -332.53248140991593 11.22041537664194 -148.9917937439046 0.70710678118654757
v -328.70969019363753 11.220415376641943 -150.7390386739197 1
v -324.88689897735918 11.22041537664194 -152.48628360393485 0.70710678118654757
v -326.63414390737427 11.220415376641943 -156.3090748202132 1
v -328.38138883738935 11.22041537664194 -160.13186603649163 0.70710678118654757
v -332.20418005366776 11.220415376641943 -158.38462110647652 1
v -336.02697126994622 11.22041537664194 -156.6373761764614 0.70710678118654757
v -334.27972633993107 11.220415376641943 -152.81458496018297 1
v -334.27972633993107 11.717232077115883 -152.81458496018297 1
v -332.53248140991593 11.717232077115883 -148.9917937439046 0.70710678118654757
v -328.70969019363753 11.717232077115883 -150.7390386739197 1
v -324.88689897735918 11.717232077115883 -152.48628360393485 0.70710678118654757
v -326.63414390737427 11.717232077115883 -156.3090748202132 1
v -328.38138883738935 11.717232077115883 -160.13186603649163 0.70710678118654757
v -332.20418005366776 11.717232077115883 -158.38462110647652 1
v -336.02697126994622 11.717232077115883 -156.6373761764614 0.70710678118654757
v -334.27972633993107 11.717232077115883 -152.81458496018297 1
cstype rat bspline
deg 2 1
surf 0 26.578480228423956 0 0.5 125 126 127 128 129 130 131 132 133 134 135 136 137 138 139 140 141 142
parm u 0 0 0 6.644620057105989 6.644620057105989 13.289240114211978 13.289240114211978 19.933860171317967 19.933860171317967 26.578480228423956 26.578480228423956 26.578480228423956
parm v 0 0 0.5 0.5
trim 0 26.578480228423956 50 0 0.5 51 0 26.578480228423956 52 0 0.5 53
end
# - trim loop
vp 4.2300965082238804 0
vp 4.1594766054567476 0.76972127263437229
vp 3.9330942457116014 1.5570761456133617
vp 3.5405717894050786 2.3147500670605421
vp 2.9911299260386421 2.9911299260386421
vp 2.3147500670605421 3.5405717894050786
vp 1.5570761456133617 3.9330942457116014
vp 0.76972127263437251 4.1594766054567476
vp 0 4.2300965082238804
vp -0.76972127263437207 4.1594766054567476
vp -1.5570761456133613 3.9330942457116014
vp -2.3147500670605421 3.5405717894050786
vp -2.9911299260386421 2.9911299260386421
vp -3.5405717894050786 2.3147500670605421
vp -3.9330942457116014 1.5570761456133619
vp -4.1594766054567476 0.76972127263437262
vp -4.2300965082238804 0
vp -4.1594766054567476 -0.76972127263437196
vp -3.9330942457116014 -1.5570761456133613
vp -3.5405717894050786 -2.3147500670605421
vp -2.9911299260386426 -2.9911299260386421
vp -2.3147500670605425 -3.5405717894050786
vp -1.5570761456133622 -3.9330942457116014
vp -0.76972127263437307 -4.1594766054567476
vp 0 -4.2300965082238804
vp 0.76972127263437151 -4.1594766054567476
vp 1.5570761456133606 -3.9330942457116014
vp 2.3147500670605412 -3.5405717894050786
vp 2.9911299260386413 -2.9911299260386421
vp 3.5405717894050777 -2.3147500670605421
vp 3.9330942457116005 -1.5570761456133617
vp 4.1594766054567476 -0.76972127263437229
cstype bezier
deg 1
curv2 377 378 379 380 381 382 383 384 385 386 387 388 389 390 391 392 393 394 395 396 397 398 399 400 401 402 403 404 405 406 407 408 377
parm u 0 0.83057750713824863 1.6611550142764973 2.4917325214147459 3.3223100285529945 4.1528875356912431 4.9834650428294918 5.8140425499677404 6.644620057105989 7.4751975642442376 8.3057750713824863 9.1363525785207358 9.9669300856589835 10.797507592797231 11.628085099935481 12.45866260707373 13.289240114211978 14.119817621350226 14.950395128488475 15.780972635626725 16.611550142764973 17.44212764990322 18.272705157041472 19.103282664179719 19.933860171317967 20.764437678456215 21.595015185594463 22.425592692732714 23.256170199870962 24.086747707009209 24.917325214147461 25.747902721285708 26.578480228423956
end
# - hole loop
vp 0.30016816712680683 0.650933068399838
vp 0.41360273820559079 0.58544646471008022
vp 0.51869786890271452 0.49473963747457683
vp 0.60743633232517624 0.38057310764691582
vp 0.6725301332357928 0.24802824029238937
vp 0.70908300506197508 0.10495751533344291
vp 0.7157202660710974 -0.039487831388997571
vp 0.69468549656478029 -0.17671120212150951
vp 0.65093306839983001 -0.30016816712679883
vp 0.58544646471007444 -0.41360273820558768
vp 0.49473963747457278 -0.51869786890271596
vp 0.38057310764691299 -0.60743633232518146
vp 0.24802824029238704 -0.67253013323580091
vp 0.10495751533344032 -0.70908300506198474
vp -0.039487831389001124 -0.71572026607110739
vp -0.17671120212151459 -0.69468549656478928
vp -0.30016816712680594 -0.65093306839983711
vp -0.41360273820558935 -0.58544646471008277
vp -0.51869786890271297 -0.49473963747458227
vp -0.60743633232517502 -0.38057310764692315
vp -0.67253013323579258 -0.24802824029239745
vp -0.7090830050619763 -0.10495751533345048
vp -0.7157202660711004 0.039487831388991645
vp -0.69468549656478529 0.17671120212150618
vp -0.65093306839983711 0.30016816712679883
vp -0.58544646471008022 0.41360273820558435
vp -0.49473963747457722 0.51869786890271008
vp -0.3805731076469161 0.60743633232517402
vp -0.24802824029238885 0.6725301332357928
vp -0.10495751533344107 0.70908300506197741
vp 0.039487831389001186 0.71572026607110195
vp 0.1767112021215152 0.69468549656478673
cstype bezier
deg 1
curv2 409 410 411 412 413 414 415 416 417 418 419 420 421 422 423 424 425 426 427 428 429 430 431 432 433 434 435 436 437 438 439 440 409
parm u 0 0.14074506948935789 0.28149013897871578 0.42223520846807366 0.56298027795743155 0.7037253474467895 0.84447041693614733 0.98521548642550516 1.1259605559148631 1.266705625404221 1.407450694893579 1.5481957643829367 1.6889408338722947 1.8296859033616526 1.9704309728510103 2.111176042340368 2.2519211118297262 2.3926661813190844 2.5334112508084421 2.6741563202977998 2.814901389787158 2.9556464592765157 3.0963915287658734 3.2371365982552316 3.3778816677445893 3.518626737233947 3.6593718067233052 3.8001168762126629 3.9408619457020206 4.0816070151913788 4.2223520846807361 4.3630971541700942 4.5038422236594524
end
v -327.86250226582354 11.220415376641943 -161.52437507306507
v -337.41948030651952 11.220415376641943 -157.15626274802727
v -323.49438994078571 11.220415376641943 -151.96739703236901
v -333.05136798148169 11.220415376641943 -147.59928470733121
cstype bspline
deg 1 1
surf -5.2876206352798505 5.2876206352798505 -5.2876206352798505 5.2876206352798505 143 144 145 146
parm u -5.2876206352798505 -5.2876206352798505 5.2876206352798505 5.2876206352798505
parm v -5.2876206352798505 -5.2876206352798505 5.2876206352798505 5.2876206352798505
trim 0 26.578480228423956 54
hole 0 4.5038422236594524 55
end
# - trim loop
vp 4.2300965082238804 0
vp 4.1594766054567476 0.76972127263437229
vp 3.9330942457116014 1.5570761456133617
vp 3.5405717894050786 2.3147500670605421
vp 2.9911299260386421 2.9911299260386421
vp 2.3147500670605421 3.5405717894050786
vp 1.5570761456133617 3.9330942457116014
vp 0.76972127263437251 4.1594766054567476
vp 0 4.2300965082238804
vp -0.76972127263437207 4.1594766054567476
vp -1.5570761456133613 3.9330942457116014
vp -2.3147500670605421 3.5405717894050786
vp -2.9911299260386421 2.9911299260386421
vp -3.5405717894050786 2.3147500670605421
vp -3.9330942457116014 1.5570761456133619
vp -4.1594766054567476 0.76972127263437262
vp -4.2300965082238804 0
vp -4.1594766054567476 -0.76972127263437196
vp -3.9330942457116014 -1.5570761456133613
vp -3.5405717894050786 -2.3147500670605421
vp -2.9911299260386426 -2.9911299260386421
vp -2.3147500670605425 -3.5405717894050786
vp -1.5570761456133622 -3.9330942457116014
vp -0.76972127263437307 -4.1594766054567476
vp 0 -4.2300965082238804
vp 0.76972127263437151 -4.1594766054567476
vp 1.5570761456133606 -3.9330942457116014
vp 2.3147500670605412 -3.5405717894050786
vp 2.9911299260386413 -2.9911299260386421
vp 3.5405717894050777 -2.3147500670605421
vp 3.9330942457116005 -1.5570761456133617
vp 4.1594766054567476 -0.76972127263437229
cstype bezier
deg 1
curv2 441 442 443 444 445 446 447 448 449 450 451 452 453 454 455 456 457 458 459 460 461 462 463 464 465 466 467 468 469 470 471 472 441
parm u 0 0.83057750713824863 1.6611550142764973 2.4917325214147459 3.3223100285529945 4.1528875356912431 4.9834650428294918 5.8140425499677404 6.644620057105989 7.4751975642442376 8.3057750713824863 9.1363525785207358 9.9669300856589835 10.797507592797231 11.628085099935481 12.45866260707373 13.289240114211978 14.119817621350226 14.950395128488475 15.780972635626725 16.611550142764973 17.44212764990322 18.272705157041472 19.103282664179719 19.933860171317967 20.764437678456215 21.595015185594463 22.425592692732714 23.256170199870962 24.086747707009209 24.917325214147461 25.747902721285708 26.578480228423956
end
v -327.86250226582354 11.717232077115883 -161.52437507306507
v -337.41948030651952 11.717232077115883 -157.15626274802727
v -323.49438994078571 11.717232077115883 -151.96739703236901
v -333.05136798148169 11.717232077115883 -147.59928470733121
cstype bspline
deg 1 1
surf -5.2876206352798505 5.2876206352798505 -5.2876206352798505 5.2876206352798505 147 148 149 150
parm u -5.2876206352798505 -5.2876206352798505 5.2876206352798505 5.2876206352798505
parm v -5.2876206352798505 -5.2876206352798505 5.2876206352798505 5.2876206352798505
trim 0 26.578480228423956 56
end
# - trim loop
vp 4.5038422236594524 0.49999999999999972
vp 4.5038422236594524 8.2982877820565957
cstype bezier
deg 1
curv2 473 474
parm u 0.49999999999999978 8.2982877820565957
end
vp 4.5038422236594524 8.2982877820565957
vp 0 8.2982877820565957
cstype bezier
deg 1
curv2 475 476
parm u 0 4.5038422236594524
end
vp 0 8.2982877820565957
vp 0 0.50000000000000089
cstype bezier
deg 1
curv2 477 478
parm u 0 7.7982877820565948
end
vp 0 0.50000000000000089
vp 4.5038422236594524 0.49999999999999972
cstype bezier
deg 1
curv2 479 480
parm u 0 4.5038422236594524
end
v -330.45933240445657 11.717232077115883 -153.8495888057285 1
v -331.17157348892613 11.717232077115883 -153.85198608653252 0.70710678118654757
v -331.16917620812222 11.717232077115883 -154.56422717100202 1
v -331.16677892731826 11.717232077115883 -155.27646825547163 0.70710678118654757
v -330.45453784284865 11.717232077115883 -155.27407097466767 1
v -329.74229675837921 11.717232077115883 -155.27167369386376 0.70710678118654757
v -329.74469403918306 11.717232077115883 -154.55943260939415 1
v -329.74709131998702 11.717232077115883 -153.84719152492463 0.70710678118654757
v -330.45933240445657 11.717232077115883 -153.8495888057285 1
v -330.45933240445657 3.4717761661867232 -153.8495888057285 1
v -331.17157348892613 3.4717761661867237 -153.85198608653252 0.70710678118654757
v -331.16917620812222 3.4717761661867232 -154.56422717100202 1
v -331.16677892731826 3.4717761661867237 -155.27646825547163 0.70710678118654757
v -330.45453784284865 3.4717761661867232 -155.27407097466767 1
v -329.74229675837921 3.4717761661867237 -155.27167369386376 0.70710678118654757
v -329.74469403918306 3.4717761661867232 -154.55943260939415 1
v -329.74709131998702 3.4717761661867237 -153.84719152492463 0.70710678118654757
v -330.45933240445657 3.4717761661867232 -153.8495888057285 1
cstype rat bspline
deg 2 1
surf 0 4.5038422236594524 0 8.2982877820565957 151 152 153 154 155 156 157 158 159 160 161 162 163 164 165 166 167 168
parm u 0 0 0 1.1259605559148631 1.1259605559148631 2.2519211118297262 2.2519211118297262 3.3778816677445893 3.3778816677445893 4.5038422236594524 4.5038422236594524 4.5038422236594524
parm v 0 0 8.2982877820565957 8.2982877820565957
trim 0.49999999999999978 8.2982877820565957 57 0 4.5038422236594524 58 0 7.7982877820565948 59 0 4.5038422236594524 60
end
usemtl diffuse_170_230_123_255
# - trim loop
vp 0.71680875280139555 0
vp 0.70484189475760139 0.13043270865548445
vp 0.66648039245388924 0.26385350967383803
vp 0.59996570849700792 0.3922447408447633
vp 0.50686032991973851 0.50686032991973851
vp 0.3922447408447633 0.59996570849700792
vp 0.26385350967383808 0.66648039245388924
vp 0.13043270865548445 0.70484189475760139
vp 0 0.71680875280139555
vp -0.13043270865548437 0.70484189475760151
vp -0.26385350967383792 0.66648039245388946
vp -0.39224474084476318 0.59996570849700803
vp -0.50686032991973839 0.50686032991973851
vp -0.59996570849700792 0.39224474084476335
vp -0.66648039245388924 0.26385350967383808
vp -0.70484189475760139 0.13043270865548454
vp -0.71680875280139555 0
vp -0.70484189475760151 -0.13043270865548434
vp -0.66648039245388946 -0.26385350967383792
vp -0.59996570849700803 -0.39224474084476318
vp -0.50686032991973851 -0.50686032991973839
vp -0.39224474084476335 -0.59996570849700792
vp -0.26385350967383808 -0.66648039245388924
vp -0.13043270865548454 -0.70484189475760139
vp 0 -0.71680875280139555
vp 0.13043270865548429 -0.70484189475760139
vp 0.2638535096738378 -0.66648039245388924
vp 0.39224474084476307 -0.59996570849700792
vp 0.50686032991973828 -0.50686032991973851
vp 0.59996570849700781 -0.3922447408447633
vp 0.66648039245388913 -0.26385350967383803
vp 0.70484189475760139 -0.13043270865548445
cstype bezier
deg 1
curv2 481 482 483 484 485 486 487 488 489 490 491 492 493 494 495 496 497 498 499 500 501 502 503 504 505 506 507 508 509 510 511 512 481
parm u 0 0.14074506948935789 0.28149013897871578 0.42223520846807366 0.56298027795743155 0.7037253474467895 0.84447041693614733 0.98521548642550516 1.1259605559148631 1.266705625404221 1.407450694893579 1.5481957643829367 1.6889408338722947 1.8296859033616526 1.9704309728510103 2.111176042340368 2.2519211118297262 2.3926661813190844 2.5334112508084421 2.6741563202977998 2.814901389787158 2.9556464592765157 3.0963915287658734 3.2371365982552316 3.3778816677445893 3.518626737233947 3.6593718067233052 3.8001168762126629 3.9408619457020206 4.0816070151913788 4.2223520846807361 4.3630971541700942 4.5038422236594524
end
v -326.7998531308952 3.4717761661867232 -148.18044381649028
v -326.80584633290499 3.4717761661867232 -146.39984110531634
v -328.58045584206911 3.4717761661867232 -148.18643701850013
v -328.5864490440789 3.4717761661867232 -146.40583430732619
cstype bspline
deg 1 1
surf -0.8960109410017445 0.8960109410017445 -0.8960109410017445 0.8960109410017445 169 170 171 172
parm u -0.8960109410017445 -0.8960109410017445 0.8960109410017445 0.8960109410017445
parm v -0.8960109410017445 -0.8960109410017445 0.8960109410017445 0.8960109410017445
trim 0 4.5038422236594524 61
end
# - trim loop
vp 0 0
vp 26.578480228423956 0
cstype bezier
deg 1
curv2 513 514
parm u 0 26.578480228423956
end
vp 26.578480228423956 0
vp 26.578480228423956 0.5
cstype bezier
deg 1
curv2 515 516
parm u 0 0.5
end
vp 26.578480228423956 0.5
vp 0 0.5
cstype bezier
deg 1
curv2 517 518
parm u 0 26.578480228423956
end
vp 0 0.5
vp 0 0
cstype bezier
deg 1
curv2 519 520
parm u 0 0.5
end
v -331.51594230376554 11.220415376641943 -145.54589413189308 1
v -329.7686973737504 11.22041537664194 -141.7231029156147 0.70710678118654757
v -325.945906157472 11.220415376641943 -143.47034784562982 1
v -322.12311494119365 11.22041537664194 -145.21759277564496 0.70710678118654757
v -323.87035987120873 11.220415376641943 -149.0403839919233 1
v -325.61760480122388 11.22041537664194 -152.86317520820174 0.70710678118654757
v -329.44039601750222 11.220415376641943 -151.11593027818662 1
v -333.26318723378068 11.22041537664194 -149.36868534817148 0.70710678118654757
v -331.51594230376554 11.220415376641943 -145.54589413189308 1
v -331.51594230376554 11.717232077115883 -145.54589413189308 1
v -329.7686973737504 11.717232077115883 -141.7231029156147 0.70710678118654757
v -325.945906157472 11.717232077115883 -143.47034784562982 1
v -322.12311494119365 11.717232077115883 -145.21759277564496 0.70710678118654757
v -323.87035987120873 11.717232077115883 -149.0403839919233 1
v -325.61760480122388 11.717232077115883 -152.86317520820174 0.70710678118654757
v -329.44039601750222 11.717232077115883 -151.11593027818662 1
v -333.26318723378068 11.717232077115883 -149.36868534817148 0.70710678118654757
v -331.51594230376554 11.717232077115883 -145.54589413189308 1
cstype rat bspline
deg 2 1
surf 0 26.578480228423956 0 0.5 173 174 175 176 177 178 179 180 181 182 183 184 185 186 187 188 189 190
parm u 0 0 0 6.644620057105989 6.644620057105989 13.289240114211978 13.289240114211978 19.933860171317967 19.933860171317967 26.578480228423956 26.578480228423956 26.578480228423956
parm v 0 0 0.5 0.5
trim 0 26.578480228423956 62 0 0.5 63 0 26.578480228423956 64 0 0.5 65
end
# - trim loop
vp 4.2300965082238804 0
vp 4.1594766054567476 0.76972127263437229
vp 3.9330942457116014 1.5570761456133617
vp 3.5405717894050786 2.3147500670605421
vp 2.9911299260386421 2.9911299260386421
vp 2.3147500670605421 3.5405717894050786
vp 1.5570761456133617 3.9330942457116014
vp 0.76972127263437251 4.1594766054567476
vp 0 4.2300965082238804
vp -0.76972127263437207 4.1594766054567476
vp -1.5570761456133613 3.9330942457116014
vp -2.3147500670605421 3.5405717894050786
vp -2.9911299260386421 2.9911299260386421
vp -3.5405717894050786 2.3147500670605421
vp -3.9330942457116014 1.5570761456133619
vp -4.1594766054567476 0.76972127263437262
vp -4.2300965082238804 0
vp -4.1594766054567476 -0.76972127263437196
vp -3.9330942457116014 -1.5570761456133613
vp -3.5405717894050786 -2.3147500670605421
vp -2.9911299260386426 -2.9911299260386421
vp -2.3147500670605425 -3.5405717894050786
vp -1.5570761456133622 -3.9330942457116014
vp -0.76972127263437307 -4.1594766054567476
vp 0 -4.2300965082238804
vp 0.76972127263437151 -4.1594766054567476
vp 1.5570761456133606 -3.9330942457116014
vp 2.3147500670605412 -3.5405717894050786
vp 2.9911299260386413 -2.9911299260386421
vp 3.5405717894050777 -2.3147500670605421
vp 3.9330942457116005 -1.5570761456133617
vp 4.1594766054567476 -0.76972127263437229
cstype bezier
deg 1
curv2 521 522 523 524 525 526 527 528 529 530 531 532 533 534 535 536 537 538 539 540 541 542 543 544 545 546 547 548 549 550 551 552 521
parm u 0 0.83057750713824863 1.6611550142764973 2.4917325214147459 3.3223100285529945 4.1528875356912431 4.9834650428294918 5.8140425499677404 6.644620057105989 7.4751975642442376 8.3057750713824863 9.1363525785207358 9.9669300856589835 10.797507592797231 11.628085099935481 12.45866260707373 13.289240114211978 14.119817621350226 14.950395128488475 15.780972635626725 16.611550142764973 17.44212764990322 18.272705157041472 19.103282664179719 19.933860171317967 20.764437678456215 21.595015185594463 22.425592692732714 23.256170199870962 24.086747707009209 24.917325214147461 25.747902721285708 26.578480228423956
end
# - hole loop
vp 0.30016816712680683 0.650933068399838
vp 0.41360273820559079 0.58544646471008022
vp 0.51869786890271452 0.49473963747457683
vp 0.60743633232517624 0.38057310764691582
vp 0.6725301332357928 0.24802824029238937
vp 0.70908300506197508 0.10495751533344291
vp 0.7157202660710974 -0.039487831388997571
vp 0.69468549656478029 -0.17671120212150951
vp 0.65093306839983001 -0.30016816712679883
vp 0.58544646471007444 -0.41360273820558768
vp 0.49473963747457278 -0.51869786890271596
vp 0.38057310764691299 -0.60743633232518146
vp 0.24802824029238704 -0.67253013323580091
vp 0.10495751533344032 -0.70908300506198474
vp -0.039487831389001124 -0.71572026607110739
vp -0.17671120212151459 -0.69468549656478928
vp -0.30016816712680594 -0.65093306839983711
vp -0.41360273820558935 -0.58544646471008277
vp -0.51869786890271297 -0.49473963747458227
vp -0.60743633232517502 -0.38057310764692315
vp -0.67253013323579258 -0.24802824029239745
vp -0.7090830050619763 -0.10495751533345048
vp -0.7157202660711004 0.039487831388991645
vp -0.69468549656478529 0.17671120212150618
vp -0.65093306839983711 0.30016816712679883
vp -0.58544646471008022 0.41360273820558435
vp -0.49473963747457722 0.51869786890271008
vp -0.3805731076469161 0.60743633232517402
vp -0.24802824029238885 0.6725301332357928
vp -0.10495751533344107 0.70908300506197741
vp 0.039487831389001186 0.71572026607110195
vp 0.1767112021215152 0.69468549656478673
cstype bezier
deg 1
curv2 553 554 555 556 557 558 559 560 561 562 563 564 565 566 567 568 569 570 571 572 573 574 575 576 577 578 579 580 581 582 583 584 553
parm u 0 0.14074506948935789 0.28149013897871578 0.42223520846807366 0.56298027795743155 0.7037253474467895 0.84447041693614733 0.98521548642550516 1.1259605559148631 1.266705625404221 1.407450694893579 1.5481957643829367 1.6889408338722947 1.8296859033616526 1.9704309728510103 2.111176042340368 2.2519211118297262 2.3926661813190844 2.5334112508084421 2.6741563202977998 2.814901389787158 2.9556464592765157 3.0963915287658734 3.2371365982552316 3.3778816677445893 3.518626737233947 3.6593718067233052 3.8001168762126629 3.9408619457020206 4.0816070151913788 4.2223520846807361 4.3630971541700942 4.5038422236594524
end
v -325.098718229658 11.220415376641943 -154.25568424477518
v -334.65569627035399 11.220415376641943 -149.88757191973738
v -320.73060590462018 11.220415376641943 -144.69870620407912
v -330.28758394531616 11.220415376641943 -140.33059387904132
cstype bspline
deg 1 1
surf -5.2876206352798505 5.2876206352798505 -5.2876206352798505 5.2876206352798505 191 192 193 194
parm u -5.2876206352798505 -5.2876206352798505 5.2876206352798505 5.2876206352798505
parm v -5.2876206352798505 -5.2876206352798505 5.2876206352798505 5.2876206352798505
trim 0 26.578480228423956 66
hole 0 4.5038422236594524 67
end
# - trim loop
vp 4.2300965082238804 0
vp 4.1594766054567476 0.76972127263437229
vp 3.9330942457116014 1.5570761456133617
vp 3.5405717894050786 2.3147500670605421
vp 2.9911299260386421 2.9911299260386421
vp 2.3147500670605421 3.5405717894050786
vp 1.5570761456133617 3.9330942457116014
vp 0.76972127263437251 4.1594766054567476
vp 0 4.2300965082238804
vp -0.76972127263437207 4.1594766054567476
vp -1.5570761456133613 3.9330942457116014
vp -2.3147500670605421 3.5405717894050786
vp -2.9911299260386421 2.9911299260386421
vp -3.5405717894050786 2.3147500670605421
vp -3.9330942457116014 1.5570761456133619
vp -4.1594766054567476 0.76972127263437262
vp -4.2300965082238804 0
vp -4.1594766054567476 -0.76972127263437196
vp -3.9330942457116014 -1.5570761456133613
vp -3.5405717894050786 -2.3147500670605421
vp -2.9911299260386426 -2.9911299260386421
vp -2.3147500670605425 -3.5405717894050786
vp -1.5570761456133622 -3.9330942457116014
vp -0.76972127263437307 -4.1594766054567476
vp 0 -4.2300965082238804
vp 0.76972127263437151 -4.1594766054567476
vp 1.5570761456133606 -3.9330942457116014
vp 2.3147500670605412 -3.5405717894050786
vp 2.9911299260386413 -2.9911299260386421
vp 3.5405717894050777 -2.3147500670605421
vp 3.9330942457116005 -1.5570761456133617
vp 4.1594766054567476 -0.76972127263437229
cstype bezier
deg 1
curv2 585 586 587 588 589 590 591 592 593 594 595 596 597 598 599 600 601 602 603 604 605 606 607 608 609 610 611 612 613 614 615 616 585
parm u 0 0.83057750713824863 1.6611550142764973 2.4917325214147459 3.3223100285529945 4.1528875356912431 4.9834650428294918 5.8140425499677404 6.644620057105989 7.4751975642442376 8.3057750713824863 9.1363525785207358 9.9669300856589835 10.797507592797231 11.628085099935481 12.45866260707373 13.289240114211978 14.119817621350226 14.950395128488475 15.780972635626725 16.611550142764973 17.44212764990322 18.272705157041472 19.103282664179719 19.933860171317967 20.764437678456215 21.595015185594463 22.425592692732714 23.256170199870962 24.086747707009209 24.917325214147461 25.747902721285708 26.578480228423956
end
v -325.098718229658 11.717232077115883 -154.25568424477518
v -334.65569627035399 11.717232077115883 -149.88757191973738
v -320.73060590462018 11.717232077115883 -144.69870620407912
v -330.28758394531616 11.717232077115883 -140.33059387904132
cstype bspline
deg 1 1
surf -5.2876206352798505 5.2876206352798505 -5.2876206352798505 5.2876206352798505 195 196 197 198
parm u -5.2876206352798505 -5.2876206352798505 5.2876206352798505 5.2876206352798505
parm v -5.2876206352798505 -5.2876206352798505 5.2876206352798505 5.2876206352798505
trim 0 26.578480228423956 68
end
# - trim loop
vp 4.5038422236594524 0.49999999999999972
vp 4.5038422236594524 8.2982877820565957
cstype bezier
deg 1
curv2 617 618
parm u 0.49999999999999978 8.2982877820565957
end
vp 4.5038422236594524 8.2982877820565957
vp 0 8.2982877820565957
cstype bezier
deg 1
curv2 619 620
parm u 0 4.5038422236594524
end
vp 0 8.2982877820565957
vp 0 0.50000000000000089
cstype bezier
deg 1
curv2 621 622
parm u 0 7.7982877820565948
end
vp 0 0.50000000000000089
vp 4.5038422236594524 0.49999999999999972
cstype bezier
deg 1
curv2 623 624
parm u 0 4.5038422236594524
end
v -327.69554836829104 11.717232077115883 -146.5808979774386 1
v -328.4077894527606 11.717232077115883 -146.58329525824263 0.70710678118654757
v -328.40539217195669 11.717232077115883 -147.29553634271213 1
v -328.40299489115279 11.717232077115883 -148.00777742718174 0.70710678118654757
v -327.69075380668312 11.717232077115883 -148.00538014637777 1
v -326.97851272221368 11.717232077115883 -148.00298286557387 0.70710678118654757
v -326.98091000301753 11.717232077115883 -147.29074178110426 1
v -326.98330728382149 11.717232077115883 -146.57850069663473 0.70710678118654757
v -327.69554836829104 11.717232077115883 -146.5808979774386 1
v -327.69554836829104 3.4717761661867232 -146.5808979774386 1
v -328.4077894527606 3.4717761661867237 -146.58329525824263 0.70710678118654757
v -328.40539217195669 3.4717761661867232 -147.29553634271213 1
v -328.40299489115279 3.4717761661867237 -148.00777742718174 0.70710678118654757
v -327.69075380668312 3.4717761661867232 -148.00538014637777 1
v -326.97851272221368 3.4717761661867237 -148.00298286557387 0.70710678118654757
v -326.98091000301753 3.4717761661867232 -147.29074178110426 1
v -326.98330728382149 3.4717761661867237 -146.57850069663473 0.70710678118654757
v -327.69554836829104 3.4717761661867232 -146.5808979774386 1
cstype rat bspline
deg 2 1
surf 0 4.5038422236594524 0 8.2982877820565957 199 200 201 202 203 204 205 206 207 208 209 210 211 212 213 214 215 216
parm u 0 0 0 1.1259605559148631 1.1259605559148631 2.2519211118297262 2.2519211118297262 3.3778816677445893 3.3778816677445893 4.5038422236594524 4.5038422236594524 4.5038422236594524
parm v 0 0 8.2982877820565957 8.2982877820565957
trim 0.49999999999999978 8.2982877820565957 69 0 4.5038422236594524 70 0 7.7982877820565948 71 0 4.5038422236594524 72
end
usemtl diffuse_170_230_123_255
# - trim loop
vp 0.71680875280139555 0
vp 0.70484189475760139 0.13043270865548445
vp 0.66648039245388924 0.26385350967383803
vp 0.59996570849700792 0.3922447408447633
vp 0.50686032991973851 0.50686032991973851
vp 0.3922447408447633 0.59996570849700792
vp 0.26385350967383808 0.66648039245388924
vp 0.13043270865548445 0.70484189475760139
vp 0 0.71680875280139555
vp -0.13043270865548437 0.70484189475760151
vp -0.26385350967383792 0.66648039245388946
vp -0.39224474084476318 0.59996570849700803
vp -0.50686032991973839 0.50686032991973851
vp -0.59996570849700792 0.39224474084476335
vp -0.66648039245388924 0.26385350967383808
vp -0.70484189475760139 0.13043270865548454
vp -0.71680875280139555 0
vp -0.70484189475760151 -0.13043270865548434
vp -0.66648039245388946 -0.26385350967383792
vp -0.59996570849700803 -0.39224474084476318
vp -0.50686032991973851 -0.50686032991973839
vp -0.39224474084476335 -0.59996570849700792
vp -0.26385350967383808 -0.66648039245388924
vp -0.13043270865548454 -0.70484189475760139
vp 0 -0.71680875280139555
vp 0.13043270865548429 -0.70484189475760139
vp 0.2638535096738378 -0.66648039245388924
vp 0.39224474084476307 -0.59996570849700792
vp 0.50686032991973828 -0.50686032991973851
vp 0.59996570849700781 -0.3922447408447633
vp 0.66648039245388913 -0.26385350967383803
vp 0.70484189475760139 -0.13043270865548445
cstype bezier
deg 1
curv2 625 626 627 628 629 630 631 632 633 634 635 636 637 638 639 640 641 642 643 644 645 646 647 648 649 650 651 652 653 654 655 656 625
parm u 0 0.14074506948935789 0.28149013897871578 0.42223520846807366 0.56298027795743155 0.7037253474467895 0.84447041693614733 0.98521548642550516 1.1259605559148631 1.266705625404221 1.407450694893579 1.5481957643829367 1.6889408338722947 1.8296859033616526 1.9704309728510103 2.111176042340368 2.2519211118297262 2.3926661813190844 2.5334112508084421 2.6741563202977998 2.814901389787158 2.9556464592765157 3.0963915287658734 3.2371365982552316 3.3778816677445893 3.518626737233947 3.6593718067233052 3.8001168762126629 3.9408619457020206 4.0816070151913788 4.2223520846807361 4.3630971541700942 4.5038422236594524
end
v -316.26757286707726 3.4717761661867232 -98.298180132206539
v -316.27356606908705 3.4717761661867232 -96.517577421032627
v -318.04817557825118 3.4717761661867232 -98.304173334216358
v -318.05416878026097 3.4717761661867232 -96.523570623042446
cstype bspline
deg 1 1
surf -0.8960109410017445 0.8960109410017445 -0.8960109410017445 0.8960109410017445 217 218 219 220
parm u -0.8960109410017445 -0.8960109410017445 0.8960109410017445 0.8960109410017445
parm v -0.8960109410017445 -0.8960109410017445 0.8960109410017445 0.8960109410017445
trim 0 4.5038422236594524 73
end
# - trim loop
vp 0 0
vp 26.578480228423956 0
cstype bezier
deg 1
curv2 657 658
parm u 0 26.578480228423956
end
vp 26.578480228423956 0
vp 26.578480228423956 0.5
cstype bezier
deg 1
curv2 659 660
parm u 0 0.5
end
vp 26.578480228423956 0.5
vp 0 0.5
cstype bezier
deg 1
curv2 661 662
parm u 0 26.578480228423956
end
vp 0 0.5
vp 0 0
cstype bezier
deg 1
curv2 663 664
parm u 0 0.5
end
v -320.9836620399476 11.220415376641943 -95.66363044760936 1
v -319.23641710993246 11.22041537664194 -91.84083923133099 0.70710678118654757
v -315.41362589365406 11.220415376641943 -93.58808416134607 1
v -311.59083467737571 11.22041537664194 -95.33532909136123 0.70710678118654757
v -313.3380796073908 11.220415376641943 -99.15812030763959 1
v -315.08532453740594 11.22041537664194 -102.98091152391802 0.70710678118654757
v -318.90811575368429 11.220415376641943 -101.23366659390291 1
v -322.73090696996275 11.22041537664194 -99.48642166388777 0.70710678118654757
v -320.9836620399476 11.220415376641943 -95.66363044760936 1
v -320.9836620399476 11.717232077115883 -95.66363044760936 1
v -319.23641710993246 11.717232077115883 -91.84083923133099 0.70710678118654757
v -315.41362589365406 11.717232077115883 -93.58808416134607 1
v -311.59083467737571 11.717232077115883 -95.33532909136123 0.70710678118654757
v -313.3380796073908 11.717232077115883 -99.15812030763959 1
v -315.08532453740594 11.717232077115883 -102.98091152391802 0.70710678118654757
v -318.90811575368429 11.717232077115883 -101.23366659390291 1
v -322.73090696996275 11.717232077115883 -99.48642166388777 0.70710678118654757
v -320.9836620399476 11.717232077115883 -95.66363044760936 1
cstype rat bspline
deg 2 1
surf 0 26.578480228423956 0 0.5 221 222 223 224 225 226 227 228 229 230 231 232 233 234 235 236 237 238
parm u 0 0 0 6.644620057105989 6.644620057105989 13.289240114211978 13.289240114211978 19.933860171317967 19.933860171317967 26.578480228423956 26.578480228423956 26.578480228423956
parm v 0 0 0.5 0.5
trim 0 26.578480228423956 74 0 0.5 75 0 26.578480228423956 76 0 0.5 77
end
# - trim loop
vp 4.2300965082238804 0
vp 4.1594766054567476 0.76972127263437229
vp 3.9330942457116014 1.5570761456133617
vp 3.5405717894050786 2.3147500670605421
vp 2.9911299260386421 2.9911299260386421
vp 2.3147500670605421 3.5405717894050786
vp 1.5570761456133617 3.9330942457116014
vp 0.76972127263437251 4.1594766054567476
vp 0 4.2300965082238804
vp -0.76972127263437207 4.1594766054567476
vp -1.5570761456133613 3.9330942457116014
vp -2.3147500670605421 3.5405717894050786
vp -2.9911299260386421 2.9911299260386421
vp -3.5405717894050786 2.3147500670605421
vp -3.9330942457116014 1.5570761456133619
vp -4.1594766054567476 0.76972127263437262
vp -4.2300965082238804 0
vp -4.1594766054567476 -0.76972127263437196
vp -3.9330942457116014 -1.5570761456133613
vp -3.5405717894050786 -2.3147500670605421
vp -2.9911299260386426 -2.9911299260386421
vp -2.3147500670605425 -3.5405717894050786
vp -1.5570761456133622 -3.9330942457116014
vp -0.76972127263437307 -4.1594766054567476
vp 0 -4.2300965082238804
vp 0.76972127263437151 -4.1594766054567476
vp 1.5570761456133606 -3.9330942457116014
vp 2.3147500670605412 -3.5405717894050786
vp 2.9911299260386413 -2.9911299260386421
vp 3.5405717894050777 -2.3147500670605421
vp 3.9330942457116005 -1.5570761456133617
vp 4.1594766054567476 -0.76972127263437229
cstype bezier
deg 1
curv2 665 666 667 668 669 670 671 672 673 674 675 676 677 678 679 680 681 682 683 684 685 686 687 688 689 690 691 692 693 694 695 696 665
parm u 0 0.83057750713824863 1.6611550142764973 2.4917325214147459 3.3223100285529945 4.1528875356912431 4.9834650428294918 5.8140425499677404 6.644620057105989 7.4751975642442376 8.3057750713824863 9.1363525785207358 9.9669300856589835 10.797507592797231 11.628085099935481 12.45866260707373 13.289240114211978 14.119817621350226 14.950395128488475 15.780972635626725 16.611550142764973 17.44212764990322 18.272705157041472 19.103282664179719 19.933860171317967 20.764437678456215 21.595015185594463 22.425592692732714 23.256170199870962 24.086747707009209 24.917325214147461 25.747902721285708 26.578480228423956
end
# - hole loop
vp 0.30016816712680683 0.650933068399838
vp 0.41360273820559079 0.58544646471008022
vp 0.51869786890271452 0.49473963747457683
vp 0.60743633232517624 0.38057310764691582
vp 0.6725301332357928 0.24802824029238937
vp 0.70908300506197508 0.10495751533344291
vp 0.7157202660710974 -0.039487831388997571
vp 0.69468549656478029 -0.17671120212150951
vp 0.65093306839983001 -0.30016816712679883
vp 0.58544646471007444 -0.41360273820558768
vp 0.49473963747457278 -0.51869786890271596
vp 0.38057310764691299 -0.60743633232518146
vp 0.24802824029238704 -0.67253013323580091
vp 0.10495751533344032 -0.70908300506198474
vp -0.039487831389001124 -0.71572026607110739
vp -0.17671120212151459 -0.69468549656478928
vp -0.30016816712680594 -0.65093306839983711
vp -0.41360273820558935 -0.58544646471008277
vp -0.51869786890271297 -0.49473963747458227
vp -0.60743633232517502 -0.38057310764692315
vp -0.67253013323579258 -0.24802824029239745
vp -0.7090830050619763 -0.10495751533345048
vp -0.7157202660711004 0.039487831388991645
vp -0.69468549656478529 0.17671120212150618
vp -0.65093306839983711 0.30016816712679883
vp -0.58544646471008022 0.41360273820558435
vp -0.49473963747457722 0.51869786890271008
vp -0.3805731076469161 0.60743633232517402
vp -0.24802824029238885 0.6725301332357928
vp -0.10495751533344107 0.70908300506197741
vp 0.039487831389001186 0.71572026607110195
vp 0.1767112021215152 0.69468549656478673
cstype bezier
deg 1
curv2 697 698 699 700 701 702 703 704 705 706 707 708 709 710 711 712 713 714 715 716 717 718 719 720 721 722 723 724 725 726 727 728 697
parm u 0 0.14074506948935789 0.28149013897871578 0.42223520846807366 0.56298027795743155 0.7037253474467895 0.84447041693614733 0.98521548642550516 1.1259605559148631 1.266705625404221 1.407450694893579 1.5481957643829367 1.6889408338722947 1.8296859033616526 1.9704309728510103 2.111176042340368 2.2519211118297262 2.3926661813190844 2.5334112508084421 2.6741563202977998 2.814901389787158 2.9556464592765157 3.0963915287658734 3.2371365982552316 3.3778816677445893 3.518626737233947 3.6593718067233052 3.8001168762126629 3.9408619457020206 4.0816070151913788 4.2223520846807361 4.3630971541700942 4.5038422236594524
end
v -314.56643796584007 11.220415376641943 -104.37342056049144
v -324.12341600653605 11.220415376641943 -100.00530823545364
v -310.19832564080224 11.220415376641943 -94.816442519795388
v -319.75530368149822 11.220415376641943 -90.448330194757574
cstype bspline
deg 1 1
surf -5.2876206352798505 5.2876206352798505 -5.2876206352798505 5.2876206352798505 239 240 241 242
parm u -5.2876206352798505 -5.2876206352798505 5.2876206352798505 5.2876206352798505
parm v -5.2876206352798505 -5.2876206352798505 5.2876206352798505 5.2876206352798505
trim 0 26.578480228423956 78
hole 0 4.5038422236594524 79
end
# - trim loop
vp 4.2300965082238804 0
vp 4.1594766054567476 0.76972127263437229
vp 3.9330942457116014 1.5570761456133617
vp 3.5405717894050786 2.3147500670605421
vp 2.9911299260386421 2.9911299260386421
vp 2.3147500670605421 3.5405717894050786
vp 1.5570761456133617 3.9330942457116014
vp 0.76972127263437251 4.1594766054567476
vp 0 4.2300965082238804
vp -0.76972127263437207 4.1594766054567476
vp -1.5570761456133613 3.9330942457116014
vp -2.3147500670605421 3.5405717894050786
vp -2.9911299260386421 2.9911299260386421
vp -3.5405717894050786 2.3147500670605421
vp -3.9330942457116014 1.5570761456133619
vp -4.1594766054567476 0.76972127263437262
vp -4.2300965082238804 0
vp -4.1594766054567476 -0.76972127263437196
vp -3.9330942457116014 -1.5570761456133613
vp -3.5405717894050786 -2.3147500670605421
vp -2.9911299260386426 -2.9911299260386421
vp -2.3147500670605425 -3.5405717894050786
vp -1.5570761456133622 -3.9330942457116014
vp -0.76972127263437307 -4.1594766054567476
vp 0 -4.2300965082238804
vp 0.76972127263437151 -4.1594766054567476
vp 1.5570761456133606 -3.9330942457116014
vp 2.3147500670605412 -3.5405717894050786
vp 2.9911299260386413 -2.9911299260386421
vp 3.5405717894050777 -2.3147500670605421
vp 3.9330942457116005 -1.5570761456133617
vp 4.1594766054567476 -0.76972127263437229
cstype bezier
deg 1
curv2 729 730 731 732 733 734 735 736 737 738 739 740 741 742 743 744 745 746 747 748 749 750 751 752 753 754 755 756 757 758 759 760 729
parm u 0 0.83057750713824863 1.6611550142764973 2.4917325214147459 3.3223100285529945 4.1528875356912431 4.9834650428294918 5.8140425499677404 6.644620057105989 7.4751975642442376 8.3057750713824863 9.1363525785207358 9.9669300856589835 10.797507592797231 11.628085099935481 12.45866260707373 13.289240114211978 14.119817621350226 14.950395128488475 15.780972635626725 16.611550142764973 17.44212764990322 18.272705157041472 19.103282664179719 19.933860171317967 20.764437678456215 21.595015185594463 22.425592692732714 23.256170199870962 24.086747707009209 24.917325214147461 25.747902721285708 26.578480228423956
end
v -314.56643796584007 11.717232077115883 -104.37342056049144
v -324.12341600653605 11.717232077115883 -100.00530823545364
v -310.19832564080224 11.717232077115883 -94.816442519795388
v -319.75530368149822 11.717232077115883 -90.448330194757574
cstype bspline
deg 1 1
surf -5.2876206352798505 5.2876206352798505 -5.2876206352798505 5.2876206352798505 243 244 245 246
parm u -5.2876206352798505 -5.2876206352798505 5.2876206352798505 5.2876206352798505
parm v -5.2876206352798505 -5.2876206352798505 5.2876206352798505 5.2876206352798505
trim 0 26.578480228423956 80
end
# - trim loop
vp 4.5038422236594524 0.49999999999999972
vp 4.5038422236594524 8.2982877820565957
cstype bezier
deg 1
curv2 761 762
parm u 0.49999999999999978 8.2982877820565957
end
vp 4.5038422236594524 8.2982877820565957
vp 0 8.2982877820565957
cstype bezier
deg 1
curv2 763 764
parm u 0 4.5038422236594524
end
vp 0 8.2982877820565957
vp 0 0.50000000000000089
cstype bezier
deg 1
curv2 765 766
parm u 0 7.7982877820565948
end
vp 0 0.50000000000000089
vp 4.5038422236594524 0.49999999999999972
cstype bezier
deg 1
curv2 767 768
parm u 0 4.5038422236594524
end
v -317.1632681044731 11.717232077115883 -96.6986342931549 1
v -317.87550918894271 11.717232077115883 -96.7010315739589 0.70710678118654757
v -317.87311190813875 11.717232077115883 -97.41327265842841 1
v -317.87071462733485 11.717232077115883 -98.12551374289801 0.70710678118654757
v -317.15847354286518 11.717232077115883 -98.12311646209403 1
v -316.4462324583958 11.717232077115883 -98.12071918129014 0.70710678118654757
v -316.44862973919959 11.717232077115883 -97.40847809682055 1
v -316.45102702000355 11.717232077115883 -96.696237012351 0.70710678118654757
v -317.1632681044731 11.717232077115883 -96.6986342931549 1
v -317.1632681044731 3.4717761661867232 -96.6986342931549 1
v -317.87550918894271 3.4717761661867237 -96.7010315739589 0.70710678118654757
v -317.87311190813875 3.4717761661867232 -97.41327265842841 1
v -317.87071462733485 3.4717761661867237 -98.12551374289801 0.70710678118654757
v -317.15847354286518 3.4717761661867232 -98.12311646209403 1
v -316.4462324583958 3.4717761661867237 -98.12071918129014 0.70710678118654757
v -316.44862973919959 3.4717761661867232 -97.40847809682055 1
v -316.45102702000355 3.4717761661867237 -96.696237012351 0.70710678118654757
v -317.1632681044731 3.4717761661867232 -96.6986342931549 1
cstype rat bspline
deg 2 1
surf 0 4.5038422236594524 0 8.2982877820565957 247 248 249 250 251 252 253 254 255 256 257 258 259 260 261 262 263 264
parm u 0 0 0 1.1259605559148631 1.1259605559148631 2.2519211118297262 2.2519211118297262 3.3778816677445893 3.3778816677445893 4.5038422236594524 4.5038422236594524 4.5038422236594524
parm v 0 0 8.2982877820565957 8.2982877820565957
trim 0.49999999999999978 8.2982877820565957 81 0 4.5038422236594524 82 0 7.7982877820565948 83 0 4.5038422236594524 84
end
usemtl diffuse_170_230_123_255
# - trim loop
vp 0.71680875280139555 0
vp 0.70484189475760139 0.13043270865548445
vp 0.66648039245388924 0.26385350967383803
vp 0.59996570849700792 0.3922447408447633
vp 0.50686032991973851 0.50686032991973851
vp 0.3922447408447633 0.59996570849700792
vp 0.26385350967383808 0.66648039245388924
vp 0.13043270865548445 0.70484189475760139
vp 0 0.71680875280139555
vp -0.13043270865548437 0.70484189475760151
vp -0.26385350967383792 0.66648039245388946
vp -0.39224474084476318 0.59996570849700803
vp -0.50686032991973839 0.50686032991973851
vp -0.59996570849700792 0.39224474084476335
vp -0.66648039245388924 0.26385350967383808
vp -0.70484189475760139 0.13043270865548454
vp -0.71680875280139555 0
vp -0.70484189475760151 -0.13043270865548434
vp -0.66648039245388946 -0.26385350967383792
vp -0.59996570849700803 -0.39224474084476318
vp -0.50686032991973851 -0.50686032991973839
vp -0.39224474084476335 -0.59996570849700792
vp -0.26385350967383808 -0.66648039245388924
vp -0.13043270865548454 -0.70484189475760139
vp 0 -0.71680875280139555
vp 0.13043270865548429 -0.70484189475760139
vp 0.2638535096738378 -0.66648039245388924
vp 0.39224474084476307 -0.59996570849700792
vp 0.50686032991973828 -0.50686032991973851
vp 0.59996570849700781 -0.3922447408447633
vp 0.66648039245388913 -0.26385350967383803
vp 0.70484189475760139 -0.13043270865548445
cstype bezier
deg 1
curv2 769 770 771 772 773 774 775 776 777 778 779 780 781 782 783 784 785 786 787 788 789 790 791 792 793 794 795 796 797 798 799 800 769
parm u 0 0.14074506948935789 0.28149013897871578 0.42223520846807366 0.56298027795743155 0.7037253474467895 0.84447041693614733 0.98521548642550516 1.1259605559148631 1.266705625404221 1.407450694893579 1.5481957643829367 1.6889408338722947 1.8296859033616526 1.9704309728510103 2.111176042340368 2.2519211118297262 2.3926661813190844 2.5334112508084421 2.6741563202977998 2.814901389787158 2.9556464592765157 3.0963915287658734 3.2371365982552316 3.3778816677445893 3.518626737233947 3.6593718067233052 3.8001168762126629 3.9408619457020206 4.0816070151913788 4.2223520846807361 4.3630971541700942 4.5038422236594524
end
v -316.26757286707726 3.4717761661867232 -90.066965165245932
v -316.27356606908705 3.4717761661867232 -88.28636245407202
v -318.04817557825118 3.4717761661867232 -90.072958367255751
v -318.05416878026097 3.4717761661867232 -88.292355656081838
cstype bspline
deg 1 1
surf -0.8960109410017445 0.8960109410017445 -0.8960109410017445 0.8960109410017445 265 266 267 268
parm u -0.8960109410017445 -0.8960109410017445 0.8960109410017445 0.8960109410017445
parm v -0.8960109410017445 -0.8960109410017445 0.8960109410017445 0.8960109410017445
trim 0 4.5038422236594524 85
end
# - trim loop
vp 0 0
vp 26.578480228423956 0
cstype bezier
deg 1
curv2 801 802
parm u 0 26.578480228423956
end
vp 26.578480228423956 0
vp 26.578480228423956 0.5
cstype bezier
deg 1
curv2 803 804
parm u 0 0.5
end
vp 26.578480228423956 0.5
vp 0 0.5
cstype bezier
deg 1
curv2 805 806
parm u 0 26.578480228423956
end
vp 0 0.5
vp 0 0
cstype bezier
deg 1
curv2 807 808
parm u 0 0.5
end
v -320.9836620399476 11.220415376641943 -87.43241548064876 1
v -319.23641710993246 11.22041537664194 -83.60962426437038 0.70710678118654757
v -315.41362589365406 11.220415376641943 -85.35686919438547 1
v -311.59083467737571 11.22041537664194 -87.10411412440064 0.70710678118654757
v -313.3380796073908 11.220415376641943 -90.92690534067899 1
v -315.08532453740594 11.22041537664194 -94.74969655695742 0.70710678118654757
v -318.90811575368429 11.220415376641943 -93.0024516269423 1
v -322.73090696996275 11.22041537664194 -91.25520669692717 0.70710678118654757
v -320.9836620399476 11.220415376641943 -87.43241548064876 1
v -320.9836620399476 11.717232077115883 -87.43241548064876 1
v -319.23641710993246 11.717232077115883 -83.60962426437038 0.70710678118654757
v -315.41362589365406 11.717232077115883 -85.35686919438547 1
v -311.59083467737571 11.717232077115883 -87.10411412440064 0.70710678118654757
v -313.3380796073908 11.717232077115883 -90.92690534067899 1
v -315.08532453740594 11.717232077115883 -94.74969655695742 0.70710678118654757
v -318.90811575368429 11.717232077115883 -93.0024516269423 1
v -322.73090696996275 11.717232077115883 -91.25520669692717 0.70710678118654757
v -320.9836620399476 11.717232077115883 -87.43241548064876 1
cstype rat bspline
deg 2 1
surf 0 26.578480228423956 0 0.5 269 270 271 272 273 274 275 276 277 278 279 280 281 282 283 284 285 286
parm u 0 0 0 6.644620057105989 6.644620057105989 13.289240114211978 13.289240114211978 19.933860171317967 19.933860171317967 26.578480228423956 26.578480228423956 26.578480228423956
parm v 0 0 0.5 0.5
trim 0 26.578480228423956 86 0 0.5 87 0 26.578480228423956 88 0 0.5 89
end
# - trim loop
vp 4.2300965082238804 0
vp 4.1594766054567476 0.76972127263437229
vp 3.9330942457116014 1.5570761456133617
vp 3.5405717894050786 2.3147500670605421
vp 2.9911299260386421 2.9911299260386421
vp 2.3147500670605421 3.5405717894050786
vp 1.5570761456133617 3.9330942457116014
vp 0.76972127263437251 4.1594766054567476
vp 0 4.2300965082238804
vp -0.76972127263437207 4.1594766054567476
vp -1.5570761456133613 3.9330942457116014
vp -2.3147500670605421 3.5405717894050786
vp -2.9911299260386421 2.9911299260386421
vp -3.5405717894050786 2.3147500670605421
vp -3.9330942457116014 1.5570761456133619
vp -4.1594766054567476 0.76972127263437262
vp -4.2300965082238804 0
vp -4.1594766054567476 -0.76972127263437196
vp -3.9330942457116014 -1.5570761456133613
vp -3.5405717894050786 -2.3147500670605421
vp -2.9911299260386426 -2.9911299260386421
vp -2.3147500670605425 -3.5405717894050786
vp -1.5570761456133622 -3.9330942457116014
vp -0.76972127263437307 -4.1594766054567476
vp 0 -4.2300965082238804
vp 0.76972127263437151 -4.1594766054567476
vp 1.5570761456133606 -3.9330942457116014
vp 2.3147500670605412 -3.5405717894050786
vp 2.9911299260386413 -2.9911299260386421
vp 3.5405717894050777 -2.3147500670605421
vp 3.9330942457116005 -1.5570761456133617
vp 4.1594766054567476 -0.76972127263437229
cstype bezier
deg 1
curv2 809 810 811 812 813 814 815 816 817 818 819 820 821 822 823 824 825 826 827 828 829 830 831 832 833 834 835 836 837 838 839 840 809
parm u 0 0.83057750713824863 1.6611550142764973 2.4917325214147459 3.3223100285529945 4.1528875356912431 4.9834650428294918 5.8140425499677404 6.644620057105989 7.4751975642442376 8.3057750713824863 9.1363525785207358 9.9669300856589835 10.797507592797231 11.628085099935481 12.45866260707373 13.289240114211978 14.119817621350226 14.950395128488475 15.780972635626725 16.611550142764973 17.44212764990322 18.272705157041472 19.103282664179719 19.933860171317967 20.764437678456215 21.595015185594463 22.425592692732714 23.256170199870962 24.086747707009209 24.917325214147461 25.747902721285708 26.578480228423956
end
# - hole loop
vp 0.30016816712680683 0.650933068399838
vp 0.41360273820559079 0.58544646471008022
vp 0.51869786890271452 0.49473963747457683
vp 0.60743633232517624 0.38057310764691582
vp 0.6725301332357928 0.24802824029238937
vp 0.70908300506197508 0.10495751533344291
vp 0.7157202660710974 -0.039487831388997571
vp 0.69468549656478029 -0.17671120212150951
vp 0.65093306839983001 -0.30016816712679883
vp 0.58544646471007444 -0.41360273820558768
vp 0.49473963747457278 -0.51869786890271596
vp 0.38057310764691299 -0.60743633232518146
vp 0.24802824029238704 -0.67253013323580091
vp 0.10495751533344032 -0.70908300506198474
vp -0.039487831389001124 -0.71572026607110739
vp -0.17671120212151459 -0.69468549656478928
vp -0.30016816712680594 -0.65093306839983711
vp -0.41360273820558935 -0.58544646471008277
vp -0.51869786890271297 -0.49473963747458227
vp -0.60743633232517502 -0.38057310764692315
vp -0.67253013323579258 -0.24802824029239745
vp -0.7090830050619763 -0.10495751533345048
vp -0.7157202660711004 0.039487831388991645
vp -0.69468549656478529 0.17671120212150618
vp -0.65093306839983711 0.30016816712679883
vp -0.58544646471008022 0.41360273820558435
vp -0.49473963747457722 0.51869786890271008
vp -0.3805731076469161 0.60743633232517402
vp -0.24802824029238885 0.6725301332357928
vp -0.10495751533344107 0.70908300506197741
vp 0.039487831389001186 0.71572026607110195
vp 0.1767112021215152 0.69468549656478673
cstype bezier
deg 1
curv2 841 842 843 844 845 846 847 848 849 850 851 852 853 854 855 856 857 858 859 860 861 862 863 864 865 866 867 868 869 870 871 872 841
parm u 0 0.14074506948935789 0.28149013897871578 0.42223520846807366 0.56298027795743155 0.7037253474467895 0.84447041693614733 0.98521548642550516 1.1259605559148631 1.266705625404221 1.407450694893579 1.5481957643829367 1.6889408338722947 1.8296859033616526 1.9704309728510103 2.111176042340368 2.2519211118297262 2.3926661813190844 2.5334112508084421 2.6741563202977998 2.814901389787158 2.9556464592765157 3.0963915287658734 3.2371365982552316 3.3778816677445893 3.518626737233947 3.6593718067233052 3.8001168762126629 3.9408619457020206 4.0816070151913788 4.2223520846807361 4.3630971541700942 4.5038422236594524
end
v -314.56643796584007 11.220415376641943 -96.142205593530832
v -324.12341600653605 11.220415376641943 -91.774093268493033
v -310.19832564080224 11.220415376641943 -86.58522755283478
v -319.75530368149822 11.220415376641943 -82.217115227796967
cstype bspline
deg 1 1
surf -5.2876206352798505 5.2876206352798505 -5.2876206352798505 5.2876206352798505 287 288 289 290
parm u -5.2876206352798505 -5.2876206352798505 5.2876206352798505 5.2876206352798505
parm v -5.2876206352798505 -5.2876206352798505 5.2876206352798505 5.2876206352798505
trim 0 26.578480228423956 90
hole 0 4.5038422236594524 91
end
# - trim loop
vp 4.2300965082238804 0
vp 4.1594766054567476 0.76972127263437229
vp 3.9330942457116014 1.5570761456133617
vp 3.5405717894050786 2.3147500670605421
vp 2.9911299260386421 2.9911299260386421
vp 2.3147500670605421 3.5405717894050786
vp 1.5570761456133617 3.9330942457116014
vp 0.76972127263437251 4.1594766054567476
vp 0 4.2300965082238804
vp -0.76972127263437207 4.1594766054567476
vp -1.5570761456133613 3.9330942457116014
vp -2.3147500670605421 3.5405717894050786
vp -2.9911299260386421 2.9911299260386421
vp -3.5405717894050786 2.3147500670605421
vp -3.9330942457116014 1.5570761456133619
vp -4.1594766054567476 0.76972127263437262
vp -4.2300965082238804 0
vp -4.1594766054567476 -0.76972127263437196
vp -3.9330942457116014 -1.5570761456133613
vp -3.5405717894050786 -2.3147500670605421
vp -2.9911299260386426 -2.9911299260386421
vp -2.3147500670605425 -3.5405717894050786
vp -1.5570761456133622 -3.9330942457116014
vp -0.76972127263437307 -4.1594766054567476
vp 0 -4.2300965082238804
vp 0.76972127263437151 -4.1594766054567476
vp 1.5570761456133606 -3.9330942457116014
vp 2.3147500670605412 -3.5405717894050786
vp 2.9911299260386413 -2.9911299260386421
vp 3.5405717894050777 -2.3147500670605421
vp 3.9330942457116005 -1.5570761456133617
vp 4.1594766054567476 -0.76972127263437229
cstype bezier
deg 1
curv2 873 874 875 876 877 878 879 880 881 882 883 884 885 886 887 888 889 890 891 892 893 894 895 896 897 898 899 900 901 902 903 904 873
parm u 0 0.83057750713824863 1.6611550142764973 2.4917325214147459 3.3223100285529945 4.1528875356912431 4.9834650428294918 5.8140425499677404 6.644620057105989 7.4751975642442376 8.3057750713824863 9.1363525785207358 9.9669300856589835 10.797507592797231 11.628085099935481 12.45866260707373 13.289240114211978 14.119817621350226 14.950395128488475 15.780972635626725 16.611550142764973 17.44212764990322 18.272705157041472 19.103282664179719 19.933860171317967 20.764437678456215 21.595015185594463 22.425592692732714 23.256170199870962 24.086747707009209 24.917325214147461 25.747902721285708 26.578480228423956
end
v -314.56643796584007 11.717232077115883 -96.142205593530832
v -324.12341600653605 11.717232077115883 -91.774093268493033
v -310.19832564080224 11.717232077115883 -86.58522755283478
v -319.75530368149822 11.717232077115883 -82.217115227796967
cstype bspline
deg 1 1
surf -5.2876206352798505 5.2876206352798505 -5.2876206352798505 5.2876206352798505 291 292 293 294
parm u -5.2876206352798505 -5.2876206352798505 5.2876206352798505 5.2876206352798505
parm v -5.2876206352798505 -5.2876206352798505 5.2876206352798505 5.2876206352798505
trim 0 26.578480228423956 92
end
# - trim loop
vp 4.5038422236594524 0.49999999999999972
vp 4.5038422236594524 8.2982877820565957
cstype bezier
deg 1
curv2 905 906
parm u 0.49999999999999978 8.2982877820565957
end
vp 4.5038422236594524 8.2982877820565957
vp 0 8.2982877820565957
cstype bezier
deg 1
curv2 907 908
parm u 0 4.5038422236594524
end
vp 0 8.2982877820565957
vp 0 0.50000000000000089
cstype bezier
deg 1
curv2 909 910
parm u 0 7.7982877820565948
end
vp 0 0.50000000000000089
vp 4.5038422236594524 0.49999999999999972
cstype bezier
deg 1
curv2 911 912
parm u 0 4.5038422236594524
end
v -317.1632681044731 11.717232077115883 -88.46741932619429 1
v -317.87550918894271 11.717232077115883 -88.46981660699831 0.70710678118654757
v -317.87311190813875 11.717232077115883 -89.1820576914678 1
v -317.87071462733485 11.717232077115883 -89.8942987759374 0.70710678118654757
v -317.15847354286518 11.717232077115883 -89.89190149513342 1
v -316.4462324583958 11.717232077115883 -89.88950421432953 0.70710678118654757
v -316.44862973919959 11.717232077115883 -89.17726312985994 1
v -316.45102702000355 11.717232077115883 -88.4650220453904 0.70710678118654757
v -317.1632681044731 11.717232077115883 -88.46741932619429 1
v -317.1632681044731 3.4717761661867232 -88.46741932619429 1
v -317.87550918894271 3.4717761661867237 -88.46981660699831 0.70710678118654757
v -317.87311190813875 3.4717761661867232 -89.1820576914678 1
v -317.87071462733485 3.4717761661867237 -89.8942987759374 0.70710678118654757
v -317.15847354286518 3.4717761661867232 -89.89190149513342 1
v -316.4462324583958 3.4717761661867237 -89.88950421432953 0.70710678118654757
v -316.44862973919959 3.4717761661867232 -89.17726312985994 1
v -316.45102702000355 3.4717761661867237 -88.4650220453904 0.70710678118654757
v -317.1632681044731 3.4717761661867232 -88.46741932619429 1
cstype rat bspline
deg 2 1
surf 0 4.5038422236594524 0 8.2982877820565957 295 296 297 298 299 300 301 302 303 304 305 306 307 308 309 310 311 312
parm u 0 0 0 1.1259605559148631 1.1259605559148631 2.2519211118297262 2.2519211118297262 3.3778816677445893 3.3778816677445893 4.5038422236594524 4.5038422236594524 4.5038422236594524
parm v 0 0 8.2982877820565957 8.2982877820565957
trim 0.49999999999999978 8.2982877820565957 93 0 4.5038422236594524 94 0 7.7982877820565948 95 0 4.5038422236594524 96
end
usemtl diffuse_170_230_123_255
# - trim loop
vp 0.71680875280139555 0
vp 0.70484189475760139 0.13043270865548445
vp 0.66648039245388924 0.26385350967383803
vp 0.59996570849700792 0.3922447408447633
vp 0.50686032991973851 0.50686032991973851
vp 0.3922447408447633 0.59996570849700792
vp 0.26385350967383808 0.66648039245388924
vp 0.13043270865548445 0.70484189475760139
vp 0 0.71680875280139555
vp -0.13043270865548437 0.70484189475760151
vp -0.26385350967383792 0.66648039245388946
vp -0.39224474084476318 0.59996570849700803
vp -0.50686032991973839 0.50686032991973851
vp -0.59996570849700792 0.39224474084476335
vp -0.66648039245388924 0.26385350967383808
vp -0.70484189475760139 0.13043270865548454
vp -0.71680875280139555 0
vp -0.70484189475760151 -0.13043270865548434
vp -0.66648039245388946 -0.26385350967383792
vp -0.59996570849700803 -0.39224474084476318
vp -0.50686032991973851 -0.50686032991973839
vp -0.39224474084476335 -0.59996570849700792
vp -0.26385350967383808 -0.66648039245388924
vp -0.13043270865548454 -0.70484189475760139
vp 0 -0.71680875280139555
vp 0.13043270865548429 -0.70484189475760139
vp 0.2638535096738378 -0.66648039245388924
vp 0.39224474084476307 -0.59996570849700792
vp 0.50686032991973828 -0.50686032991973851
vp 0.59996570849700781 -0.3922447408447633
vp 0.66648039245388913 -0.26385350967383803
vp 0.70484189475760139 -0.13043270865548445
cstype bezier
deg 1
curv2 913 914 915 916 917 918 919 920 921 922 923 924 925 926 927 928 929 930 931 932 933 934 935 936 937 938 939 940 941 942 943 944 913
parm u 0 0.14074506948935789 0.28149013897871578 0.42223520846807366 0.56298027795743155 0.7037253474467895 0.84447041693614733 0.98521548642550516 1.1259605559148631 1.266705625404221 1.407450694893579 1.5481957643829367 1.6889408338722947 1.8296859033616526 1.9704309728510103 2.111176042340368 2.2519211118297262 2.3926661813190844 2.5334112508084421 2.6741563202977998 2.814901389787158 2.9556464592765157 3.0963915287658734 3.2371365982552316 3.3778816677445893 3.518626737233947 3.6593718067233052 3.8001168762126629 3.9408619457020206 4.0816070151913788 4.2223520846807361 4.3630971541700942 4.5038422236594524
end
v -313.65084630956096 3.4717761661867232 -82.58332313963858
v -313.65683951157075 3.4717761661867232 -80.802720428464667
v -315.43144902073487 3.4717761661867232 -82.589316341648399
v -315.43744222274466 3.4717761661867232 -80.808713630474486
cstype bspline
deg 1 1
surf -0.8960109410017445 0.8960109410017445 -0.8960109410017445 0.8960109410017445 313 314 315 316
parm u -0.8960109410017445 -0.8960109410017445 0.8960109410017445 0.8960109410017445
parm v -0.8960109410017445 -0.8960109410017445 0.8960109410017445 0.8960109410017445
trim 0 4.5038422236594524 97
end
# - trim loop
vp 0 0
vp 26.578480228423956 0
cstype bezier
deg 1
curv2 945 946
parm u 0 26.578480228423956
end
vp 26.578480228423956 0
vp 26.578480228423956 0.5
cstype bezier
deg 1
curv2 947 948
parm u 0 0.5
end
vp 26.578480228423956 0.5
vp 0 0.5
cstype bezier
deg 1
curv2 949 950
parm u 0 26.578480228423956
end
vp 0 0.5
vp 0 0
cstype bezier
deg 1
curv2 951 952
parm u 0 0.5
end
v -318.3669354824313 11.220415376641943 -79.9487734550414 1
v -316.61969055241616 11.22041537664194 -76.12598223876303 0.70710678118654757
v -312.79689933613776 11.220415376641943 -77.87322716877812 1
v -308.97410811985941 11.22041537664194 -79.62047209879327 0.70710678118654757
v -310.72135304987449 11.220415376641943 -83.44326331507163 1
v -312.46859797988964 11.22041537664194 -87.26605453135006 0.70710678118654757
v -316.29138919616798 11.220415376641943 -85.51880960133495 1
v -320.11418041244644 11.22041537664194 -83.77156467131981 0.70710678118654757
v -318.3669354824313 11.220415376641943 -79.9487734550414 1
v -318.3669354824313 11.717232077115883 -79.9487734550414 1
v -316.61969055241616 11.717232077115883 -76.12598223876303 0.70710678118654757
v -312.79689933613776 11.717232077115883 -77.87322716877812 1
v -308.97410811985941 11.717232077115883 -79.62047209879327 0.70710678118654757
v -310.72135304987449 11.717232077115883 -83.44326331507163 1
v -312.46859797988964 11.717232077115883 -87.26605453135006 0.70710678118654757
v -316.29138919616798 11.717232077115883 -85.51880960133495 1
v -320.11418041244644 11.717232077115883 -83.77156467131981 0.70710678118654757
v -318.3669354824313 11.717232077115883 -79.9487734550414 1
cstype rat bspline
deg 2 1
surf 0 26.578480228423956 0 0.5 317 318 319 320 321 322 323 324 325 326 327 328 329 330 331 332 333 334
parm u 0 0 0 6.644620057105989 6.644620057105989 13.289240114211978 13.289240114211978 19.933860171317967 19.933860171317967 26.578480228423956 26.578480228423956 26.578480228423956
parm v 0 0 0.5 0.5
trim 0 26.578480228423956 98 0 0.5 99 0 26.578480228423956 100 0 0.5 101
end
# - trim loop
vp 4.2300965082238804 0
vp 4.1594766054567476 0.76972127263437229
vp 3.9330942457116014 1.5570761456133617
vp 3.5405717894050786 2.3147500670605421
vp 2.9911299260386421 2.9911299260386421
vp 2.3147500670605421 3.5405717894050786
vp 1.5570761456133617 3.9330942457116014
vp 0.76972127263437251 4.1594766054567476
vp 0 4.2300965082238804
vp -0.76972127263437207 4.1594766054567476
vp -1.5570761456133613 3.9330942457116014
vp -2.3147500670605421 3.5405717894050786
vp -2.9911299260386421 2.9911299260386421
vp -3.5405717894050786 2.3147500670605421
vp -3.9330942457116014 1.5570761456133619
vp -4.1594766054567476 0.76972127263437262
vp -4.2300965082238804 0
vp -4.1594766054567476 -0.76972127263437196
vp -3.9330942457116014 -1.5570761456133613
vp -3.5405717894050786 -2.3147500670605421
vp -2.9911299260386426 -2.9911299260386421
vp -2.3147500670605425 -3.5405717894050786
vp -1.5570761456133622 -3.9330942457116014
vp -0.76972127263437307 -4.1594766054567476
vp 0 -4.2300965082238804
vp 0.76972127263437151 -4.1594766054567476
vp 1.5570761456133606 -3.9330942457116014
vp 2.3147500670605412 -3.5405717894050786
vp 2.9911299260386413 -2.9911299260386421
vp 3.5405717894050777 -2.3147500670605421
vp 3.9330942457116005 -1.5570761456133617
vp 4.1594766054567476 -0.76972127263437229
cstype bezier
deg 1
curv2 953 954 955 956 957 958 959 960 961 962 963 964 965 966 967 968 969 970 971 972 973 974 975 976 977 978 979 980 981 982 983 984 953
parm u 0 0.83057750713824863 1.6611550142764973 2.4917325214147459 3.3223100285529945 4.1528875356912431 4.9834650428294918 5.8140425499677404 6.644620057105989 7.4751975642442376 8.3057750713824863 9.1363525785207358 9.9669300856589835 10.797507592797231 11.628085099935481 12.45866260707373 13.289240114211978 14.119817621350226 14.950395128488475 15.780972635626725 16.611550142764973 17.44212764990322 18.272705157041472 19.103282664179719 19.933860171317967 20.764437678456215 21.595015185594463 22.425592692732714 23.256170199870962 24.086747707009209 24.917325214147461 25.747902721285708 26.578480228423956
end
# - hole loop
vp 0.30016816712680683 0.650933068399838
vp 0.41360273820559079 0.58544646471008022
vp 0.51869786890271452 0.49473963747457683
vp 0.60743633232517624 0.38057310764691582
vp 0.6725301332357928 0.24802824029238937
vp 0.70908300506197508 0.10495751533344291
vp 0.7157202660710974 -0.039487831388997571
vp 0.69468549656478029 -0.17671120212150951
vp 0.65093306839983001 -0.30016816712679883
vp 0.58544646471007444 -0.41360273820558768
vp 0.49473963747457278 -0.51869786890271596
vp 0.38057310764691299 -0.60743633232518146
vp 0.24802824029238704 -0.67253013323580091
vp 0.10495751533344032 -0.70908300506198474
vp -0.039487831389001124 -0.71572026607110739
vp -0.17671120212151459 -0.69468549656478928
vp -0.30016816712680594 -0.65093306839983711
vp -0.41360273820558935 -0.58544646471008277
vp -0.51869786890271297 -0.49473963747458227
vp -0.60743633232517502 -0.38057310764692315
vp -0.67253013323579258 -0.24802824029239745
vp -0.7090830050619763 -0.10495751533345048
vp -0.7157202660711004 0.039487831388991645
vp -0.69468549656478529 0.17671120212150618
vp -0.65093306839983711 0.30016816712679883
vp -0.58544646471008022 0.41360273820558435
vp -0.49473963747457722 0.51869786890271008
vp -0.3805731076469161 0.60743633232517402
vp -0.24802824029238885 0.6725301332357928
vp -0.10495751533344107 0.70908300506197741
vp 0.039487831389001186 0.71572026607110195
vp 0.1767112021215152 0.69468549656478673
cstype bezier
deg 1
curv2 985 986 987 988 989 990 991 992 993 994 995 996 997 998 999 1000 1001 1002 1003 1004 1005 1006 1007 1008 1009 1010 1011 1012 1013 1014 1015 1016 985
parm u 0 0.14074506948935789 0.28149013897871578 0.42223520846807366 0.56298027795743155 0.7037253474467895 0.84447041693614733 0.98521548642550516 1.1259605559148631 1.266705625404221 1.407450694893579 1.5481957643829367 1.6889408338722947 1.8296859033616526 1.9704309728510103 2.111176042340368 2.2519211118297262 2.3926661813190844 2.5334112508084421 2.6741563202977998 2.814901389787158 2.9556464592765157 3.0963915287658734 3.2371365982552316 3.3778816677445893 3.518626737233947 3.6593718067233052 3.8001168762126629 3.9408619457020206 4.0816070151913788 4.2223520846807361 4.3630971541700942 4.5038422236594524
end
v -311.94971140832376 11.220415376641943 -88.658563567923494
v -321.50668944901975 11.220415376641943 -84.290451242885666
v -307.58159908328594 11.220415376641943 -79.101585527227428
v -317.13857712398192 11.220415376641943 -74.733473202189614
cstype bspline
deg 1 1
surf -5.2876206352798505 5.2876206352798505 -5.2876206352798505 5.2876206352798505 335 336 337 338
parm u -5.2876206352798505 -5.2876206352798505 5.2876206352798505 5.2876206352798505
parm v -5.2876206352798505 -5.2876206352798505 5.2876206352798505 5.2876206352798505
trim 0 26.578480228423956 102
hole 0 4.5038422236594524 103
end
# - trim loop
vp 4.2300965082238804 0
vp 4.1594766054567476 0.76972127263437229
vp 3.9330942457116014 1.5570761456133617
vp 3.5405717894050786 2.3147500670605421
vp 2.9911299260386421 2.9911299260386421
vp 2.3147500670605421 3.5405717894050786
vp 1.5570761456133617 3.9330942457116014
vp 0.76972127263437251 4.1594766054567476
vp 0 4.2300965082238804
vp -0.76972127263437207 4.1594766054567476
vp -1.5570761456133613 3.9330942457116014
vp -2.3147500670605421 3.5405717894050786
vp -2.9911299260386421 2.9911299260386421
vp -3.5405717894050786 2.3147500670605421
vp -3.9330942457116014 1.5570761456133619
vp -4.1594766054567476 0.76972127263437262
vp -4.2300965082238804 0
vp -4.1594766054567476 -0.76972127263437196
vp -3.9330942457116014 -1.5570761456133613
vp -3.5405717894050786 -2.3147500670605421
vp -2.9911299260386426 -2.9911299260386421
vp -2.3147500670605425 -3.5405717894050786
vp -1.5570761456133622 -3.9330942457116014
vp -0.76972127263437307 -4.1594766054567476
vp 0 -4.2300965082238804
vp 0.76972127263437151 -4.1594766054567476
vp 1.5570761456133606 -3.9330942457116014
vp 2.3147500670605412 -3.5405717894050786
vp 2.9911299260386413 -2.9911299260386421
vp 3.5405717894050777 -2.3147500670605421
vp 3.9330942457116005 -1.5570761456133617
vp 4.1594766054567476 -0.76972127263437229
cstype bezier
deg 1
curv2 1017 1018 1019 1020 1021 1022 1023 1024 1025 1026 1027 1028 1029 1030 1031 1032 1033 1034 1035 1036 1037 1038 1039 1040 1041 1042 1043 1044 1045 1046 1047 1048 1017
parm u 0 0.83057750713824863 1.6611550142764973 2.4917325214147459 3.3223100285529945 4.1528875356912431 4.9834650428294918 5.8140425499677404 6.644620057105989 7.4751975642442376 8.3057750713824863 9.1363525785207358 9.9669300856589835 10.797507592797231 11.628085099935481 12.45866260707373 13.289240114211978 14.119817621350226 14.950395128488475 15.780972635626725 16.611550142764973 17.44212764990322 18.272705157041472 19.103282664179719 19.933860171317967 20.764437678456215 21.595015185594463 22.425592692732714 23.256170199870962 24.086747707009209 24.917325214147461 25.747902721285708 26.578480228423956
end
v -311.94971140832376 11.717232077115883 -88.658563567923494
v -321.50668944901975 11.717232077115883 -84.290451242885666
v -307.58159908328594 11.717232077115883 -79.101585527227428
v -317.13857712398192 11.717232077115883 -74.733473202189614
cstype bspline
deg 1 1
surf -5.2876206352798505 5.2876206352798505 -5.2876206352798505 5.2876206352798505 339 340 341 342
parm u -5.2876206352798505 -5.2876206352798505 5.2876206352798505 5.2876206352798505
parm v -5.2876206352798505 -5.2876206352798505 5.2876206352798505 5.2876206352798505
trim 0 26.578480228423956 104
end
# - trim loop
vp 4.5038422236594524 0.49999999999999972
vp 4.5038422236594524 8.2982877820565957
cstype bezier
deg 1
curv2 1049 1050
parm u 0.49999999999999978 8.2982877820565957
end
vp 4.5038422236594524 8.2982877820565957
vp 0 8.2982877820565957
cstype bezier
deg 1
curv2 1051 1052
parm u 0 4.5038422236594524
end
vp 0 8.2982877820565957
vp 0 0.50000000000000089
cstype bezier
deg 1
curv2 1053 1054
parm u 0 7.7982877820565948
end
vp 0 0.50000000000000089
vp 4.5038422236594524 0.49999999999999972
cstype bezier
deg 1
curv2 1055 1056
parm u 0 4.5038422236594524
end
v -314.5465415469568 11.717232077115883 -80.98377730058694 1
v -315.25878263142641 11.717232077115883 -80.98617458139094 0.70710678118654757
v -315.25638535062245 11.717232077115883 -81.69841566586045 1
v -315.25398806981855 11.717232077115883 -82.41065675033005 0.70710678118654757
v -314.54174698534888 11.717232077115883 -82.40825946952607 1
v -313.82950590087944 11.717232077115883 -82.40586218872218 0.70710678118654757
v -313.83190318168329 11.717232077115883 -81.69362110425259 1
v -313.83430046248725 11.717232077115883 -80.98138001978305 0.70710678118654757
v -314.5465415469568 11.717232077115883 -80.98377730058694 1
v -314.5465415469568 3.4717761661867232 -80.98377730058694 1
v -315.25878263142641 3.4717761661867237 -80.98617458139094 0.70710678118654757
v -315.25638535062245 3.4717761661867232 -81.69841566586045 1
v -315.25398806981855 3.4717761661867237 -82.41065675033005 0.70710678118654757
v -314.54174698534888 3.4717761661867232 -82.40825946952607 1
v -313.82950590087944 3.4717761661867237 -82.40586218872218 0.70710678118654757
v -313.83190318168329 3.4717761661867232 -81.69362110425259 1
v -313.83430046248725 3.4717761661867237 -80.98138001978305 0.70710678118654757
v -314.5465415469568 3.4717761661867232 -80.98377730058694 1
cstype rat bspline
deg 2 1
surf 0 4.5038422236594524 0 8.2982877820565957 343 344 345 346 347 348 349 350 351 352 353 354 355 356 357 358 359 360
parm u 0 0 0 1.1259605559148631 1.1259605559148631 2.2519211118297262 2.2519211118297262 3.3778816677445893 3.3778816677445893 4.5038422236594524 4.5038422236594524 4.5038422236594524
parm v 0 0 8.2982877820565957 8.2982877820565957
trim 0.49999999999999978 8.2982877820565957 105 0 4.5038422236594524 106 0 7.7982877820565948 107 0 4.5038422236594524 108
end
usemtl diffuse_170_230_123_255
# - trim loop
vp 0.71680875280139555 0
vp 0.70484189475760139 0.13043270865548445
vp 0.66648039245388924 0.26385350967383803
vp 0.59996570849700792 0.3922447408447633
vp 0.50686032991973851 0.50686032991973851
vp 0.3922447408447633 0.59996570849700792
vp 0.26385350967383808 0.66648039245388924
vp 0.13043270865548445 0.70484189475760139
vp 0 0.71680875280139555
vp -0.13043270865548437 0.70484189475760151
vp -0.26385350967383792 0.66648039245388946
vp -0.39224474084476318 0.59996570849700803
vp -0.50686032991973839 0.50686032991973851
vp -0.59996570849700792 0.39224474084476335
vp -0.66648039245388924 0.26385350967383808
vp -0.70484189475760139 0.13043270865548454
vp -0.71680875280139555 0
vp -0.70484189475760151 -0.13043270865548434
vp -0.66648039245388946 -0.26385350967383792
vp -0.59996570849700803 -0.39224474084476318
vp -0.50686032991973851 -0.50686032991973839
vp -0.39224474084476335 -0.59996570849700792
vp -0.26385350967383808 -0.66648039245388924
vp -0.13043270865548454 -0.70484189475760139
vp 0 -0.71680875280139555
vp 0.13043270865548429 -0.70484189475760139
vp 0.2638535096738378 -0.66648039245388924
vp 0.39224474084476307 -0.59996570849700792
vp 0.50686032991973828 -0.50686032991973851
vp 0.59996570849700781 -0.3922447408447633
vp 0.66648039245388913 -0.26385350967383803
vp 0.70484189475760139 -0.13043270865548445
cstype bezier
deg 1
curv2 1057 1058 1059 1060 1061 1062 1063 1064 1065 1066 1067 1068 1069 1070 1071 1072 1073 1074 1075 1076 1077 1078 1079 1080 1081 1082 1083 1084 1085 1086 1087 1088 1057
parm u 0 0.14074506948935789 0.28149013897871578 0.42223520846807366 0.56298027795743155 0.7037253474467895 0.84447041693614733 0.98521548642550516 1.1259605559148631 1.266705625404221 1.407450694893579 1.5481957643829367 1.6889408338722947 1.8296859033616526 1.9704309728510103 2.111176042340368 2.2519211118297262 2.3926661813190844 2.5334112508084421 2.6741563202977998 2.814901389787158 2.9556464592765157 3.0963915287658734 3.2371365982552316 3.3778816677445893 3.518626737233947 3.6593718067233052 3.8001168762126629 3.9408619457020206 4.0816070151913788 4.2223520846807361 4.3630971541700942 4.5038422236594524
end
v -313.65084630956096 3.4717761661867232 -108.55876449831338
v -313.65683951157075 3.4717761661867232 -106.77816178713947
v -315.43144902073487 3.4717761661867232 -108.5647577003232
v -315.43744222274466 3.4717761661867232 -106.78415498914929
cstype bspline
deg 1 1
surf -0.8960109410017445 0.8960109410017445 -0.8960109410017445 0.8960109410017445 361 362 363 364
parm u -0.8960109410017445 -0.8960109410017445 0.8960109410017445 0.8960109410017445
parm v -0.8960109410017445 -0.8960109410017445 0.8960109410017445 0.8960109410017445
trim 0 4.5038422236594524 109
end
# - trim loop
vp 0 0
vp 26.578480228423956 0
cstype bezier
deg 1
curv2 1089 1090
parm u 0 26.578480228423956
end
vp 26.578480228423956 0
vp 26.578480228423956 0.5
cstype bezier
deg 1
curv2 1091 1092
parm u 0 0.5
end
vp 26.578480228423956 0.5
vp 0 0.5
cstype bezier
deg 1
curv2 1093 1094
parm u 0 26.578480228423956
end
vp 0 0.5
vp 0 0
cstype bezier
deg 1
curv2 1095 1096
parm u 0 0.5
end
v -318.3669354824313 11.220415376641943 -105.9242148137162 1
v -316.61969055241616 11.22041537664194 -102.10142359743782 0.70710678118654757
v -312.79689933613776 11.220415376641943 -103.84866852745292 1
v -308.97410811985941 11.22041537664194 -105.59591345746807 0.70710678118654757
v -310.72135304987449 11.220415376641943 -109.41870467374643 1
v -312.46859797988964 11.22041537664194 -113.24149589002486 0.70710678118654757
v -316.29138919616798 11.220415376641943 -111.49425096000975 1
v -320.11418041244644 11.22041537664194 -109.74700602999461 0.70710678118654757
v -318.3669354824313 11.220415376641943 -105.9242148137162 1
v -318.3669354824313 11.717232077115883 -105.9242148137162 1
v -316.61969055241616 11.717232077115883 -102.10142359743782 0.70710678118654757
v -312.79689933613776 11.717232077115883 -103.84866852745292 1
v -308.97410811985941 11.717232077115883 -105.59591345746807 0.70710678118654757
v -310.72135304987449 11.717232077115883 -109.41870467374643 1
v -312.46859797988964 11.717232077115883 -113.24149589002486 0.70710678118654757
v -316.29138919616798 11.717232077115883 -111.49425096000975 1
v -320.11418041244644 11.717232077115883 -109.74700602999461 0.70710678118654757
v -318.3669354824313 11.717232077115883 -105.9242148137162 1
cstype rat bspline
deg 2 1
surf 0 26.578480228423956 0 0.5 365 366 367 368 369 370 371 372 373 374 375 376 377 378 379 380 381 382
parm u 0 0 0 6.644620057105989 6.644620057105989 13.289240114211978 13.289240114211978 19.933860171317967 19.933860171317967 26.578480228423956 26.578480228423956 26.578480228423956
parm v 0 0 0.5 0.5
trim 0 26.578480228423956 110 0 0.5 111 0 26.578480228423956 112 0 0.5 113
end
# - trim loop
vp 4.2300965082238804 0
vp 4.1594766054567476 0.76972127263437229
vp 3.9330942457116014 1.5570761456133617
vp 3.5405717894050786 2.3147500670605421
vp 2.9911299260386421 2.9911299260386421
vp 2.3147500670605421 3.5405717894050786
vp 1.5570761456133617 3.9330942457116014
vp 0.76972127263437251 4.1594766054567476
vp 0 4.2300965082238804
vp -0.76972127263437207 4.1594766054567476
vp -1.5570761456133613 3.9330942457116014
vp -2.3147500670605421 3.5405717894050786
vp -2.9911299260386421 2.9911299260386421
vp -3.5405717894050786 2.3147500670605421
vp -3.9330942457116014 1.5570761456133619
vp -4.1594766054567476 0.76972127263437262
vp -4.2300965082238804 0
vp -4.1594766054567476 -0.76972127263437196
vp -3.9330942457116014 -1.5570761456133613
vp -3.5405717894050786 -2.3147500670605421
vp -2.9911299260386426 -2.9911299260386421
vp -2.3147500670605425 -3.5405717894050786
vp -1.5570761456133622 -3.9330942457116014
vp -0.76972127263437307 -4.1594766054567476
vp 0 -4.2300965082238804
vp 0.76972127263437151 -4.1594766054567476
vp 1.5570761456133606 -3.9330942457116014
vp 2.3147500670605412 -3.5405717894050786
vp 2.9911299260386413 -2.9911299260386421
vp 3.5405717894050777 -2.3147500670605421
vp 3.9330942457116005 -1.5570761456133617
vp 4.1594766054567476 -0.76972127263437229
cstype bezier
deg 1
curv2 1097 1098 1099 1100 1101 1102 1103 1104 1105 1106 1107 1108 1109 1110 1111 1112 1113 1114 1115 1116 1117 1118 1119 1120 1121 1122 1123 1124 1125 1126 1127 1128 1097
parm u 0 0.83057750713824863 1.6611550142764973 2.4917325214147459 3.3223100285529945 4.1528875356912431 4.9834650428294918 5.8140425499677404 6.644620057105989 7.4751975642442376 8.3057750713824863 9.1363525785207358 9.9669300856589835 10.797507592797231 11.628085099935481 12.45866260707373 13.289240114211978 14.119817621350226 14.950395128488475 15.780972635626725 16.611550142764973 17.44212764990322 18.272705157041472 19.103282664179719 19.933860171317967 20.764437678456215 21.595015185594463 22.425592692732714 23.256170199870962 24.086747707009209 24.917325214147461 25.747902721285708 26.578480228423956
end
# - hole loop
vp 0.30016816712680683 0.650933068399838
vp 0.41360273820559079 0.58544646471008022
vp 0.51869786890271452 0.49473963747457683
vp 0.60743633232517624 0.38057310764691582
vp 0.6725301332357928 0.24802824029238937
vp 0.70908300506197508 0.10495751533344291
vp 0.7157202660710974 -0.039487831388997571
vp 0.69468549656478029 -0.17671120212150951
vp 0.65093306839983001 -0.30016816712679883
vp 0.58544646471007444 -0.41360273820558768
vp 0.49473963747457278 -0.51869786890271596
vp 0.38057310764691299 -0.60743633232518146
vp 0.24802824029238704 -0.67253013323580091
vp 0.10495751533344032 -0.70908300506198474
vp -0.039487831389001124 -0.71572026607110739
vp -0.17671120212151459 -0.69468549656478928
vp -0.30016816712680594 -0.65093306839983711
vp -0.41360273820558935 -0.58544646471008277
vp -0.51869786890271297 -0.49473963747458227
vp -0.60743633232517502 -0.38057310764692315
vp -0.67253013323579258 -0.24802824029239745
vp -0.7090830050619763 -0.10495751533345048
vp -0.7157202660711004 0.039487831388991645
vp -0.69468549656478529 0.17671120212150618
vp -0.65093306839983711 0.30016816712679883
vp -0.58544646471008022 0.41360273820558435
vp -0.49473963747457722 0.51869786890271008
vp -0.3805731076469161 0.60743633232517402
vp -0.24802824029238885 0.6725301332357928
vp -0.10495751533344107 0.70908300506197741
vp 0.039487831389001186 0.71572026607110195
vp 0.1767112021215152 0.69468549656478673
cstype bezier
deg 1
curv2 1129 1130 1131 1132 1133 1134 1135 1136 1137 1138 1139 1140 1141 1142 1143 1144 1145 1146 1147 1148 1149 1150 1151 1152 1153 1154 1155 1156 1157 1158 1159 1160 1129
parm u 0 0.14074506948935789 0.28149013897871578 0.42223520846807366 0.56298027795743155 0.7037253474467895 0.84447041693614733 0.98521548642550516 1.1259605559148631 1.266705625404221 1.407450694893579 1.5481957643829367 1.6889408338722947 1.8296859033616526 1.9704309728510103 2.111176042340368 2.2519211118297262 2.3926661813190844 2.5334112508084421 2.6741563202977998 2.814901389787158 2.9556464592765157 3.0963915287658734 3.2371365982552316 3.3778816677445893 3.518626737233947 3.6593718067233052 3.8001168762126629 3.9408619457020206 4.0816070151913788 4.2223520846807361 4.3630971541700942 4.5038422236594524
end
v -311.94971140832376 11.220415376641943 -114.63400492659829
v -321.50668944901975 11.220415376641943 -110.26589260156047
v -307.58159908328594 11.220415376641943 -105.07702688590223
v -317.13857712398192 11.220415376641943 -100.70891456086441
cstype bspline
deg 1 1
surf -5.2876206352798505 5.2876206352798505 -5.2876206352798505 5.2876206352798505 383 384 385 386
parm u -5.2876206352798505 -5.2876206352798505 5.2876206352798505 5.2876206352798505
parm v -5.2876206352798505 -5.2876206352798505 5.2876206352798505 5.2876206352798505
trim 0 26.578480228423956 114
hole 0 4.5038422236594524 115
end
# - trim loop
vp 4.2300965082238804 0
vp 4.1594766054567476 0.76972127263437229
vp 3.9330942457116014 1.5570761456133617
vp 3.5405717894050786 2.3147500670605421
vp 2.9911299260386421 2.9911299260386421
vp 2.3147500670605421 3.5405717894050786
vp 1.5570761456133617 3.9330942457116014
vp 0.76972127263437251 4.1594766054567476
vp 0 4.2300965082238804
vp -0.76972127263437207 4.1594766054567476
vp -1.5570761456133613 3.9330942457116014
vp -2.3147500670605421 3.5405717894050786
vp -2.9911299260386421 2.9911299260386421
vp -3.5405717894050786 2.3147500670605421
vp -3.9330942457116014 1.5570761456133619
vp -4.1594766054567476 0.76972127263437262
vp -4.2300965082238804 0
vp -4.1594766054567476 -0.76972127263437196
vp -3.9330942457116014 -1.5570761456133613
vp -3.5405717894050786 -2.3147500670605421
vp -2.9911299260386426 -2.9911299260386421
vp -2.3147500670605425 -3.5405717894050786
vp -1.5570761456133622 -3.9330942457116014
vp -0.76972127263437307 -4.1594766054567476
vp 0 -4.2300965082238804
vp 0.76972127263437151 -4.1594766054567476
vp 1.5570761456133606 -3.9330942457116014
vp 2.3147500670605412 -3.5405717894050786
vp 2.9911299260386413 -2.9911299260386421
vp 3.5405717894050777 -2.3147500670605421
vp 3.9330942457116005 -1.5570761456133617
vp 4.1594766054567476 -0.76972127263437229
cstype bezier
deg 1
curv2 1161 1162 1163 1164 1165 1166 1167 1168 1169 1170 1171 1172 1173 1174 1175 1176 1177 1178 1179 1180 1181 1182 1183 1184 1185 1186 1187 1188 1189 1190 1191 1192 1161
parm u 0 0.83057750713824863 1.6611550142764973 2.4917325214147459 3.3223100285529945 4.1528875356912431 4.9834650428294918 5.8140425499677404 6.644620057105989 7.4751975642442376 8.3057750713824863 9.1363525785207358 9.9669300856589835 10.797507592797231 11.628085099935481 12.45866260707373 13.289240114211978 14.119817621350226 14.950395128488475 15.780972635626725 16.611550142764973 17.44212764990322 18.272705157041472 19.103282664179719 19.933860171317967 20.764437678456215 21.595015185594463 22.425592692732714 23.256170199870962 24.086747707009209 24.917325214147461 25.747902721285708 26.578480228423956
end
v -311.94971140832376 11.717232077115883 -114.63400492659829
v -321.50668944901975 11.717232077115883 -110.26589260156047
v -307.58159908328594 11.717232077115883 -105.07702688590223
v -317.13857712398192 11.717232077115883 -100.70891456086441
cstype bspline
deg 1 1
surf -5.2876206352798505 5.2876206352798505 -5.2876206352798505 5.2876206352798505 387 388 389 390
parm u -5.2876206352798505 -5.2876206352798505 5.2876206352798505 5.2876206352798505
parm v -5.2876206352798505 -5.2876206352798505 5.2876206352798505 5.2876206352798505
trim 0 26.578480228423956 116
end
# - trim loop
vp 4.5038422236594524 0.49999999999999972
vp 4.5038422236594524 8.2982877820565957
cstype bezier
deg 1
curv2 1193 1194
parm u 0.49999999999999978 8.2982877820565957
end
vp 4.5038422236594524 8.2982877820565957
vp 0 8.2982877820565957
cstype bezier
deg 1
curv2 1195 1196
parm u 0 4.5038422236594524
end
vp 0 8.2982877820565957
vp 0 0.50000000000000089
cstype bezier
deg 1
curv2 1197 1198
parm u 0 7.7982877820565948
end
vp 0 0.50000000000000089
vp 4.5038422236594524 0.49999999999999972
cstype bezier
deg 1
curv2 1199 1200
parm u 0 4.5038422236594524
end
v -314.5465415469568 11.717232077115883 -106.95921865926174 1
v -315.25878263142641 11.717232077115883 -106.96161594006574 0.70710678118654757
v -315.25638535062245 11.717232077115883 -107.67385702453525 1
v -315.25398806981855 11.717232077115883 -108.38609810900485 0.70710678118654757
v -314.54174698534888 11.717232077115883 -108.38370082820087 1
v -313.82950590087944 11.717232077115883 -108.38130354739698 0.70710678118654757
v -313.83190318168329 11.717232077115883 -107.66906246292739 1
v -313.83430046248725 11.717232077115883 -106.95682137845783 0.70710678118654757
v -314.5465415469568 11.717232077115883 -106.95921865926174 1
v -314.5465415469568 3.4717761661867232 -106.95921865926174 1
v -315.25878263142641 3.4717761661867237 -106.96161594006574 0.70710678118654757
v -315.25638535062245 3.4717761661867232 -107.67385702453525 1
v -315.25398806981855 3.4717761661867237 -108.38609810900485 0.70710678118654757
v -314.54174698534888 3.4717761661867232 -108.38370082820087 1
v -313.82950590087944 3.4717761661867237 -108.38130354739698 0.70710678118654757
v -313.83190318168329 3.4717761661867232 -107.66906246292739 1
v -313.83430046248725 3.4717761661867237 -106.95682137845783 0.70710678118654757
v -314.5465415469568 3.4717761661867232 -106.95921865926174 1
cstype rat bspline
deg 2 1
surf 0 4.5038422236594524 0 8.2982877820565957 391 392 393 394 395 396 397 398 399 400 401 402 403 404 405 406 407 408
parm u 0 0 0 1.1259605559148631 1.1259605559148631 2.2519211118297262 2.2519211118297262 3.3778816677445893 3.3778816677445893 4.5038422236594524 4.5038422236594524 4.5038422236594524
parm v 0 0 8.2982877820565957 8.2982877820565957
trim 0.49999999999999978 8.2982877820565957 117 0 4.5038422236594524 118 0 7.7982877820565948 119 0 4.5038422236594524 120
end
usemtl diffuse_170_230_123_255
# - trim loop
vp 0.71680875280139555 0
vp 0.70484189475760139 0.13043270865548445
vp 0.66648039245388924 0.26385350967383803
vp 0.59996570849700792 0.3922447408447633
vp 0.50686032991973851 0.50686032991973851
vp 0.3922447408447633 0.59996570849700792
vp 0.26385350967383808 0.66648039245388924
vp 0.13043270865548445 0.70484189475760139
vp 0 0.71680875280139555
vp -0.13043270865548437 0.70484189475760151
vp -0.26385350967383792 0.66648039245388946
vp -0.39224474084476318 0.59996570849700803
vp -0.50686032991973839 0.50686032991973851
vp -0.59996570849700792 0.39224474084476335
vp -0.66648039245388924 0.26385350967383808
vp -0.70484189475760139 0.13043270865548454
vp -0.71680875280139555 0
vp -0.70484189475760151 -0.13043270865548434
vp -0.66648039245388946 -0.26385350967383792
vp -0.59996570849700803 -0.39224474084476318
vp -0.50686032991973851 -0.50686032991973839
vp -0.39224474084476335 -0.59996570849700792
vp -0.26385350967383808 -0.66648039245388924
vp -0.13043270865548454 -0.70484189475760139
vp 0 -0.71680875280139555
vp 0.13043270865548429 -0.70484189475760139
vp 0.2638535096738378 -0.66648039245388924
vp 0.39224474084476307 -0.59996570849700792
vp 0.50686032991973828 -0.50686032991973851
vp 0.59996570849700781 -0.3922447408447633
vp 0.66648039245388913 -0.26385350967383803
vp 0.70484189475760139 -0.13043270865548445
cstype bezier
deg 1
curv2 1201 1202 1203 1204 1205 1206 1207 1208 1209 1210 1211 1212 1213 1214 1215 1216 1217 1218 1219 1220 1221 1222 1223 1224 1225 1226 1227 1228 1229 1230 1231 1232 1201
parm u 0 0.14074506948935789 0.28149013897871578 0.42223520846807366 0.56298027795743155 0.7037253474467895 0.84447041693614733 0.98521548642550516 1.1259605559148631 1.266705625404221 1.407450694893579 1.5481957643829367 1.6889408338722947 1.8296859033616526 1.9704309728510103 2.111176042340368 2.2519211118297262 2.3926661813190844 2.5334112508084421 2.6741563202977998 2.814901389787158 2.9556464592765157 3.0963915287658734 3.2371365982552316 3.3778816677445893 3.518626737233947 3.6593718067233052 3.8001168762126629 3.9408619457020206 4.0816070151913788 4.2223520846807361 4.3630971541700942 4.5038422236594524
end
v -313.65084630956096 3.4717761661867232 -118.50701828227697
v -313.65683951157075 3.4717761661867232 -116.72641557110306
v -315.43144902073487 3.4717761661867232 -118.51301148428679
v -315.43744222274466 3.4717761661867232 -116.73240877311288
cstype bspline
deg 1 1
surf -0.8960109410017445 0.8960109410017445 -0.8960109410017445 0.8960109410017445 409 410 411 412
parm u -0.8960109410017445 -0.8960109410017445 0.8960109410017445 0.8960109410017445
parm v -0.8960109410017445 -0.8960109410017445 0.8960109410017445 0.8960109410017445
trim 0 4.5038422236594524 121
end
# - trim loop
vp 0 0
vp 26.578480228423956 0
cstype bezier
deg 1
curv2 1233 1234
parm u 0 26.578480228423956
end
vp 26.578480228423956 0
vp 26.578480228423956 0.5
cstype bezier
deg 1
curv2 1235 1236
parm u 0 0.5
end
vp 26.578480228423956 0.5
vp 0 0.5
cstype bezier
deg 1
curv2 1237 1238
parm u 0 26.578480228423956
end
vp 0 0.5
vp 0 0
cstype bezier
deg 1
curv2 1239 1240
parm u 0 0.5
end
v -318.3669354824313 11.220415376641943 -115.8724685976798 1
v -316.61969055241616 11.22041537664194 -112.04967738140141 0.70710678118654757
v -312.79689933613776 11.220415376641943 -113.79692231141651 1
v -308.97410811985941 11.22041537664194 -115.54416724143167 0.70710678118654757
v -310.72135304987449 11.220415376641943 -119.36695845771003 1
v -312.46859797988964 11.22041537664194 -123.18974967398846 0.70710678118654757
v -316.29138919616798 11.220415376641943 -121.44250474397334 1
v -320.11418041244644 11.22041537664194 -119.6952598139582 0.70710678118654757
v -318.3669354824313 11.220415376641943 -115.8724685976798 1
v -318.3669354824313 11.717232077115883 -115.8724685976798 1
v -316.61969055241616 11.717232077115883 -112.04967738140141 0.70710678118654757
v -312.79689933613776 11.717232077115883 -113.79692231141651 1
v -308.97410811985941 11.717232077115883 -115.54416724143167 0.70710678118654757
v -310.72135304987449 11.717232077115883 -119.36695845771003 1
v -312.46859797988964 11.717232077115883 -123.18974967398846 0.70710678118654757
v -316.29138919616798 11.717232077115883 -121.44250474397334 1
v -320.11418041244644 11.717232077115883 -119.6952598139582 0.70710678118654757
v -318.3669354824313 11.717232077115883 -115.8724685976798 1
cstype rat bspline
deg 2 1
surf 0 26.578480228423956 0 0.5 413 414 415 416 417 418 419 420 421 422 423 424 425 426 427 428 429 430
parm u 0 0 0 6.644620057105989 6.644620057105989 13.289240114211978 13.289240114211978 19.933860171317967 19.933860171317967 26.578480228423956 26.578480228423956 26.578480228423956
parm v 0 0 0.5 0.5
trim 0 26.578480228423956 122 0 0.5 123 0 26.578480228423956 124 0 0.5 125
end
# - trim loop
vp 4.2300965082238804 0
vp 4.1594766054567476 0.76972127263437229
vp 3.9330942457116014 1.5570761456133617
vp 3.5405717894050786 2.3147500670605421
vp 2.9911299260386421 2.9911299260386421
vp 2.3147500670605421 3.5405717894050786
vp 1.5570761456133617 3.9330942457116014
vp 0.76972127263437251 4.1594766054567476
vp 0 4.2300965082238804
vp -0.76972127263437207 4.1594766054567476
vp -1.5570761456133613 3.9330942457116014
vp -2.3147500670605421 3.5405717894050786
vp -2.9911299260386421 2.9911299260386421
vp -3.5405717894050786 2.3147500670605421
vp -3.9330942457116014 1.5570761456133619
vp -4.1594766054567476 0.76972127263437262
vp -4.2300965082238804 0
vp -4.1594766054567476 -0.76972127263437196
vp -3.9330942457116014 -1.5570761456133613
vp -3.5405717894050786 -2.3147500670605421
vp -2.9911299260386426 -2.9911299260386421
vp -2.3147500670605425 -3.5405717894050786
vp -1.5570761456133622 -3.9330942457116014
vp -0.76972127263437307 -4.1594766054567476
vp 0 -4.2300965082238804
vp 0.76972127263437151 -4.1594766054567476
vp 1.5570761456133606 -3.9330942457116014
vp 2.3147500670605412 -3.5405717894050786
vp 2.9911299260386413 -2.9911299260386421
vp 3.5405717894050777 -2.3147500670605421
vp 3.9330942457116005 -1.5570761456133617
vp 4.1594766054567476 -0.76972127263437229
cstype bezier
deg 1
curv2 1241 1242 1243 1244 1245 1246 1247 1248 1249 1250 1251 1252 1253 1254 1255 1256 1257 1258 1259 1260 1261 1262 1263 1264 1265 1266 1267 1268 1269 1270 1271 1272 1241
parm u 0 0.83057750713824863 1.6611550142764973 2.4917325214147459 3.3223100285529945 4.1528875356912431 4.9834650428294918 5.8140425499677404 6.644620057105989 7.4751975642442376 8.3057750713824863 9.1363525785207358 9.9669300856589835 10.797507592797231 11.628085099935481 12.45866260707373 13.289240114211978 14.119817621350226 14.950395128488475 15.780972635626725 16.611550142764973 17.44212764990322 18.272705157041472 19.103282664179719 19.933860171317967 20.764437678456215 21.595015185594463 22.425592692732714 23.256170199870962 24.086747707009209 24.917325214147461 25.747902721285708 26.578480228423956
end
# - hole loop
vp 0.30016816712680683 0.650933068399838
vp 0.41360273820559079 0.58544646471008022
vp 0.51869786890271452 0.49473963747457683
vp 0.60743633232517624 0.38057310764691582
vp 0.6725301332357928 0.24802824029238937
vp 0.70908300506197508 0.10495751533344291
vp 0.7157202660710974 -0.039487831388997571
vp 0.69468549656478029 -0.17671120212150951
vp 0.65093306839983001 -0.30016816712679883
vp 0.58544646471007444 -0.41360273820558768
vp 0.49473963747457278 -0.51869786890271596
vp 0.38057310764691299 -0.60743633232518146
vp 0.24802824029238704 -0.67253013323580091
vp 0.10495751533344032 -0.70908300506198474
vp -0.039487831389001124 -0.71572026607110739
vp -0.17671120212151459 -0.69468549656478928
vp -0.30016816712680594 -0.65093306839983711
vp -0.41360273820558935 -0.58544646471008277
vp -0.51869786890271297 -0.49473963747458227
vp -0.60743633232517502 -0.38057310764692315
vp -0.67253013323579258 -0.24802824029239745
vp -0.7090830050619763 -0.10495751533345048
vp -0.7157202660711004 0.039487831388991645
vp -0.69468549656478529 0.17671120212150618
vp -0.65093306839983711 0.30016816712679883
vp -0.58544646471008022 0.41360273820558435
vp -0.49473963747457722 0.51869786890271008
vp -0.3805731076469161 0.60743633232517402
vp -0.24802824029238885 0.6725301332357928
vp -0.10495751533344107 0.70908300506197741
vp 0.039487831389001186 0.71572026607110195
vp 0.1767112021215152 0.69468549656478673
cstype bezier
deg 1
curv2 1273 1274 1275 1276 1277 1278 1279 1280 1281 1282 1283 1284 1285 1286 1287 1288 1289 1290 1291 1292 1293 1294 1295 1296 1297 1298 1299 1300 1301 1302 1303 1304 1273
parm u 0 0.14074506948935789 0.28149013897871578 0.42223520846807366 0.56298027795743155 0.7037253474467895 0.84447041693614733 0.98521548642550516 1.1259605559148631 1.266705625404221 1.407450694893579 1.5481957643829367 1.6889408338722947 1.8296859033616526 1.9704309728510103 2.111176042340368 2.2519211118297262 2.3926661813190844 2.5334112508084421 2.6741563202977998 2.814901389787158 2.9556464592765157 3.0963915287658734 3.2371365982552316 3.3778816677445893 3.518626737233947 3.6593718067233052 3.8001168762126629 3.9408619457020206 4.0816070151913788 4.2223520846807361 4.3630971541700942 4.5038422236594524
end
v -311.94971140832376 11.220415376641943 -124.58225871056189
v -321.50668944901975 11.220415376641943 -120.21414638552406
v -307.58159908328594 11.220415376641943 -115.02528066986582
v -317.13857712398192 11.220415376641943 -110.65716834482801
cstype bspline
deg 1 1
surf -5.2876206352798505 5.2876206352798505 -5.2876206352798505 5.2876206352798505 431 432 433 434
parm u -5.2876206352798505 -5.2876206352798505 5.2876206352798505 5.2876206352798505
parm v -5.2876206352798505 -5.2876206352798505 5.2876206352798505 5.2876206352798505
trim 0 26.578480228423956 126
hole 0 4.5038422236594524 127
end
# - trim loop
vp 4.2300965082238804 0
vp 4.1594766054567476 0.76972127263437229
vp 3.9330942457116014 1.5570761456133617
vp 3.5405717894050786 2.3147500670605421
vp 2.9911299260386421 2.9911299260386421
vp 2.3147500670605421 3.5405717894050786
vp 1.5570761456133617 3.9330942457116014
vp 0.76972127263437251 4.1594766054567476
vp 0 4.2300965082238804
vp -0.76972127263437207 4.1594766054567476
vp -1.5570761456133613 3.9330942457116014
vp -2.3147500670605421 3.5405717894050786
vp -2.9911299260386421 2.9911299260386421
vp -3.5405717894050786 2.3147500670605421
vp -3.9330942457116014 1.5570761456133619
vp -4.1594766054567476 0.76972127263437262
vp -4.2300965082238804 0
vp -4.1594766054567476 -0.76972127263437196
vp -3.9330942457116014 -1.5570761456133613
vp -3.5405717894050786 -2.3147500670605421
vp -2.9911299260386426 -2.9911299260386421
vp -2.3147500670605425 -3.5405717894050786
vp -1.5570761456133622 -3.9330942457116014
vp -0.76972127263437307 -4.1594766054567476
vp 0 -4.2300965082238804
vp 0.76972127263437151 -4.1594766054567476
vp 1.5570761456133606 -3.9330942457116014
vp 2.3147500670605412 -3.5405717894050786
vp 2.9911299260386413 -2.9911299260386421
vp 3.5405717894050777 -2.3147500670605421
vp 3.9330942457116005 -1.5570761456133617
vp 4.1594766054567476 -0.76972127263437229
cstype bezier
deg 1
curv2 1305 1306 1307 1308 1309 1310 1311 1312 1313 1314 1315 1316 1317 1318 1319 1320 1321 1322 1323 1324 1325 1326 1327 1328 1329 1330 1331 1332 1333 1334 1335 1336 1305
parm u 0 0.83057750713824863 1.6611550142764973 2.4917325214147459 3.3223100285529945 4.1528875356912431 4.9834650428294918 5.8140425499677404 6.644620057105989 7.4751975642442376 8.3057750713824863 9.1363525785207358 9.9669300856589835 10.797507592797231 11.628085099935481 12.45866260707373 13.289240114211978 14.119817621350226 14.950395128488475 15.780972635626725 16.611550142764973 17.44212764990322 18.272705157041472 19.103282664179719 19.933860171317967 20.764437678456215 21.595015185594463 22.425592692732714 23.256170199870962 24.086747707009209 24.917325214147461 25.747902721285708 26.578480228423956
end
v -311.94971140832376 11.717232077115883 -124.58225871056189
v -321.50668944901975 11.717232077115883 -120.21414638552406
v -307.58159908328594 11.717232077115883 -115.02528066986582
v -317.13857712398192 11.717232077115883 -110.65716834482801
cstype bspline
deg 1 1
surf -5.2876206352798505 5.2876206352798505 -5.2876206352798505 5.2876206352798505 435 436 437 438
parm u -5.2876206352798505 -5.2876206352798505 5.2876206352798505 5.2876206352798505
parm v -5.2876206352798505 -5.2876206352798505 5.2876206352798505 5.2876206352798505
trim 0 26.578480228423956 128
end
# - trim loop
vp 4.5038422236594524 0.49999999999999972
vp 4.5038422236594524 8.2982877820565957
cstype bezier
deg 1
curv2 1337 1338
parm u 0.49999999999999978 8.2982877820565957
end
vp 4.5038422236594524 8.2982877820565957
vp 0 8.2982877820565957
cstype bezier
deg 1
curv2 1339 1340
parm u 0 4.5038422236594524
end
vp 0 8.2982877820565957
vp 0 0.50000000000000089
cstype bezier
deg 1
curv2 1341 1342
parm u 0 7.7982877820565948
end
vp 0 0.50000000000000089
vp 4.5038422236594524 0.49999999999999972
cstype bezier
deg 1
curv2 1343 1344
parm u 0 4.5038422236594524
end
v -314.5465415469568 11.717232077115883 -116.90747244322533 1
v -315.25878263142641 11.717232077115883 -116.90986972402933 0.70710678118654757
v -315.25638535062245 11.717232077115883 -117.62211080849885 1
v -315.25398806981855 11.717232077115883 -118.33435189296844 0.70710678118654757
v -314.54174698534888 11.717232077115883 -118.33195461216447 1
v -313.82950590087944 11.717232077115883 -118.32955733136058 0.70710678118654757
v -313.83190318168329 11.717232077115883 -117.61731624689098 1
v -313.83430046248725 11.717232077115883 -116.90507516242144 0.70710678118654757
v -314.5465415469568 11.717232077115883 -116.90747244322533 1
v -314.5465415469568 3.4717761661867232 -116.90747244322533 1
v -315.25878263142641 3.4717761661867237 -116.90986972402933 0.70710678118654757
v -315.25638535062245 3.4717761661867232 -117.62211080849885 1
v -315.25398806981855 3.4717761661867237 -118.33435189296844 0.70710678118654757
v -314.54174698534888 3.4717761661867232 -118.33195461216447 1
v -313.82950590087944 3.4717761661867237 -118.32955733136058 0.70710678118654757
v -313.83190318168329 3.4717761661867232 -117.61731624689098 1
v -313.83430046248725 3.4717761661867237 -116.90507516242144 0.70710678118654757
v -314.5465415469568 3.4717761661867232 -116.90747244322533 1
cstype rat bspline
deg 2 1
surf 0 4.5038422236594524 0 8.2982877820565957 439 440 441 442 443 444 445 446 447 448 449 450 451 452 453 454 455 456
parm u 0 0 0 1.1259605559148631 1.1259605559148631 2.2519211118297262 2.2519211118297262 3.3778816677445893 3.3778816677445893 4.5038422236594524 4.5038422236594524 4.5038422236594524
parm v 0 0 8.2982877820565957 8.2982877820565957
trim 0.49999999999999978 8.2982877820565957 129 0 4.5038422236594524 130 0 7.7982877820565948 131 0 4.5038422236594524 132
end
usemtl diffuse_170_230_123_255
# - trim loop
vp 0.71680875280139555 0
vp 0.70484189475760139 0.13043270865548445
vp 0.66648039245388924 0.26385350967383803
vp 0.59996570849700792 0.3922447408447633
vp 0.50686032991973851 0.50686032991973851
vp 0.3922447408447633 0.59996570849700792
vp 0.26385350967383808 0.66648039245388924
vp 0.13043270865548445 0.70484189475760139
vp 0 0.71680875280139555
vp -0.13043270865548437 0.70484189475760151
vp -0.26385350967383792 0.66648039245388946
vp -0.39224474084476318 0.59996570849700803
vp -0.50686032991973839 0.50686032991973851
vp -0.59996570849700792 0.39224474084476335
vp -0.66648039245388924 0.26385350967383808
vp -0.70484189475760139 0.13043270865548454
vp -0.71680875280139555 0
vp -0.70484189475760151 -0.13043270865548434
vp -0.66648039245388946 -0.26385350967383792
vp -0.59996570849700803 -0.39224474084476318
vp -0.50686032991973851 -0.50686032991973839
vp -0.39224474084476335 -0.59996570849700792
vp -0.26385350967383808 -0.66648039245388924
vp -0.13043270865548454 -0.70484189475760139
vp 0 -0.71680875280139555
vp 0.13043270865548429 -0.70484189475760139
vp 0.2638535096738378 -0.66648039245388924
vp 0.39224474084476307 -0.59996570849700792
vp 0.50686032991973828 -0.50686032991973851
vp 0.59996570849700781 -0.3922447408447633
vp 0.66648039245388913 -0.26385350967383803
vp 0.70484189475760139 -0.13043270865548445
cstype bezier
deg 1
curv2 1345 1346 1347 1348 1349 1350 1351 1352 1353 1354 1355 1356 1357 1358 1359 1360 1361 1362 1363 1364 1365 1366 1367 1368 1369 1370 1371 1372 1373 1374 1375 1376 1345
parm u 0 0.14074506948935789 0.28149013897871578 0.42223520846807366 0.56298027795743155 0.7037253474467895 0.84447041693614733 0.98521548642550516 1.1259605559148631 1.266705625404221 1.407450694893579 1.5481957643829367 1.6889408338722947 1.8296859033616526 1.9704309728510103 2.111176042340368 2.2519211118297262 2.3926661813190844 2.5334112508084421 2.6741563202977998 2.814901389787158 2.9556464592765157 3.0963915287658734 3.2371365982552316 3.3778816677445893 3.518626737233947 3.6593718067233052 3.8001168762126629 3.9408619457020206 4.0816070151913788 4.2223520846807361 4.3630971541700942 4.5038422236594524
end
v -301.55574395428056 6.3751026250583953 28.226404906411396
v -301.77788127120488 6.3751026250583953 29.324439952027276
v -302.65377899989647 6.3751026250583953 28.004267589487043
v -302.87591631682079 6.3751026250583953 29.102302635102923
cstype bspline
deg 1 1
surf -0.8960109410017445 0.8960109410017445 -0.8960109410017445 0.8960109410017445 457 458 459 460
parm u -0.8960109410017445 -0.8960109410017445 0.8960109410017445 0.8960109410017445
parm v -0.8960109410017445 -0.8960109410017445 0.8960109410017445 0.8960109410017445
trim 0 4.5038422236594524 133
end
# - trim loop
vp 0 0
vp 26.578480228423956 0
cstype bezier
deg 1
curv2 1377 1378
parm u 0 26.578480228423956
end
vp 26.578480228423956 0
vp 26.578480228423956 0.5
cstype bezier
deg 1
curv2 1379 1380
parm u 0 0.5
end
vp 26.578480228423956 0.5
vp 0 0.5
cstype bezier
deg 1
curv2 1381 1382
parm u 0 26.578480228423956
end
vp 0 0.5
vp 0 0
cstype bezier
deg 1
curv2 1383 1384
parm u 0 0.5
end
v -304.78913626239057 11.25018885984554 29.273571042599478 1
v -304.17991899054817 11.250188859845538 31.846877169439374 0.70710678118654757
v -301.60661286370839 11.25018885984554 31.237659897597005 1
v -299.03330673686844 11.250188859845538 30.628442625754634 0.70710678118654757
v -299.64252400871084 11.25018885984554 28.055136498914756 1
v -300.25174128055312 11.250188859845538 25.48183037207492 0.70710678118654757
v -302.82504740739307 11.25018885984554 26.09104764391727 1
v -305.39835353423291 11.250188859845538 26.70026491575966 0.70710678118654757
v -304.78913626239057 11.25018885984554 29.273571042599478 1
v -304.78913626239057 11.562763002467232 29.273571042599478 1
v -304.17991899054817 11.562763002467232 31.846877169439374 0.70710678118654757
v -301.60661286370839 11.562763002467232 31.237659897597005 1
v -299.03330673686844 11.562763002467232 30.628442625754634 0.70710678118654757
v -299.64252400871084 11.562763002467232 28.055136498914756 1
v -300.25174128055312 11.562763002467232 25.48183037207492 0.70710678118654757
v -302.82504740739307 11.562763002467232 26.09104764391727 1
v -305.39835353423291 11.562763002467232 26.70026491575966 0.70710678118654757
v -304.78913626239057 11.562763002467232 29.273571042599478 1
cstype rat bspline
deg 2 1
surf 0 26.578480228423956 0 0.5 461 462 463 464 465 466 467 468 469 470 471 472 473 474 475 476 477 478
parm u 0 0 0 6.644620057105989 6.644620057105989 13.289240114211978 13.289240114211978 19.933860171317967 19.933860171317967 26.578480228423956 26.578480228423956 26.578480228423956
parm v 0 0 0.5 0.5
trim 0 26.578480228423956 134 0 0.5 135 0 26.578480228423956 136 0 0.5 137
end
# - trim loop
vp 4.2300965082238804 0
vp 4.1594766054567476 0.76972127263437229
vp 3.9330942457116014 1.5570761456133617
vp 3.5405717894050786 2.3147500670605421
vp 2.9911299260386421 2.9911299260386421
vp 2.3147500670605421 3.5405717894050786
vp 1.5570761456133617 3.9330942457116014
vp 0.76972127263437251 4.1594766054567476
vp 0 4.2300965082238804
vp -0.76972127263437207 4.1594766054567476
vp -1.5570761456133613 3.9330942457116014
vp -2.3147500670605421 3.5405717894050786
vp -2.9911299260386421 2.9911299260386421
vp -3.5405717894050786 2.3147500670605421
vp -3.9330942457116014 1.5570761456133619
vp -4.1594766054567476 0.76972127263437262
vp -4.2300965082238804 0
vp -4.1594766054567476 -0.76972127263437196
vp -3.9330942457116014 -1.5570761456133613
vp -3.5405717894050786 -2.3147500670605421
vp -2.9911299260386426 -2.9911299260386421
vp -2.3147500670605425 -3.5405717894050786
vp -1.5570761456133622 -3.9330942457116014
vp -0.76972127263437307 -4.1594766054567476
vp 0 -4.2300965082238804
vp 0.76972127263437151 -4.1594766054567476
vp 1.5570761456133606 -3.9330942457116014
vp 2.3147500670605412 -3.5405717894050786
vp 2.9911299260386413 -2.9911299260386421
vp 3.5405717894050777 -2.3147500670605421
vp 3.9330942457116005 -1.5570761456133617
vp 4.1594766054567476 -0.76972127263437229
cstype bezier
deg 1
curv2 1385 1386 1387 1388 1389 1390 1391 1392 1393 1394 1395 1396 1397 1398 1399 1400 1401 1402 1403 1404 1405 1406 1407 1408 1409 1410 1411 1412 1413 1414 1415 1416 1385
parm u 0 0.83057750713824863 1.6611550142764973 2.4917325214147459 3.3223100285529945 4.1528875356912431 4.9834650428294918 5.8140425499677404 6.644620057105989 7.4751975642442376 8.3057750713824863 9.1363525785207358 9.9669300856589835 10.797507592797231 11.628085099935481 12.45866260707373 13.289240114211978 14.119817621350226 14.950395128488475 15.780972635626725 16.611550142764973 17.44212764990322 18.272705157041472 19.103282664179719 19.933860171317967 20.764437678456215 21.595015185594463 22.425592692732714 23.256170199870962 24.086747707009209 24.917325214147461 25.747902721285708 26.578480228423956
end
# - hole loop
vp 0.30016816712680683 0.650933068399838
vp 0.41360273820559079 0.58544646471008022
vp 0.51869786890271452 0.49473963747457683
vp 0.60743633232517624 0.38057310764691582
vp 0.6725301332357928 0.24802824029238937
vp 0.70908300506197508 0.10495751533344291
vp 0.7157202660710974 -0.039487831388997571
vp 0.69468549656478029 -0.17671120212150951
vp 0.65093306839983001 -0.30016816712679883
vp 0.58544646471007444 -0.41360273820558768
vp 0.49473963747457278 -0.51869786890271596
vp 0.38057310764691299 -0.60743633232518146
vp 0.24802824029238704 -0.67253013323580091
vp 0.10495751533344032 -0.70908300506198474
vp -0.039487831389001124 -0.71572026607110739
vp -0.17671120212151459 -0.69468549656478928
vp -0.30016816712680594 -0.65093306839983711
vp -0.41360273820558935 -0.58544646471008277
vp -0.51869786890271297 -0.49473963747458227
vp -0.60743633232517502 -0.38057310764692315
vp -0.67253013323579258 -0.24802824029239745
vp -0.7090830050619763 -0.10495751533345048
vp -0.7157202660711004 0.039487831388991645
vp -0.69468549656478529 0.17671120212150618
vp -0.65093306839983711 0.30016816712679883
vp -0.58544646471008022 0.41360273820558435
vp -0.49473963747457722 0.51869786890271008
vp -0.3805731076469161 0.60743633232517402
vp -0.24802824029238885 0.6725301332357928
vp -0.10495751533344107 0.70908300506197741
vp 0.039487831389001186 0.71572026607110195
vp 0.1767112021215152 0.69468549656478673
cstype bezier
deg 1
curv2 1417 1418 1419 1420 1421 1422 1423 1424 1425 1426 1427 1428 1429 1430 1431 1432 1433 1434 1435 1436 1437 1438 1439 1440 1441 1442 1443 1444 1445 1446 1447 1448 1417
parm u 0 0.14074506948935789 0.28149013897871578 0.42223520846807366 0.56298027795743155 0.7037253474467895 0.84447041693614733 0.98521548642550516 1.1259605559148631 1.266705625404221 1.407450694893579 1.5481957643829367 1.6889408338722947 1.8296859033616526 1.9704309728510103 2.111176042340368 2.2519211118297262 2.3926661813190844 2.5334112508084421 2.6741563202977998 2.814901389787158 2.9556464592765157 3.0963915287658734 3.2371365982552316 3.3778816677445893 3.518626737233947 3.6593718067233052 3.8001168762126629 3.9408619457020206 4.0816070151913788 4.2223520846807361 4.3630971541700942 4.5038422236594524
end
v -299.7607190668038 11.25018885984554 24.686199522404358
v -306.19398438390346 11.25018885984554 26.209242702010275
v -298.2376758871979 11.25018885984554 31.11946483950403
v -304.67094120429755 11.25018885984554 32.642508019109947
cstype bspline
deg 1 1
surf -5.2876206352798505 5.2876206352798505 -5.2876206352798505 5.2876206352798505 479 480 481 482
parm u -5.2876206352798505 -5.2876206352798505 5.2876206352798505 5.2876206352798505
parm v -5.2876206352798505 -5.2876206352798505 5.2876206352798505 5.2876206352798505
trim 0 26.578480228423956 138
hole 0 4.5038422236594524 139
end
# - trim loop
vp 4.2300965082238804 0
vp 4.1594766054567476 0.76972127263437229
vp 3.9330942457116014 1.5570761456133617
vp 3.5405717894050786 2.3147500670605421
vp 2.9911299260386421 2.9911299260386421
vp 2.3147500670605421 3.5405717894050786
vp 1.5570761456133617 3.9330942457116014
vp 0.76972127263437251 4.1594766054567476
vp 0 4.2300965082238804
vp -0.76972127263437207 4.1594766054567476
vp -1.5570761456133613 3.9330942457116014
vp -2.3147500670605421 3.5405717894050786
vp -2.9911299260386421 2.9911299260386421
vp -3.5405717894050786 2.3147500670605421
vp -3.9330942457116014 1.5570761456133619
vp -4.1594766054567476 0.76972127263437262
vp -4.2300965082238804 0
vp -4.1594766054567476 -0.76972127263437196
vp -3.9330942457116014 -1.5570761456133613
vp -3.5405717894050786 -2.3147500670605421
vp -2.9911299260386426 -2.9911299260386421
vp -2.3147500670605425 -3.5405717894050786
vp -1.5570761456133622 -3.9330942457116014
vp -0.76972127263437307 -4.1594766054567476
vp 0 -4.2300965082238804
vp 0.76972127263437151 -4.1594766054567476
vp 1.5570761456133606 -3.9330942457116014
vp 2.3147500670605412 -3.5405717894050786
vp 2.9911299260386413 -2.9911299260386421
vp 3.5405717894050777 -2.3147500670605421
vp 3.9330942457116005 -1.5570761456133617
vp 4.1594766054567476 -0.76972127263437229
cstype bezier
deg 1
curv2 1449 1450 1451 1452 1453 1454 1455 1456 1457 1458 1459 1460 1461 1462 1463 1464 1465 1466 1467 1468 1469 1470 1471 1472 1473 1474 1475 1476 1477 1478 1479 1480 1449
parm u 0 0.83057750713824863 1.6611550142764973 2.4917325214147459 3.3223100285529945 4.1528875356912431 4.9834650428294918 5.8140425499677404 6.644620057105989 7.4751975642442376 8.3057750713824863 9.1363525785207358 9.9669300856589835 10.797507592797231 11.628085099935481 12.45866260707373 13.289240114211978 14.119817621350226 14.950395128488475 15.780972635626725 16.611550142764973 17.44212764990322 18.272705157041472 19.103282664179719 19.933860171317967 20.764437678456215 21.595015185594463 22.425592692732714 23.256170199870962 24.086747707009209 24.917325214147461 25.747902721285708 26.578480228423956
end
v -299.7607190668038 11.562763002467232 24.686199522404358
v -306.19398438390346 11.562763002467232 26.209242702010275
v -298.2376758871979 11.562763002467232 31.11946483950403
v -304.67094120429755 11.562763002467232 32.642508019109947
cstype bspline
deg 1 1
surf -5.2876206352798505 5.2876206352798505 -5.2876206352798505 5.2876206352798505 483 484 485 486
parm u -5.2876206352798505 -5.2876206352798505 5.2876206352798505 5.2876206352798505
parm v -5.2876206352798505 -5.2876206352798505 5.2876206352798505 5.2876206352798505
trim 0 26.578480228423956 140
end
# - trim loop
vp 4.5038422236594524 0.49999999999999972
vp 4.5038422236594524 8.2982877820565957
cstype bezier
deg 1
curv2 1481 1482
parm u 0.49999999999999978 8.2982877820565957
end
vp 4.5038422236594524 8.2982877820565957
vp 0 8.2982877820565957
cstype bezier
deg 1
curv2 1483 1484
parm u 0 4.5038422236594524
end
vp 0 8.2982877820565957
vp 0 0.50000000000000089
cstype bezier
deg 1
curv2 1485 1486
parm u 0 7.7982877820565948
end
vp 0 0.50000000000000089
vp 4.5038422236594524 0.49999999999999972
cstype bezier
deg 1
curv2 1487 1488
parm u 0 4.5038422236594524
end
v -302.30468506232046 11.562763002467232 29.1035677890035 1
v -302.74389908056673 11.562763002467232 29.01471286223376 0.70710678118654757
v -302.65504415379706 11.562763002467232 28.575498843987397 1
v -302.56618922702734 11.562763002467232 28.136284825741043 0.70710678118654757
v -302.12697520878095 11.562763002467232 28.225139752510806 1
v -301.68776119053462 11.562763002467232 28.313994679280544 0.70710678118654757
v -301.77661611730434 11.562763002467232 28.753208697526894 1
v -301.86547104407401 11.562763002467232 29.192422715773255 0.70710678118654757
v -302.30468506232046 11.562763002467232 29.1035677890035 1
v -302.30468506232046 6.3751026250583953 29.1035677890035 1
v -302.74389908056673 6.3751026250583962 29.01471286223376 0.70710678118654757
v -302.65504415379706 6.3751026250583953 28.575498843987397 1
v -302.56618922702734 6.3751026250583962 28.136284825741043 0.70710678118654757
v -302.12697520878095 6.3751026250583953 28.225139752510806 1
v -301.68776119053462 6.3751026250583962 28.313994679280544 0.70710678118654757
v -301.77661611730434 6.3751026250583953 28.753208697526894 1
v -301.86547104407401 6.3751026250583962 29.192422715773255 0.70710678118654757
v -302.30468506232046 6.3751026250583953 29.1035677890035 1
cstype rat bspline
deg 2 1
surf 0 4.5038422236594524 0 8.2982877820565957 487 488 489 490 491 492 493 494 495 496 497 498 499 500 501 502 503 504
parm u 0 0 0 1.1259605559148631 1.1259605559148631 2.2519211118297262 2.2519211118297262 3.3778816677445893 3.3778816677445893 4.5038422236594524 4.5038422236594524 4.5038422236594524
parm v 0 0 8.2982877820565957 8.2982877820565957
trim 0.49999999999999978 8.2982877820565957 141 0 4.5038422236594524 142 0 7.7982877820565948 143 0 4.5038422236594524 144
end
usemtl diffuse_170_230_123_255
# - trim loop
vp 0.71680875280139555 0
vp 0.70484189475760139 0.13043270865548445
vp 0.66648039245388924 0.26385350967383803
vp 0.59996570849700792 0.3922447408447633
vp 0.50686032991973851 0.50686032991973851
vp 0.3922447408447633 0.59996570849700792
vp 0.26385350967383808 0.66648039245388924
vp 0.13043270865548445 0.70484189475760139
vp 0 0.71680875280139555
vp -0.13043270865548437 0.70484189475760151
vp -0.26385350967383792 0.66648039245388946
vp -0.39224474084476318 0.59996570849700803
vp -0.50686032991973839 0.50686032991973851
vp -0.59996570849700792 0.39224474084476335
vp -0.66648039245388924 0.26385350967383808
vp -0.70484189475760139 0.13043270865548454
vp -0.71680875280139555 0
vp -0.70484189475760151 -0.13043270865548434
vp -0.66648039245388946 -0.26385350967383792
vp -0.59996570849700803 -0.39224474084476318
vp -0.50686032991973851 -0.50686032991973839
vp -0.39224474084476335 -0.59996570849700792
vp -0.26385350967383808 -0.66648039245388924
vp -0.13043270865548454 -0.70484189475760139
vp 0 -0.71680875280139555
vp 0.13043270865548429 -0.70484189475760139
vp 0.2638535096738378 -0.66648039245388924
vp 0.39224474084476307 -0.59996570849700792
vp 0.50686032991973828 -0.50686032991973851
vp 0.59996570849700781 -0.3922447408447633
vp 0.66648039245388913 -0.26385350967383803
vp 0.70484189475760139 -0.13043270865548445
cstype bezier
deg 1
curv2 1489 1490 1491 1492 1493 1494 1495 1496 1497 1498 1499 1500 1501 1502 1503 1504 1505 1506 1507 1508 1509 1510 1511 1512 1513 1514 1515 1516 1517 1518 1519 1520 1489
parm u 0 0.14074506948935789 0.28149013897871578 0.42223520846807366 0.56298027795743155 0.7037253474467895 0.84447041693614733 0.98521548642550516 1.1259605559148631 1.266705625404221 1.407450694893579 1.5481957643829367 1.6889408338722947 1.8296859033616526 1.9704309728510103 2.111176042340368 2.2519211118297262 2.3926661813190844 2.5334112508084421 2.6741563202977998 2.814901389787158 2.9556464592765157 3.0963915287658734 3.2371365982552316 3.3778816677445893 3.518626737233947 3.6593718067233052 3.8001168762126629 3.9408619457020206 4.0816070151913788 4.2223520846807361 4.3630971541700942 4.5038422236594524
end
v -300.77012525317758 6.3751026250583953 38.402636802360071
v -300.9922625701019 6.3751026250583953 39.500671847975958
v -301.8681602987935 6.3751026250583953 38.18049948543571
v -302.09029761571782 6.3751026250583953 39.278534531051598
cstype bspline
deg 1 1
surf -0.8960109410017445 0.8960109410017445 -0.8960109410017445 0.8960109410017445 505 506 507 508
parm u -0.8960109410017445 -0.8960109410017445 0.8960109410017445 0.8960109410017445
parm v -0.8960109410017445 -0.8960109410017445 0.8960109410017445 0.8960109410017445
trim 0 4.5038422236594524 145
end
# - trim loop
vp 0 0
vp 26.578480228423956 0
cstype bezier
deg 1
curv2 1521 1522
parm u 0 26.578480228423956
end
vp 26.578480228423956 0
vp 26.578480228423956 0.5
cstype bezier
deg 1
curv2 1523 1524
parm u 0 0.5
end
vp 26.578480228423956 0.5
vp 0 0.5
cstype bezier
deg 1
curv2 1525 1526
parm u 0 26.578480228423956
end
vp 0 0.5
vp 0 0
cstype bezier
deg 1
curv2 1527 1528
parm u 0 0.5
end
v -304.00351756128759 11.25018885984554 39.449802938548196 1
v -303.3943002894452 11.250188859845538 42.02310906538807 0.70710678118654757
v -300.82099416260536 11.25018885984554 41.413891793545694 1
v -298.24768803576546 11.250188859845538 40.80467452170332 0.70710678118654757
v -298.85690530760786 11.25018885984554 38.23136839486346 1
v -299.46612257945014 11.250188859845538 35.65806226802361 0.70710678118654757
v -302.0394287062901 11.25018885984554 36.267279539865974 1
v -304.61273483312993 11.250188859845538 36.87649681170836 0.70710678118654757
v -304.00351756128759 11.25018885984554 39.449802938548196 1
v -304.00351756128759 11.562763002467232 39.449802938548196 1
v -303.3943002894452 11.562763002467232 42.02310906538807 0.70710678118654757
v -300.82099416260536 11.562763002467232 41.413891793545694 1
v -298.24768803576546 11.562763002467232 40.80467452170332 0.70710678118654757
v -298.85690530760786 11.562763002467232 38.23136839486346 1
v -299.46612257945014 11.562763002467232 35.65806226802361 0.70710678118654757
v -302.0394287062901 11.562763002467232 36.267279539865974 1
v -304.61273483312993 11.562763002467232 36.87649681170836 0.70710678118654757
v -304.00351756128759 11.562763002467232 39.449802938548196 1
cstype rat bspline
deg 2 1
surf 0 26.578480228423956 0 0.5 509 510 511 512 513 514 515 516 517 518 519 520 521 522 523 524 525 526
parm u 0 0 0 6.644620057105989 6.644620057105989 13.289240114211978 13.289240114211978 19.933860171317967 19.933860171317967 26.578480228423956 26.578480228423956 26.578480228423956
parm v 0 0 0.5 0.5
trim 0 26.578480228423956 146 0 0.5 147 0 26.578480228423956 148 0 0.5 149
end
# - trim loop
vp 4.2300965082238804 0
vp 4.1594766054567476 0.76972127263437229
vp 3.9330942457116014 1.5570761456133617
vp 3.5405717894050786 2.3147500670605421
vp 2.9911299260386421 2.9911299260386421
vp 2.3147500670605421 3.5405717894050786
vp 1.5570761456133617 3.9330942457116014
vp 0.76972127263437251 4.1594766054567476
vp 0 4.2300965082238804
vp -0.76972127263437207 4.1594766054567476
vp -1.5570761456133613 3.9330942457116014
vp -2.3147500670605421 3.5405717894050786
vp -2.9911299260386421 2.9911299260386421
vp -3.5405717894050786 2.3147500670605421
vp -3.9330942457116014 1.5570761456133619
vp -4.1594766054567476 0.76972127263437262
vp -4.2300965082238804 0
vp -4.1594766054567476 -0.76972127263437196
vp -3.9330942457116014 -1.5570761456133613
vp -3.5405717894050786 -2.3147500670605421
vp -2.9911299260386426 -2.9911299260386421
vp -2.3147500670605425 -3.5405717894050786
vp -1.5570761456133622 -3.9330942457116014
vp -0.76972127263437307 -4.1594766054567476
vp 0 -4.2300965082238804
vp 0.76972127263437151 -4.1594766054567476
vp 1.5570761456133606 -3.9330942457116014
vp 2.3147500670605412 -3.5405717894050786
vp 2.9911299260386413 -2.9911299260386421
vp 3.5405717894050777 -2.3147500670605421
vp 3.9330942457116005 -1.5570761456133617
vp 4.1594766054567476 -0.76972127263437229
cstype bezier
deg 1
curv2 1529 1530 1531 1532 1533 1534 1535 1536 1537 1538 1539 1540 1541 1542 1543 1544 1545 1546 1547 1548 1549 1550 1551 1552 1553 1554 1555 1556 1557 1558 1559 1560 1529
parm u 0 0.83057750713824863 1.6611550142764973 2.4917325214147459 3.3223100285529945 4.1528875356912431 4.9834650428294918 5.8140425499677404 6.644620057105989 7.4751975642442376 8.3057750713824863 9.1363525785207358 9.9669300856589835 10.797507592797231 11.628085099935481 12.45866260707373 13.289240114211978 14.119817621350226 14.950395128488475 15.780972635626725 16.611550142764973 17.44212764990322 18.272705157041472 19.103282664179719 19.933860171317967 20.764437678456215 21.595015185594463 22.425592692732714 23.256170199870962 24.086747707009209 24.917325214147461 25.747902721285708 26.578480228423956
end
# - hole loop
vp 0.30016816712680683 0.650933068399838
vp 0.41360273820559079 0.58544646471008022
vp 0.51869786890271452 0.49473963747457683
vp 0.60743633232517624 0.38057310764691582
vp 0.6725301332357928 0.24802824029238937
vp 0.70908300506197508 0.10495751533344291
vp 0.7157202660710974 -0.039487831388997571
vp 0.69468549656478029 -0.17671120212150951
vp 0.65093306839983001 -0.30016816712679883
vp 0.58544646471007444 -0.41360273820558768
vp 0.49473963747457278 -0.51869786890271596
vp 0.38057310764691299 -0.60743633232518146
vp 0.24802824029238704 -0.67253013323580091
vp 0.10495751533344032 -0.70908300506198474
vp -0.039487831389001124 -0.71572026607110739
vp -0.17671120212151459 -0.69468549656478928
vp -0.30016816712680594 -0.65093306839983711
vp -0.41360273820558935 -0.58544646471008277
vp -0.51869786890271297 -0.49473963747458227
vp -0.60743633232517502 -0.38057310764692315
vp -0.67253013323579258 -0.24802824029239745
vp -0.7090830050619763 -0.10495751533345048
vp -0.7157202660711004 0.039487831388991645
vp -0.69468549656478529 0.17671120212150618
vp -0.65093306839983711 0.30016816712679883
vp -0.58544646471008022 0.41360273820558435
vp -0.49473963747457722 0.51869786890271008
vp -0.3805731076469161 0.60743633232517402
vp -0.24802824029238885 0.6725301332357928
vp -0.10495751533344107 0.70908300506197741
vp 0.039487831389001186 0.71572026607110195
vp 0.1767112021215152 0.69468549656478673
cstype bezier
deg 1
curv2 1561 1562 1563 1564 1565 1566 1567 1568 1569 1570 1571 1572 1573 1574 1575 1576 1577 1578 1579 1580 1581 1582 1583 1584 1585 1586 1587 1588 1589 1590 1591 1592 1561
parm u 0 0.14074506948935789 0.28149013897871578 0.42223520846807366 0.56298027795743155 0.7037253474467895 0.84447041693614733 0.98521548642550516 1.1259605559148631 1.266705625404221 1.407450694893579 1.5481957643829367 1.6889408338722947 1.8296859033616526 1.9704309728510103 2.111176042340368 2.2519211118297262 2.3926661813190844 2.5334112508084421 2.6741563202977998 2.814901389787158 2.9556464592765157 3.0963915287658734 3.2371365982552316 3.3778816677445893 3.518626737233947 3.6593718067233052 3.8001168762126629 3.9408619457020206 4.0816070151913788 4.2223520846807361 4.3630971541700942 4.5038422236594524
end
v -298.97510036570083 11.25018885984554 34.862431418353033
v -305.40836568280048 11.25018885984554 36.385474597958954
v -297.45205718609492 11.25018885984554 41.295696735452701
v -303.88532250319457 11.25018885984554 42.818739915058622
cstype bspline
deg 1 1
surf -5.2876206352798505 5.2876206352798505 -5.2876206352798505 5.2876206352798505 527 528 529 530
parm u -5.2876206352798505 -5.2876206352798505 5.2876206352798505 5.2876206352798505
parm v -5.2876206352798505 -5.2876206352798505 5.2876206352798505 5.2876206352798505
trim 0 26.578480228423956 150
hole 0 4.5038422236594524 151
end
# - trim loop
vp 4.2300965082238804 0
vp 4.1594766054567476 0.76972127263437229
vp 3.9330942457116014 1.5570761456133617
vp 3.5405717894050786 2.3147500670605421
vp 2.9911299260386421 2.9911299260386421
vp 2.3147500670605421 3.5405717894050786
vp 1.5570761456133617 3.9330942457116014
vp 0.76972127263437251 4.1594766054567476
vp 0 4.2300965082238804
vp -0.76972127263437207 4.1594766054567476
vp -1.5570761456133613 3.9330942457116014
vp -2.3147500670605421 3.5405717894050786
vp -2.9911299260386421 2.9911299260386421
vp -3.5405717894050786 2.3147500670605421
vp -3.9330942457116014 1.5570761456133619
vp -4.1594766054567476 0.76972127263437262
vp -4.2300965082238804 0
vp -4.1594766054567476 -0.76972127263437196
vp -3.9330942457116014 -1.5570761456133613
vp -3.5405717894050786 -2.3147500670605421
vp -2.9911299260386426 -2.9911299260386421
vp -2.3147500670605425 -3.5405717894050786
vp -1.5570761456133622 -3.9330942457116014
vp -0.76972127263437307 -4.1594766054567476
vp 0 -4.2300965082238804
vp 0.76972127263437151 -4.1594766054567476
vp 1.5570761456133606 -3.9330942457116014
vp 2.3147500670605412 -3.5405717894050786
vp 2.9911299260386413 -2.9911299260386421
vp 3.5405717894050777 -2.3147500670605421
vp 3.9330942457116005 -1.5570761456133617
vp 4.1594766054567476 -0.76972127263437229
cstype bezier
deg 1
curv2 1593 1594 1595 1596 1597 1598 1599 1600 1601 1602 1603 1604 1605 1606 1607 1608 1609 1610 1611 1612 1613 1614 1615 1616 1617 1618 1619 1620 1621 1622 1623 1624 1593
parm u 0 0.83057750713824863 1.6611550142764973 2.4917325214147459 3.3223100285529945 4.1528875356912431 4.9834650428294918 5.8140425499677404 6.644620057105989 7.4751975642442376 8.3057750713824863 9.1363525785207358 9.9669300856589835 10.797507592797231 11.628085099935481 12.45866260707373 13.289240114211978 14.119817621350226 14.950395128488475 15.780972635626725 16.611550142764973 17.44212764990322 18.272705157041472 19.103282664179719 19.933860171317967 20.764437678456215 21.595015185594463 22.425592692732714 23.256170199870962 24.086747707009209 24.917325214147461 25.747902721285708 26.578480228423956
end
v -298.97510036570083 11.562763002467232 34.862431418353033
v -305.40836568280048 11.562763002467232 36.385474597958954
v -297.45205718609492 11.562763002467232 41.295696735452701
v -303.88532250319457 11.562763002467232 42.818739915058622
cstype bspline
deg 1 1
surf -5.2876206352798505 5.2876206352798505 -5.2876206352798505 5.2876206352798505 531 532 533 534
parm u -5.2876206352798505 -5.2876206352798505 5.2876206352798505 5.2876206352798505
parm v -5.2876206352798505 -5.2876206352798505 5.2876206352798505 5.2876206352798505
trim 0 26.578480228423956 152
end
# - trim loop
vp 4.5038422236594524 0.49999999999999972
vp 4.5038422236594524 8.2982877820565957
cstype bezier
deg 1
curv2 1625 1626
parm u 0.49999999999999978 8.2982877820565957
end
vp 4.5038422236594524 8.2982877820565957
vp 0 8.2982877820565957
cstype bezier
deg 1
curv2 1627 1628
parm u 0 4.5038422236594524
end
vp 0 8.2982877820565957
vp 0 0.50000000000000089
cstype bezier
deg 1
curv2 1629 1630
parm u 0 7.7982877820565948
end
vp 0 0.50000000000000089
vp 4.5038422236594524 0.49999999999999972
cstype bezier
deg 1
curv2 1631 1632
parm u 0 4.5038422236594524
end
v -301.51906636121748 11.562763002467232 39.2797996849522 1
v -301.95828037946376 11.562763002467232 39.19094475818245 0.70710678118654757
v -301.86942545269414 11.562763002467232 38.7517307399361 1
v -301.7805705259243 11.562763002467232 38.31251672168974 0.70710678118654757
v -301.34135650767797 11.562763002467232 38.401371648459495 1
v -300.90214248943164 11.562763002467232 38.49022657522923 0.70710678118654757
v -300.99099741620137 11.562763002467232 38.92944059347558 1
v -301.07985234297104 11.562763002467232 39.368654611721944 0.70710678118654757
v -301.51906636121748 11.562763002467232 39.2797996849522 1
v -301.51906636121748 6.3751026250583953 39.2797996849522 1
v -301.95828037946376 6.3751026250583962 39.19094475818245 0.70710678118654757
v -301.86942545269414 6.3751026250583953 38.7517307399361 1
v -301.7805705259243 6.3751026250583962 38.31251672168974 0.70710678118654757
v -301.34135650767797 6.3751026250583953 38.401371648459495 1
v -300.90214248943164 6.3751026250583962 38.49022657522923 0.70710678118654757
v -300.99099741620137 6.3751026250583953 38.92944059347558 1
v -301.07985234297104 6.3751026250583962 39.368654611721944 0.70710678118654757
v -301.51906636121748 6.3751026250583953 39.2797996849522 1
cstype rat bspline
deg 2 1
surf 0 4.5038422236594524 0 8.2982877820565957 535 536 537 538 539 540 541 542 543 544 545 546 547 548 549 550 551 552
parm u 0 0 0 1.1259605559148631 1.1259605559148631 2.2519211118297262 2.2519211118297262 3.3778816677445893 3.3778816677445893 4.5038422236594524 4.5038422236594524 4.5038422236594524
parm v 0 0 8.2982877820565957 8.2982877820565957
trim 0.49999999999999978 8.2982877820565957 153 0 4.5038422236594524 154 0 7.7982877820565948 155 0 4.5038422236594524 156
end
usemtl diffuse_170_230_123_255
# - trim loop
vp 0.71680875280139555 0
vp 0.70484189475760139 0.13043270865548445
vp 0.66648039245388924 0.26385350967383803
vp 0.59996570849700792 0.3922447408447633
vp 0.50686032991973851 0.50686032991973851
vp 0.3922447408447633 0.59996570849700792
vp 0.26385350967383808 0.66648039245388924
vp 0.13043270865548445 0.70484189475760139
vp 0 0.71680875280139555
vp -0.13043270865548437 0.70484189475760151
vp -0.26385350967383792 0.66648039245388946
vp -0.39224474084476318 0.59996570849700803
vp -0.50686032991973839 0.50686032991973851
vp -0.59996570849700792 0.39224474084476335
vp -0.66648039245388924 0.26385350967383808
vp -0.70484189475760139 0.13043270865548454
vp -0.71680875280139555 0
vp -0.70484189475760151 -0.13043270865548434
vp -0.66648039245388946 -0.26385350967383792
vp -0.59996570849700803 -0.39224474084476318
vp -0.50686032991973851 -0.50686032991973839
vp -0.39224474084476335 -0.59996570849700792
vp -0.26385350967383808 -0.66648039245388924
vp -0.13043270865548454 -0.70484189475760139
vp 0 -0.71680875280139555
vp 0.13043270865548429 -0.70484189475760139
vp 0.2638535096738378 -0.66648039245388924
vp 0.39224474084476307 -0.59996570849700792
vp 0.50686032991973828 -0.50686032991973851
vp 0.59996570849700781 -0.3922447408447633
vp 0.66648039245388913 -0.26385350967383803
vp 0.70484189475760139 -0.13043270865548445
cstype bezier
deg 1
curv2 1633 1634 1635 1636 1637 1638 1639 1640 1641 1642 1643 1644 1645 1646 1647 1648 1649 1650 1651 1652 1653 1654 1655 1656 1657 1658 1659 1660 1661 1662 1663 1664 1633
parm u 0 0.14074506948935789 0.28149013897871578 0.42223520846807366 0.56298027795743155 0.7037253474467895 0.84447041693614733 0.98521548642550516 1.1259605559148631 1.266705625404221 1.407450694893579 1.5481957643829367 1.6889408338722947 1.8296859033616526 1.9704309728510103 2.111176042340368 2.2519211118297262 2.3926661813190844 2.5334112508084421 2.6741563202977998 2.814901389787158 2.9556464592765157 3.0963915287658734 3.2371365982552316 3.3778816677445893 3.518626737233947 3.6593718067233052 3.8001168762126629 3.9408619457020206 4.0816070151913788 4.2223520846807361 4.3630971541700942 4.5038422236594524
end
v -298.40370202948333 6.3751026250583953 54.591851207253185
v -298.62583934640764 6.3751026250583953 55.689886252869073
v -299.50173707509924 6.3751026250583953 54.369713890328825
v -299.72387439202356 6.3751026250583953 55.467748935944712
cstype bspline
deg 1 1
surf -0.8960109410017445 0.8960109410017445 -0.8960109410017445 0.8960109410017445 553 554 555 556
parm u -0.8960109410017445 -0.8960109410017445 0.8960109410017445 0.8960109410017445
parm v -0.8960109410017445 -0.8960109410017445 0.8960109410017445 0.8960109410017445
trim 0 4.5038422236594524 157
end
# - trim loop
vp 0 0
vp 26.578480228423956 0
cstype bezier
deg 1
curv2 1665 1666
parm u 0 26.578480228423956
end
vp 26.578480228423956 0
vp 26.578480228423956 0.5
cstype bezier
deg 1
curv2 1667 1668
parm u 0 0.5
end
vp 26.578480228423956 0.5
vp 0 0.5
cstype bezier
deg 1
curv2 1669 1670
parm u 0 26.578480228423956
end
vp 0 0.5
vp 0 0
cstype bezier
deg 1
curv2 1671 1672
parm u 0 0.5
end
v -301.63709433759334 11.25018885984554 55.63901734344127 1
v -301.02787706575089 11.250188859845538 58.21232347028116 0.70710678118654757
v -298.45457093891116 11.25018885984554 57.603106198438795 1
v -295.88126481207121 11.250188859845538 56.993888926596426 0.70710678118654757
v -296.49048208391361 11.25018885984554 54.420582799756545 1
v -297.09969935575589 11.250188859845538 51.84727667291671 0.70710678118654757
v -299.67300548259584 11.25018885984554 52.45649394475906 1
v -302.24631160943568 11.250188859845538 53.06571121660145 0.70710678118654757
v -301.63709433759334 11.25018885984554 55.63901734344127 1
v -301.63709433759334 11.562763002467232 55.63901734344127 1
v -301.02787706575089 11.562763002467232 58.21232347028116 0.70710678118654757
v -298.45457093891116 11.562763002467232 57.603106198438795 1
v -295.88126481207121 11.562763002467232 56.993888926596426 0.70710678118654757
v -296.49048208391361 11.562763002467232 54.420582799756545 1
v -297.09969935575589 11.562763002467232 51.84727667291671 0.70710678118654757
v -299.67300548259584 11.562763002467232 52.45649394475906 1
v -302.24631160943568 11.562763002467232 53.06571121660145 0.70710678118654757
v -301.63709433759334 11.562763002467232 55.63901734344127 1
cstype rat bspline
deg 2 1
surf 0 26.578480228423956 0 0.5 557 558 559 560 561 562 563 564 565 566 567 568 569 570 571 572 573 574
parm u 0 0 0 6.644620057105989 6.644620057105989 13.289240114211978 13.289240114211978 19.933860171317967 19.933860171317967 26.578480228423956 26.578480228423956 26.578480228423956
parm v 0 0 0.5 0.5
trim 0 26.578480228423956 158 0 0.5 159 0 26.578480228423956 160 0 0.5 161
end
# - trim loop
vp 4.2300965082238804 0
vp 4.1594766054567476 0.76972127263437229
vp 3.9330942457116014 1.5570761456133617
vp 3.5405717894050786 2.3147500670605421
vp 2.9911299260386421 2.9911299260386421
vp 2.3147500670605421 3.5405717894050786
vp 1.5570761456133617 3.9330942457116014
vp 0.76972127263437251 4.1594766054567476
vp 0 4.2300965082238804
vp -0.76972127263437207 4.1594766054567476
vp -1.5570761456133613 3.9330942457116014
vp -2.3147500670605421 3.5405717894050786
vp -2.9911299260386421 2.9911299260386421
vp -3.5405717894050786 2.3147500670605421
vp -3.9330942457116014 1.5570761456133619
vp -4.1594766054567476 0.76972127263437262
vp -4.2300965082238804 0
vp -4.1594766054567476 -0.76972127263437196
vp -3.9330942457116014 -1.5570761456133613
vp -3.5405717894050786 -2.3147500670605421
vp -2.9911299260386426 -2.9911299260386421
vp -2.3147500670605425 -3.5405717894050786
vp -1.5570761456133622 -3.9330942457116014
vp -0.76972127263437307 -4.1594766054567476
vp 0 -4.2300965082238804
vp 0.76972127263437151 -4.1594766054567476
vp 1.5570761456133606 -3.9330942457116014
vp 2.3147500670605412 -3.5405717894050786
vp 2.9911299260386413 -2.9911299260386421
vp 3.5405717894050777 -2.3147500670605421
vp 3.9330942457116005 -1.5570761456133617
vp 4.1594766054567476 -0.76972127263437229
cstype bezier
deg 1
curv2 1673 1674 1675 1676 1677 1678 1679 1680 1681 1682 1683 1684 1685 1686 1687 1688 1689 1690 1691 1692 1693 1694 1695 1696 1697 1698 1699 1700 1701 1702 1703 1704 1673
parm u 0 0.83057750713824863 1.6611550142764973 2.4917325214147459 3.3223100285529945 4.1528875356912431 4.9834650428294918 5.8140425499677404 6.644620057105989 7.4751975642442376 8.3057750713824863 9.1363525785207358 9.9669300856589835 10.797507592797231 11.628085099935481 12.45866260707373 13.289240114211978 14.119817621350226 14.950395128488475 15.780972635626725 16.611550142764973 17.44212764990322 18.272705157041472 19.103282664179719 19.933860171317967 20.764437678456215 21.595015185594463 22.425592692732714 23.256170199870962 24.086747707009209 24.917325214147461 25.747902721285708 26.578480228423956
end
# - hole loop
vp 0.30016816712680683 0.650933068399838
vp 0.41360273820559079 0.58544646471008022
vp 0.51869786890271452 0.49473963747457683
vp 0.60743633232517624 0.38057310764691582
vp 0.6725301332357928 0.24802824029238937
vp 0.70908300506197508 0.10495751533344291
vp 0.7157202660710974 -0.039487831388997571
vp 0.69468549656478029 -0.17671120212150951
vp 0.65093306839983001 -0.30016816712679883
vp 0.58544646471007444 -0.41360273820558768
vp 0.49473963747457278 -0.51869786890271596
vp 0.38057310764691299 -0.60743633232518146
vp 0.24802824029238704 -0.67253013323580091
vp 0.10495751533344032 -0.70908300506198474
vp -0.039487831389001124 -0.71572026607110739
vp -0.17671120212151459 -0.69468549656478928
vp -0.30016816712680594 -0.65093306839983711
vp -0.41360273820558935 -0.58544646471008277
vp -0.51869786890271297 -0.49473963747458227
vp -0.60743633232517502 -0.38057310764692315
vp -0.67253013323579258 -0.24802824029239745
vp -0.7090830050619763 -0.10495751533345048
vp -0.7157202660711004 0.039487831388991645
vp -0.69468549656478529 0.17671120212150618
vp -0.65093306839983711 0.30016816712679883
vp -0.58544646471008022 0.41360273820558435
vp -0.49473963747457722 0.51869786890271008
vp -0.3805731076469161 0.60743633232517402
vp -0.24802824029238885 0.6725301332357928
vp -0.10495751533344107 0.70908300506197741
vp 0.039487831389001186 0.71572026607110195
vp 0.1767112021215152 0.69468549656478673
cstype bezier
deg 1
curv2 1705 1706 1707 1708 1709 1710 1711 1712 1713 1714 1715 1716 1717 1718 1719 1720 1721 1722 1723 1724 1725 1726 1727 1728 1729 1730 1731 1732 1733 1734 1735 1736 1705
parm u 0 0.14074506948935789 0.28149013897871578 0.42223520846807366 0.56298027795743155 0.7037253474467895 0.84447041693614733 0.98521548642550516 1.1259605559148631 1.266705625404221 1.407450694893579 1.5481957643829367 1.6889408338722947 1.8296859033616526 1.9704309728510103 2.111176042340368 2.2519211118297262 2.3926661813190844 2.5334112508084421 2.6741563202977998 2.814901389787158 2.9556464592765157 3.0963915287658734 3.2371365982552316 3.3778816677445893 3.518626737233947 3.6593718067233052 3.8001168762126629 3.9408619457020206 4.0816070151913788 4.2223520846807361 4.3630971541700942 4.5038422236594524
end
v -296.60867714200657 11.25018885984554 51.051645823246147
v -303.04194245910622 11.25018885984554 52.574689002852068
v -295.08563396240066 11.25018885984554 57.484911140345815
v -301.51889927950032 11.25018885984554 59.007954319951736
cstype bspline
deg 1 1
surf -5.2876206352798505 5.2876206352798505 -5.2876206352798505 5.2876206352798505 575 576 577 578
parm u -5.2876206352798505 -5.2876206352798505 5.2876206352798505 5.2876206352798505
parm v -5.2876206352798505 -5.2876206352798505 5.2876206352798505 5.2876206352798505
trim 0 26.578480228423956 162
hole 0 4.5038422236594524 163
end
# - trim loop
vp 4.2300965082238804 0
vp 4.1594766054567476 0.76972127263437229
vp 3.9330942457116014 1.5570761456133617
vp 3.5405717894050786 2.3147500670605421
vp 2.9911299260386421 2.9911299260386421
vp 2.3147500670605421 3.5405717894050786
vp 1.5570761456133617 3.9330942457116014
vp 0.76972127263437251 4.1594766054567476
vp 0 4.2300965082238804
vp -0.76972127263437207 4.1594766054567476
vp -1.5570761456133613 3.9330942457116014
vp -2.3147500670605421 3.5405717894050786
vp -2.9911299260386421 2.9911299260386421
vp -3.5405717894050786 2.3147500670605421
vp -3.9330942457116014 1.5570761456133619
vp -4.1594766054567476 0.76972127263437262
vp -4.2300965082238804 0
vp -4.1594766054567476 -0.76972127263437196
vp -3.9330942457116014 -1.5570761456133613
vp -3.5405717894050786 -2.3147500670605421
vp -2.9911299260386426 -2.9911299260386421
vp -2.3147500670605425 -3.5405717894050786
vp -1.5570761456133622 -3.9330942457116014
vp -0.76972127263437307 -4.1594766054567476
vp 0 -4.2300965082238804
vp 0.76972127263437151 -4.1594766054567476
vp 1.5570761456133606 -3.9330942457116014
vp 2.3147500670605412 -3.5405717894050786
vp 2.9911299260386413 -2.9911299260386421
vp 3.5405717894050777 -2.3147500670605421
vp 3.9330942457116005 -1.5570761456133617
vp 4.1594766054567476 -0.76972127263437229
cstype bezier
deg 1
curv2 1737 1738 1739 1740 1741 1742 1743 1744 1745 1746 1747 1748 1749 1750 1751 1752 1753 1754 1755 1756 1757 1758 1759 1760 1761 1762 1763 1764 1765 1766 1767 1768 1737
parm u 0 0.83057750713824863 1.6611550142764973 2.4917325214147459 3.3223100285529945 4.1528875356912431 4.9834650428294918 5.8140425499677404 6.644620057105989 7.4751975642442376 8.3057750713824863 9.1363525785207358 9.9669300856589835 10.797507592797231 11.628085099935481 12.45866260707373 13.289240114211978 14.119817621350226 14.950395128488475 15.780972635626725 16.611550142764973 17.44212764990322 18.272705157041472 19.103282664179719 19.933860171317967 20.764437678456215 21.595015185594463 22.425592692732714 23.256170199870962 24.086747707009209 24.917325214147461 25.747902721285708 26.578480228423956
end
v -296.60867714200657 11.562763002467232 51.051645823246147
v -303.04194245910622 11.562763002467232 52.574689002852068
v -295.08563396240066 11.562763002467232 57.484911140345815
v -301.51889927950032 11.562763002467232 59.007954319951736
cstype bspline
deg 1 1
surf -5.2876206352798505 5.2876206352798505 -5.2876206352798505 5.2876206352798505 579 580 581 582
parm u -5.2876206352798505 -5.2876206352798505 5.2876206352798505 5.2876206352798505
parm v -5.2876206352798505 -5.2876206352798505 5.2876206352798505 5.2876206352798505
trim 0 26.578480228423956 164
end
# - trim loop
vp 4.5038422236594524 0.49999999999999972
vp 4.5038422236594524 8.2982877820565957
cstype bezier
deg 1
curv2 1769 1770
parm u 0.49999999999999978 8.2982877820565957
end
vp 4.5038422236594524 8.2982877820565957
vp 0 8.2982877820565957
cstype bezier
deg 1
curv2 1771 1772
parm u 0 4.5038422236594524
end
vp 0 8.2982877820565957
vp 0 0.50000000000000089
cstype bezier
deg 1
curv2 1773 1774
parm u 0 7.7982877820565948
end
vp 0 0.50000000000000089
vp 4.5038422236594524 0.49999999999999972
cstype bezier
deg 1
curv2 1775 1776
parm u 0 4.5038422236594524
end
v -299.15264313752323 11.562763002467232 55.46901408984529 1
v -299.5918571557695 11.562763002467232 55.380159163075554 0.70710678118654757
v -299.50300222899983 11.562763002467232 54.940945144829186 1
v -299.41414730223005 11.562763002467232 54.50173112658283 0.70710678118654757
v -298.97493328398372 11.562763002467232 54.590586053352595 1
v -298.53571926573733 11.562763002467232 54.67944098012234 0.70710678118654757
v -298.62457419250711 11.562763002467232 55.11865499836868 1
v -298.71342911927678 11.562763002467232 55.557869016615044 0.70710678118654757
v -299.15264313752323 11.562763002467232 55.46901408984529 1
v -299.15264313752323 6.3751026250583953 55.46901408984529 1
v -299.5918571557695 6.3751026250583962 55.380159163075554 0.70710678118654757
v -299.50300222899983 6.3751026250583953 54.940945144829186 1
v -299.41414730223005 6.3751026250583962 54.50173112658283 0.70710678118654757
v -298.97493328398372 6.3751026250583953 54.590586053352595 1
v -298.53571926573733 6.3751026250583962 54.67944098012234 0.70710678118654757
v -298.62457419250711 6.3751026250583953 55.11865499836868 1
v -298.71342911927678 6.3751026250583962 55.557869016615044 0.70710678118654757
v -299.15264313752323 6.3751026250583953 55.46901408984529 1
cstype rat bspline
deg 2 1
surf 0 4.5038422236594524 0 8.2982877820565957 583 584 585 586 587 588 589 590 591 592 593 594 595 596 597 598 599 600
parm u 0 0 0 1.1259605559148631 1.1259605559148631 2.2519211118297262 2.2519211118297262 3.3778816677445893 3.3778816677445893 4.5038422236594524 4.5038422236594524 4.5038422236594524
parm v 0 0 8.2982877820565957 8.2982877820565957
trim 0.49999999999999978 8.2982877820565957 165 0 4.5038422236594524 166 0 7.7982877820565948 167 0 4.5038422236594524 168
end
usemtl diffuse_170_230_123_255
# - trim loop
vp 0.71680875280139555 0
vp 0.70484189475760139 0.13043270865548445
vp 0.66648039245388924 0.26385350967383803
vp 0.59996570849700792 0.3922447408447633
vp 0.50686032991973851 0.50686032991973851
vp 0.3922447408447633 0.59996570849700792
vp 0.26385350967383808 0.66648039245388924
vp 0.13043270865548445 0.70484189475760139
vp 0 0.71680875280139555
vp -0.13043270865548437 0.70484189475760151
vp -0.26385350967383792 0.66648039245388946
vp -0.39224474084476318 0.59996570849700803
vp -0.50686032991973839 0.50686032991973851
vp -0.59996570849700792 0.39224474084476335
vp -0.66648039245388924 0.26385350967383808
vp -0.70484189475760139 0.13043270865548454
vp -0.71680875280139555 0
vp -0.70484189475760151 -0.13043270865548434
vp -0.66648039245388946 -0.26385350967383792
vp -0.59996570849700803 -0.39224474084476318
vp -0.50686032991973851 -0.50686032991973839
vp -0.39224474084476335 -0.59996570849700792
vp -0.26385350967383808 -0.66648039245388924
vp -0.13043270865548454 -0.70484189475760139
vp 0 -0.71680875280139555
vp 0.13043270865548429 -0.70484189475760139
vp 0.2638535096738378 -0.66648039245388924
vp 0.39224474084476307 -0.59996570849700792
vp 0.50686032991973828 -0.50686032991973851
vp 0.59996570849700781 -0.3922447408447633
vp 0.66648039245388913 -0.26385350967383803
vp 0.70484189475760139 -0.13043270865548445
cstype bezier
deg 1
curv2 1777 1778 1779 1780 1781 1782 1783 1784 1785 1786 1787 1788 1789 1790 1791 1792 1793 1794 1795 1796 1797 1798 1799 1800 1801 1802 1803 1804 1805 1806 1807 1808 1777
parm u 0 0.14074506948935789 0.28149013897871578 0.42223520846807366 0.56298027795743155 0.7037253474467895 0.84447041693614733 0.98521548642550516 1.1259605559148631 1.266705625404221 1.407450694893579 1.5481957643829367 1.6889408338722947 1.8296859033616526 1.9704309728510103 2.111176042340368 2.2519211118297262 2.3926661813190844 2.5334112508084421 2.6741563202977998 2.814901389787158 2.9556464592765157 3.0963915287658734 3.2371365982552316 3.3778816677445893 3.518626737233947 3.6593718067233052 3.8001168762126629 3.9408619457020206 4.0816070151913788 4.2223520846807361 4.3630971541700942 4.5038422236594524
end
v -297.61808332838035 6.3751026250583953 64.76808310320186
v -297.84022064530467 6.3751026250583953 65.866118148817733
v -298.71611837399627 6.3751026250583953 64.545945786277514
v -298.93825569092058 6.3751026250583953 65.643980831893387
cstype bspline
deg 1 1
surf -0.8960109410017445 0.8960109410017445 -0.8960109410017445 0.8960109410017445 601 602 603 604
parm u -0.8960109410017445 -0.8960109410017445 0.8960109410017445 0.8960109410017445
parm v -0.8960109410017445 -0.8960109410017445 0.8960109410017445 0.8960109410017445
trim 0 4.5038422236594524 169
end
# - trim loop
vp 0 0
vp 26.578480228423956 0
cstype bezier
deg 1
curv2 1809 1810
parm u 0 26.578480228423956
end
vp 26.578480228423956 0
vp 26.578480228423956 0.5
cstype bezier
deg 1
curv2 1811 1812
parm u 0 0.5
end
vp 26.578480228423956 0.5
vp 0 0.5
cstype bezier
deg 1
curv2 1813 1814
parm u 0 26.578480228423956
end
vp 0 0.5
vp 0 0
cstype bezier
deg 1
curv2 1815 1816
parm u 0 0.5
end
v -300.85147563649036 11.25018885984554 65.81524923938998 1
v -300.24225836464791 11.250188859845538 68.38855536622985 0.70710678118654757
v -297.66895223780813 11.25018885984554 67.77933809438748 1
v -295.09564611096823 11.250188859845538 67.17012082254512 0.70710678118654757
v -295.70486338281063 11.25018885984554 64.59681469570525 1
v -296.31408065465291 11.250188859845538 62.0235085688654 0.70710678118654757
v -298.88738678149286 11.25018885984554 62.632725840707764 1
v -301.4606929083327 11.250188859845538 63.241943112550146 0.70710678118654757
v -300.85147563649036 11.25018885984554 65.81524923938998 1
v -300.85147563649036 11.562763002467232 65.81524923938998 1
v -300.24225836464791 11.562763002467232 68.38855536622985 0.70710678118654757
v -297.66895223780813 11.562763002467232 67.77933809438748 1
v -295.09564611096823 11.562763002467232 67.17012082254512 0.70710678118654757
v -295.70486338281063 11.562763002467232 64.59681469570525 1
v -296.31408065465291 11.562763002467232 62.0235085688654 0.70710678118654757
v -298.88738678149286 11.562763002467232 62.632725840707764 1
v -301.4606929083327 11.562763002467232 63.241943112550146 0.70710678118654757
v -300.85147563649036 11.562763002467232 65.81524923938998 1
cstype rat bspline
deg 2 1
surf 0 26.578480228423956 0 0.5 605 606 607 608 609 610 611 612 613 614 615 616 617 618 619 620 621 622
parm u 0 0 0 6.644620057105989 6.644620057105989 13.289240114211978 13.289240114211978 19.933860171317967 19.933860171317967 26.578480228423956 26.578480228423956 26.578480228423956
parm v 0 0 0.5 0.5
trim 0 26.578480228423956 170 0 0.5 171 0 26.578480228423956 172 0 0.5 173
end
# - trim loop
vp 4.2300965082238804 0
vp 4.1594766054567476 0.76972127263437229
vp 3.9330942457116014 1.5570761456133617
vp 3.5405717894050786 2.3147500670605421
vp 2.9911299260386421 2.9911299260386421
vp 2.3147500670605421 3.5405717894050786
vp 1.5570761456133617 3.9330942457116014
vp 0.76972127263437251 4.1594766054567476
vp 0 4.2300965082238804
vp -0.76972127263437207 4.1594766054567476
vp -1.5570761456133613 3.9330942457116014
vp -2.3147500670605421 3.5405717894050786
vp -2.9911299260386421 2.9911299260386421
vp -3.5405717894050786 2.3147500670605421
vp -3.9330942457116014 1.5570761456133619
vp -4.1594766054567476 0.76972127263437262
vp -4.2300965082238804 0
vp -4.1594766054567476 -0.76972127263437196
vp -3.9330942457116014 -1.5570761456133613
vp -3.5405717894050786 -2.3147500670605421
vp -2.9911299260386426 -2.9911299260386421
vp -2.3147500670605425 -3.5405717894050786
vp -1.5570761456133622 -3.9330942457116014
vp -0.76972127263437307 -4.1594766054567476
vp 0 -4.2300965082238804
vp 0.76972127263437151 -4.1594766054567476
vp 1.5570761456133606 -3.9330942457116014
vp 2.3147500670605412 -3.5405717894050786
vp 2.9911299260386413 -2.9911299260386421
vp 3.5405717894050777 -2.3147500670605421
vp 3.9330942457116005 -1.5570761456133617
vp 4.1594766054567476 -0.76972127263437229
cstype bezier
deg 1
curv2 1817 1818 1819 1820 1821 1822 1823 1824 1825 1826 1827 1828 1829 1830 1831 1832 1833 1834 1835 1836 1837 1838 1839 1840 1841 1842 1843 1844 1845 1846 1847 1848 1817
parm u 0 0.83057750713824863 1.6611550142764973 2.4917325214147459 3.3223100285529945 4.1528875356912431 4.9834650428294918 5.8140425499677404 6.644620057105989 7.4751975642442376 8.3057750713824863 9.1363525785207358 9.9669300856589835 10.797507592797231 11.628085099935481 12.45866260707373 13.289240114211978 14.119817621350226 14.950395128488475 15.780972635626725 16.611550142764973 17.44212764990322 18.272705157041472 19.103282664179719 19.933860171317967 20.764437678456215 21.595015185594463 22.425592692732714 23.256170199870962 24.086747707009209 24.917325214147461 25.747902721285708 26.578480228423956
end
# - hole loop
vp 0.30016816712680683 0.650933068399838
vp 0.41360273820559079 0.58544646471008022
vp 0.51869786890271452 0.49473963747457683
vp 0.60743633232517624 0.38057310764691582
vp 0.6725301332357928 0.24802824029238937
vp 0.70908300506197508 0.10495751533344291
vp 0.7157202660710974 -0.039487831388997571
vp 0.69468549656478029 -0.17671120212150951
vp 0.65093306839983001 -0.30016816712679883
vp 0.58544646471007444 -0.41360273820558768
vp 0.49473963747457278 -0.51869786890271596
vp 0.38057310764691299 -0.60743633232518146
vp 0.24802824029238704 -0.67253013323580091
vp 0.10495751533344032 -0.70908300506198474
vp -0.039487831389001124 -0.71572026607110739
vp -0.17671120212151459 -0.69468549656478928
vp -0.30016816712680594 -0.65093306839983711
vp -0.41360273820558935 -0.58544646471008277
vp -0.51869786890271297 -0.49473963747458227
vp -0.60743633232517502 -0.38057310764692315
vp -0.67253013323579258 -0.24802824029239745
vp -0.7090830050619763 -0.10495751533345048
vp -0.7157202660711004 0.039487831388991645
vp -0.69468549656478529 0.17671120212150618
vp -0.65093306839983711 0.30016816712679883
vp -0.58544646471008022 0.41360273820558435
vp -0.49473963747457722 0.51869786890271008
vp -0.3805731076469161 0.60743633232517402
vp -0.24802824029238885 0.6725301332357928
vp -0.10495751533344107 0.70908300506197741
vp 0.039487831389001186 0.71572026607110195
vp 0.1767112021215152 0.69468549656478673
cstype bezier
deg 1
curv2 1849 1850 1851 1852 1853 1854 1855 1856 1857 1858 1859 1860 1861 1862 1863 1864 1865 1866 1867 1868 1869 1870 1871 1872 1873 1874 1875 1876 1877 1878 1879 1880 1849
parm u 0 0.14074506948935789 0.28149013897871578 0.42223520846807366 0.56298027795743155 0.7037253474467895 0.84447041693614733 0.98521548642550516 1.1259605559148631 1.266705625404221 1.407450694893579 1.5481957643829367 1.6889408338722947 1.8296859033616526 1.9704309728510103 2.111176042340368 2.2519211118297262 2.3926661813190844 2.5334112508084421 2.6741563202977998 2.814901389787158 2.9556464592765157 3.0963915287658734 3.2371365982552316 3.3778816677445893 3.518626737233947 3.6593718067233052 3.8001168762126629 3.9408619457020206 4.0816070151913788 4.2223520846807361 4.3630971541700942 4.5038422236594524
end
v -295.82305844090359 11.25018885984554 61.227877719194815
v -302.25632375800325 11.25018885984554 62.750920898800736
v -294.30001526129769 11.25018885984554 67.66114303629449
v -300.73328057839734 11.25018885984554 69.184186215900411
cstype bspline
deg 1 1
surf -5.2876206352798505 5.2876206352798505 -5.2876206352798505 5.2876206352798505 623 624 625 626
parm u -5.2876206352798505 -5.2876206352798505 5.2876206352798505 5.2876206352798505
parm v -5.2876206352798505 -5.2876206352798505 5.2876206352798505 5.2876206352798505
trim 0 26.578480228423956 174
hole 0 4.5038422236594524 175
end
# - trim loop
vp 4.2300965082238804 0
vp 4.1594766054567476 0.76972127263437229
vp 3.9330942457116014 1.5570761456133617
vp 3.5405717894050786 2.3147500670605421
vp 2.9911299260386421 2.9911299260386421
vp 2.3147500670605421 3.5405717894050786
vp 1.5570761456133617 3.9330942457116014
vp 0.76972127263437251 4.1594766054567476
vp 0 4.2300965082238804
vp -0.76972127263437207 4.1594766054567476
vp -1.5570761456133613 3.9330942457116014
vp -2.3147500670605421 3.5405717894050786
vp -2.9911299260386421 2.9911299260386421
vp -3.5405717894050786 2.3147500670605421
vp -3.9330942457116014 1.5570761456133619
vp -4.1594766054567476 0.76972127263437262
vp -4.2300965082238804 0
vp -4.1594766054567476 -0.76972127263437196
vp -3.9330942457116014 -1.5570761456133613
vp -3.5405717894050786 -2.3147500670605421
vp -2.9911299260386426 -2.9911299260386421
vp -2.3147500670605425 -3.5405717894050786
vp -1.5570761456133622 -3.9330942457116014
vp -0.76972127263437307 -4.1594766054567476
vp 0 -4.2300965082238804
vp 0.76972127263437151 -4.1594766054567476
vp 1.5570761456133606 -3.9330942457116014
vp 2.3147500670605412 -3.5405717894050786
vp 2.9911299260386413 -2.9911299260386421
vp 3.5405717894050777 -2.3147500670605421
vp 3.9330942457116005 -1.5570761456133617
vp 4.1594766054567476 -0.76972127263437229
cstype bezier
deg 1
curv2 1881 1882 1883 1884 1885 1886 1887 1888 1889 1890 1891 1892 1893 1894 1895 1896 1897 1898 1899 1900 1901 1902 1903 1904 1905 1906 1907 1908 1909 1910 1911 1912 1881
parm u 0 0.83057750713824863 1.6611550142764973 2.4917325214147459 3.3223100285529945 4.1528875356912431 4.9834650428294918 5.8140425499677404 6.644620057105989 7.4751975642442376 8.3057750713824863 9.1363525785207358 9.9669300856589835 10.797507592797231 11.628085099935481 12.45866260707373 13.289240114211978 14.119817621350226 14.950395128488475 15.780972635626725 16.611550142764973 17.44212764990322 18.272705157041472 19.103282664179719 19.933860171317967 20.764437678456215 21.595015185594463 22.425592692732714 23.256170199870962 24.086747707009209 24.917325214147461 25.747902721285708 26.578480228423956
end
v -295.82305844090359 11.562763002467232 61.227877719194815
v -302.25632375800325 11.562763002467232 62.750920898800736
v -294.30001526129769 11.562763002467232 67.66114303629449
v -300.73328057839734 11.562763002467232 69.184186215900411
cstype bspline
deg 1 1
surf -5.2876206352798505 5.2876206352798505 -5.2876206352798505 5.2876206352798505 627 628 629 630
parm u -5.2876206352798505 -5.2876206352798505 5.2876206352798505 5.2876206352798505
parm v -5.2876206352798505 -5.2876206352798505 5.2876206352798505 5.2876206352798505
trim 0 26.578480228423956 176
end
# - trim loop
vp 4.5038422236594524 0.49999999999999972
vp 4.5038422236594524 8.2982877820565957
cstype bezier
deg 1
curv2 1913 1914
parm u 0.49999999999999978 8.2982877820565957
end
vp 4.5038422236594524 8.2982877820565957
vp 0 8.2982877820565957
cstype bezier
deg 1
curv2 1915 1916
parm u 0 4.5038422236594524
end
vp 0 8.2982877820565957
vp 0 0.50000000000000089
cstype bezier
deg 1
curv2 1917 1918
parm u 0 7.7982877820565948
end
vp 0 0.50000000000000089
vp 4.5038422236594524 0.49999999999999972
cstype bezier
deg 1
curv2 1919 1920
parm u 0 4.5038422236594524
end
v -298.36702443642025 11.562763002467232 65.64524598579399 1
v -298.80623845466653 11.562763002467232 65.55639105902424 0.70710678118654757
v -298.71738352789691 11.562763002467232 65.11717704077789 1
v -298.62852860112707 11.562763002467232 64.67796302253153 0.70710678118654757
v -298.18931458288074 11.562763002467232 64.76681794930128 1
v -297.75010056463435 11.562763002467232 64.85567287607103 0.70710678118654757
v -297.83895549140414 11.562763002467232 65.29488689431737 1
v -297.92781041817381 11.562763002467232 65.73410091256373 0.70710678118654757
v -298.36702443642025 11.562763002467232 65.64524598579399 1
v -298.36702443642025 6.3751026250583953 65.64524598579399 1
v -298.80623845466653 6.3751026250583962 65.55639105902424 0.70710678118654757
v -298.71738352789691 6.3751026250583953 65.11717704077789 1
v -298.62852860112707 6.3751026250583962 64.67796302253153 0.70710678118654757
v -298.18931458288074 6.3751026250583953 64.76681794930128 1
v -297.75010056463435 6.3751026250583962 64.85567287607103 0.70710678118654757
v -297.83895549140414 6.3751026250583953 65.29488689431737 1
v -297.92781041817381 6.3751026250583962 65.73410091256373 0.70710678118654757
v -298.36702443642025 6.3751026250583953 65.64524598579399 1
cstype rat bspline
deg 2 1
surf 0 4.5038422236594524 0 8.2982877820565957 631 632 633 634 635 636 637 638 639 640 641 642 643 644 645 646 647 648
parm u 0 0 0 1.1259605559148631 1.1259605559148631 2.2519211118297262 2.2519211118297262 3.3778816677445893 3.3778816677445893 4.5038422236594524 4.5038422236594524 4.5038422236594524
parm v 0 0 8.2982877820565957 8.2982877820565957
trim 0.49999999999999978 8.2982877820565957 177 0 4.5038422236594524 178 0 7.7982877820565948 179 0 4.5038422236594524 180
end
usemtl diffuse_170_230_123_255
# - trim loop
vp 0.71680875280139555 0
vp 0.70484189475760139 0.13043270865548445
vp 0.66648039245388924 0.26385350967383803
vp 0.59996570849700792 0.3922447408447633
vp 0.50686032991973851 0.50686032991973851
vp 0.3922447408447633 0.59996570849700792
vp 0.26385350967383808 0.66648039245388924
vp 0.13043270865548445 0.70484189475760139
vp 0 0.71680875280139555
vp -0.13043270865548437 0.70484189475760151
vp -0.26385350967383792 0.66648039245388946
vp -0.39224474084476318 0.59996570849700803
vp -0.50686032991973839 0.50686032991973851
vp -0.59996570849700792 0.39224474084476335
vp -0.66648039245388924 0.26385350967383808
vp -0.70484189475760139 0.13043270865548454
vp -0.71680875280139555 0
vp -0.70484189475760151 -0.13043270865548434
vp -0.66648039245388946 -0.26385350967383792
vp -0.59996570849700803 -0.39224474084476318
vp -0.50686032991973851 -0.50686032991973839
vp -0.39224474084476335 -0.59996570849700792
vp -0.26385350967383808 -0.66648039245388924
vp -0.13043270865548454 -0.70484189475760139
vp 0 -0.71680875280139555
vp 0.13043270865548429 -0.70484189475760139
vp 0.2638535096738378 -0.66648039245388924
vp 0.39224474084476307 -0.59996570849700792
vp 0.50686032991973828 -0.50686032991973851
vp 0.59996570849700781 -0.3922447408447633
vp 0.66648039245388913 -0.26385350967383803
vp 0.70484189475760139 -0.13043270865548445
cstype bezier
deg 1
curv2 1921 1922 1923 1924 1925 1926 1927 1928 1929 1930 1931 1932 1933 1934 1935 1936 1937 1938 1939 1940 1941 1942 1943 1944 1945 1946 1947 1948 1949 1950 1951 1952 1921
parm u 0 0.14074506948935789 0.28149013897871578 0.42223520846807366 0.56298027795743155 0.7037253474467895 0.84447041693614733 0.98521548642550516 1.1259605559148631 1.266705625404221 1.407450694893579 1.5481957643829367 1.6889408338722947 1.8296859033616526 1.9704309728510103 2.111176042340368 2.2519211118297262 2.3926661813190844 2.5334112508084421 2.6741563202977998 2.814901389787158 2.9556464592765157 3.0963915287658734 3.2371365982552316 3.3778816677445893 3.518626737233947 3.6593718067233052 3.8001168762126629 3.9408619457020206 4.0816070151913788 4.2223520846807361 4.3630971541700942 4.5038422236594524
end
v -296.30987979479795 6.3751026250583953 73.838413956969859
v -296.53201711172227 6.3751026250583953 74.936449002585732
v -297.40791484041387 6.3751026250583953 73.616276640045513
v -297.63005215733818 6.3751026250583953 74.714311685661386
cstype bspline
deg 1 1
surf -0.8960109410017445 0.8960109410017445 -0.8960109410017445 0.8960109410017445 649 650 651 652
parm u -0.8960109410017445 -0.8960109410017445 0.8960109410017445 0.8960109410017445
parm v -0.8960109410017445 -0.8960109410017445 0.8960109410017445 0.8960109410017445
trim 0 4.5038422236594524 181
end
# - trim loop
vp 0 0
vp 26.578480228423956 0
cstype bezier
deg 1
curv2 1953 1954
parm u 0 26.578480228423956
end
vp 26.578480228423956 0
vp 26.578480228423956 0.5
cstype bezier
deg 1
curv2 1955 1956
parm u 0 0.5
end
vp 26.578480228423956 0.5
vp 0 0.5
cstype bezier
deg 1
curv2 1957 1958
parm u 0 26.578480228423956
end
vp 0 0.5
vp 0 0
cstype bezier
deg 1
curv2 1959 1960
parm u 0 0.5
end
v -299.54327210290796 11.25018885984554 74.88558009315794 1
v -298.93405483106551 11.250188859845538 77.45888621999784 0.70710678118654757
v -296.36074870422578 11.25018885984554 76.84966894815547 1
v -293.78744257738583 11.250188859845538 76.2404516763131 0.70710678118654757
v -294.39665984922823 11.25018885984554 73.66714554947322 1
v -295.00587712107051 11.250188859845538 71.0938394226334 0.70710678118654757
v -297.57918324791046 11.25018885984554 71.70305669447573 1
v -300.1524893747503 11.250188859845538 72.31227396631813 0.70710678118654757
v -299.54327210290796 11.25018885984554 74.88558009315794 1
v -299.54327210290796 11.562763002467232 74.88558009315794 1
v -298.93405483106551 11.562763002467232 77.45888621999784 0.70710678118654757
v -296.36074870422578 11.562763002467232 76.84966894815547 1
v -293.78744257738583 11.562763002467232 76.2404516763131 0.70710678118654757
v -294.39665984922823 11.562763002467232 73.66714554947322 1
v -295.00587712107051 11.562763002467232 71.0938394226334 0.70710678118654757
v -297.57918324791046 11.562763002467232 71.70305669447573 1
v -300.1524893747503 11.562763002467232 72.31227396631813 0.70710678118654757
v -299.54327210290796 11.562763002467232 74.88558009315794 1
cstype rat bspline
deg 2 1
surf 0 26.578480228423956 0 0.5 653 654 655 656 657 658 659 660 661 662 663 664 665 666 667 668 669 670
parm u 0 0 0 6.644620057105989 6.644620057105989 13.289240114211978 13.289240114211978 19.933860171317967 19.933860171317967 26.578480228423956 26.578480228423956 26.578480228423956
parm v 0 0 0.5 0.5
trim 0 26.578480228423956 182 0 0.5 183 0 26.578480228423956 184 0 0.5 185
end
# - trim loop
vp 4.2300965082238804 0
vp 4.1594766054567476 0.76972127263437229
vp 3.9330942457116014 1.5570761456133617
vp 3.5405717894050786 2.3147500670605421
vp 2.9911299260386421 2.9911299260386421
vp 2.3147500670605421 3.5405717894050786
vp 1.5570761456133617 3.9330942457116014
vp 0.76972127263437251 4.1594766054567476
vp 0 4.2300965082238804
vp -0.76972127263437207 4.1594766054567476
vp -1.5570761456133613 3.9330942457116014
vp -2.3147500670605421 3.5405717894050786
vp -2.9911299260386421 2.9911299260386421
vp -3.5405717894050786 2.3147500670605421
vp -3.9330942457116014 1.5570761456133619
vp -4.1594766054567476 0.76972127263437262
vp -4.2300965082238804 0
vp -4.1594766054567476 -0.76972127263437196
vp -3.9330942457116014 -1.5570761456133613
vp -3.5405717894050786 -2.3147500670605421
vp -2.9911299260386426 -2.9911299260386421
vp -2.3147500670605425 -3.5405717894050786
vp -1.5570761456133622 -3.9330942457116014
vp -0.76972127263437307 -4.1594766054567476
vp 0 -4.2300965082238804
vp 0.76972127263437151 -4.1594766054567476
vp 1.5570761456133606 -3.9330942457116014
vp 2.3147500670605412 -3.5405717894050786
vp 2.9911299260386413 -2.9911299260386421
vp 3.5405717894050777 -2.3147500670605421
vp 3.9330942457116005 -1.5570761456133617
vp 4.1594766054567476 -0.76972127263437229
cstype bezier
deg 1
curv2 1961 1962 1963 1964 1965 1966 1967 1968 1969 1970 1971 1972 1973 1974 1975 1976 1977 1978 1979 1980 1981 1982 1983 1984 1985 1986 1987 1988 1989 1990 1991 1992 1961
parm u 0 0.83057750713824863 1.6611550142764973 2.4917325214147459 3.3223100285529945 4.1528875356912431 4.9834650428294918 5.8140425499677404 6.644620057105989 7.4751975642442376 8.3057750713824863 9.1363525785207358 9.9669300856589835 10.797507592797231 11.628085099935481 12.45866260707373 13.289240114211978 14.119817621350226 14.950395128488475 15.780972635626725 16.611550142764973 17.44212764990322 18.272705157041472 19.103282664179719 19.933860171317967 20.764437678456215 21.595015185594463 22.425592692732714 23.256170199870962 24.086747707009209 24.917325214147461 25.747902721285708 26.578480228423956
end
# - hole loop
vp 0.30016816712680683 0.650933068399838
vp 0.41360273820559079 0.58544646471008022
vp 0.51869786890271452 0.49473963747457683
vp 0.60743633232517624 0.38057310764691582
vp 0.6725301332357928 0.24802824029238937
vp 0.70908300506197508 0.10495751533344291
vp 0.7157202660710974 -0.039487831388997571
vp 0.69468549656478029 -0.17671120212150951
vp 0.65093306839983001 -0.30016816712679883
vp 0.58544646471007444 -0.41360273820558768
vp 0.49473963747457278 -0.51869786890271596
vp 0.38057310764691299 -0.60743633232518146
vp 0.24802824029238704 -0.67253013323580091
vp 0.10495751533344032 -0.70908300506198474
vp -0.039487831389001124 -0.71572026607110739
vp -0.17671120212151459 -0.69468549656478928
vp -0.30016816712680594 -0.65093306839983711
vp -0.41360273820558935 -0.58544646471008277
vp -0.51869786890271297 -0.49473963747458227
vp -0.60743633232517502 -0.38057310764692315
vp -0.67253013323579258 -0.24802824029239745
vp -0.7090830050619763 -0.10495751533345048
vp -0.7157202660711004 0.039487831388991645
vp -0.69468549656478529 0.17671120212150618
vp -0.65093306839983711 0.30016816712679883
vp -0.58544646471008022 0.41360273820558435
vp -0.49473963747457722 0.51869786890271008
vp -0.3805731076469161 0.60743633232517402
vp -0.24802824029238885 0.6725301332357928
vp -0.10495751533344107 0.70908300506197741
vp 0.039487831389001186 0.71572026607110195
vp 0.1767112021215152 0.69468549656478673
cstype bezier
deg 1
curv2 1993 1994 1995 1996 1997 1998 1999 2000 2001 2002 2003 2004 2005 2006 2007 2008 2009 2010 2011 2012 2013 2014 2015 2016 2017 2018 2019 2020 2021 2022 2023 2024 1993
parm u 0 0.14074506948935789 0.28149013897871578 0.42223520846807366 0.56298027795743155 0.7037253474467895 0.84447041693614733 0.98521548642550516 1.1259605559148631 1.266705625404221 1.407450694893579 1.5481957643829367 1.6889408338722947 1.8296859033616526 1.9704309728510103 2.111176042340368 2.2519211118297262 2.3926661813190844 2.5334112508084421 2.6741563202977998 2.814901389787158 2.9556464592765157 3.0963915287658734 3.2371365982552316 3.3778816677445893 3.518626737233947 3.6593718067233052 3.8001168762126629 3.9408619457020206 4.0816070151913788 4.2223520846807361 4.3630971541700942 4.5038422236594524
end
v -294.51485490732119 11.25018885984554 70.298208572962821
v -300.94812022442085 11.25018885984554 71.821251752568742
v -292.99181172771529 11.25018885984554 76.731473890062489
v -299.42507704481494 11.25018885984554 78.25451706966841
cstype bspline
deg 1 1
surf -5.2876206352798505 5.2876206352798505 -5.2876206352798505 5.2876206352798505 671 672 673 674
parm u -5.2876206352798505 -5.2876206352798505 5.2876206352798505 5.2876206352798505
parm v -5.2876206352798505 -5.2876206352798505 5.2876206352798505 5.2876206352798505
trim 0 26.578480228423956 186
hole 0 4.5038422236594524 187
end
# - trim loop
vp 4.2300965082238804 0
vp 4.1594766054567476 0.76972127263437229
vp 3.9330942457116014 1.5570761456133617
vp 3.5405717894050786 2.3147500670605421
vp 2.9911299260386421 2.9911299260386421
vp 2.3147500670605421 3.5405717894050786
vp 1.5570761456133617 3.9330942457116014
vp 0.76972127263437251 4.1594766054567476
vp 0 4.2300965082238804
vp -0.76972127263437207 4.1594766054567476
vp -1.5570761456133613 3.9330942457116014
vp -2.3147500670605421 3.5405717894050786
vp -2.9911299260386421 2.9911299260386421
vp -3.5405717894050786 2.3147500670605421
vp -3.9330942457116014 1.5570761456133619
vp -4.1594766054567476 0.76972127263437262
vp -4.2300965082238804 0
vp -4.1594766054567476 -0.76972127263437196
vp -3.9330942457116014 -1.5570761456133613
vp -3.5405717894050786 -2.3147500670605421
vp -2.9911299260386426 -2.9911299260386421
vp -2.3147500670605425 -3.5405717894050786
vp -1.5570761456133622 -3.9330942457116014
vp -0.76972127263437307 -4.1594766054567476
vp 0 -4.2300965082238804
vp 0.76972127263437151 -4.1594766054567476
vp 1.5570761456133606 -3.9330942457116014
vp 2.3147500670605412 -3.5405717894050786
vp 2.9911299260386413 -2.9911299260386421
vp 3.5405717894050777 -2.3147500670605421
vp 3.9330942457116005 -1.5570761456133617
vp 4.1594766054567476 -0.76972127263437229
cstype bezier
deg 1
curv2 2025 2026 2027 2028 2029 2030 2031 2032 2033 2034 2035 2036 2037 2038 2039 2040 2041 2042 2043 2044 2045 2046 2047 2048 2049 2050 2051 2052 2053 2054 2055 2056 2025
parm u 0 0.83057750713824863 1.6611550142764973 2.4917325214147459 3.3223100285529945 4.1528875356912431 4.9834650428294918 5.8140425499677404 6.644620057105989 7.4751975642442376 8.3057750713824863 9.1363525785207358 9.9669300856589835 10.797507592797231 11.628085099935481 12.45866260707373 13.289240114211978 14.119817621350226 14.950395128488475 15.780972635626725 16.611550142764973 17.44212764990322 18.272705157041472 19.103282664179719 19.933860171317967 20.764437678456215 21.595015185594463 22.425592692732714 23.256170199870962 24.086747707009209 24.917325214147461 25.747902721285708 26.578480228423956
end
v -294.51485490732119 11.562763002467232 70.298208572962821
v -300.94812022442085 11.562763002467232 71.821251752568742
v -292.99181172771529 11.562763002467232 76.731473890062489
v -299.42507704481494 11.562763002467232 78.25451706966841
cstype bspline
deg 1 1
surf -5.2876206352798505 5.2876206352798505 -5.2876206352798505 5.2876206352798505 675 676 677 678
parm u -5.2876206352798505 -5.2876206352798505 5.2876206352798505 5.2876206352798505
parm v -5.2876206352798505 -5.2876206352798505 5.2876206352798505 5.2876206352798505
trim 0 26.578480228423956 188
end
# - trim loop
vp 4.5038422236594524 0.49999999999999972
vp 4.5038422236594524 8.2982877820565957
cstype bezier
deg 1
curv2 2057 2058
parm u 0.49999999999999978 8.2982877820565957
end
vp 4.5038422236594524 8.2982877820565957
vp 0 8.2982877820565957
cstype bezier
deg 1
curv2 2059 2060
parm u 0 4.5038422236594524
end
vp 0 8.2982877820565957
vp 0 0.50000000000000089
cstype bezier
deg 1
curv2 2061 2062
parm u 0 7.7982877820565948
end
vp 0 0.50000000000000089
vp 4.5038422236594524 0.49999999999999972
cstype bezier
deg 1
curv2 2063 2064
parm u 0 4.5038422236594524
end
v -297.05882090283785 11.562763002467232 74.71557683956196 1
v -297.49803492108413 11.562763002467232 74.62672191279222 0.70710678118654757
v -297.40917999431446 11.562763002467232 74.18750789454586 1
v -297.32032506754467 11.562763002467232 73.74829387629951 0.70710678118654757
v -296.88111104929834 11.562763002467232 73.83714880306927 1
v -296.44189703105195 11.562763002467232 73.92600372983901 0.70710678118654757
v -296.53075195782174 11.562763002467232 74.36521774808536 1
v -296.61960688459141 11.562763002467232 74.80443176633172 0.70710678118654757
v -297.05882090283785 11.562763002467232 74.71557683956196 1
v -297.05882090283785 6.3751026250583953 74.71557683956196 1
v -297.49803492108413 6.3751026250583962 74.62672191279222 0.70710678118654757
v -297.40917999431446 6.3751026250583953 74.18750789454586 1
v -297.32032506754467 6.3751026250583962 73.74829387629951 0.70710678118654757
v -296.88111104929834 6.3751026250583953 73.83714880306927 1
v -296.44189703105195 6.3751026250583962 73.92600372983901 0.70710678118654757
v -296.53075195782174 6.3751026250583953 74.36521774808536 1
v -296.61960688459141 6.3751026250583962 74.80443176633172 0.70710678118654757
v -297.05882090283785 6.3751026250583953 74.71557683956196 1
cstype rat bspline
deg 2 1
surf 0 4.5038422236594524 0 8.2982877820565957 679 680 681 682 683 684 685 686 687 688 689 690 691 692 693 694 695 696
parm u 0 0 0 1.1259605559148631 1.1259605559148631 2.2519211118297262 2.2519211118297262 3.3778816677445893 3.3778816677445893 4.5038422236594524 4.5038422236594524 4.5038422236594524
parm v 0 0 8.2982877820565957 8.2982877820565957
trim 0.49999999999999978 8.2982877820565957 189 0 4.5038422236594524 190 0 7.7982877820565948 191 0 4.5038422236594524 192
end
usemtl diffuse_170_230_123_255
# - trim loop
vp 0.71680875280139555 0
vp 0.70484189475760139 0.13043270865548445
vp 0.66648039245388924 0.26385350967383803
vp 0.59996570849700792 0.3922447408447633
vp 0.50686032991973851 0.50686032991973851
vp 0.3922447408447633 0.59996570849700792
vp 0.26385350967383808 0.66648039245388924
vp 0.13043270865548445 0.70484189475760139
vp 0 0.71680875280139555
vp -0.13043270865548437 0.70484189475760151
vp -0.26385350967383792 0.66648039245388946
vp -0.39224474084476318 0.59996570849700803
vp -0.50686032991973839 0.50686032991973851
vp -0.59996570849700792 0.39224474084476335
vp -0.66648039245388924 0.26385350967383808
vp -0.70484189475760139 0.13043270865548454
vp -0.71680875280139555 0
vp -0.70484189475760151 -0.13043270865548434
vp -0.66648039245388946 -0.26385350967383792
vp -0.59996570849700803 -0.39224474084476318
vp -0.50686032991973851 -0.50686032991973839
vp -0.39224474084476335 -0.59996570849700792
vp -0.26385350967383808 -0.66648039245388924
vp -0.13043270865548454 -0.70484189475760139
vp 0 -0.71680875280139555
vp 0.13043270865548429 -0.70484189475760139
vp 0.2638535096738378 -0.66648039245388924
vp 0.39224474084476307 -0.59996570849700792
vp 0.50686032991973828 -0.50686032991973851
vp 0.59996570849700781 -0.3922447408447633
vp 0.66648039245388913 -0.26385350967383803
vp 0.70484189475760139 -0.13043270865548445
cstype bezier
deg 1
curv2 2065 2066 2067 2068 2069 2070 2071 2072 2073 2074 2075 2076 2077 2078 2079 2080 2081 2082 2083 2084 2085 2086 2087 2088 2089 2090 2091 2092 2093 2094 2095 2096 2065
parm u 0 0.14074506948935789 0.28149013897871578 0.42223520846807366 0.56298027795743155 0.7037253474467895 0.84447041693614733 0.98521548642550516 1.1259605559148631 1.266705625404221 1.407450694893579 1.5481957643829367 1.6889408338722947 1.8296859033616526 1.9704309728510103 2.111176042340368 2.2519211118297262 2.3926661813190844 2.5334112508084421 2.6741563202977998 2.814901389787158 2.9556464592765157 3.0963915287658734 3.2371365982552316 3.3778816677445893 3.518626737233947 3.6593718067233052 3.8001168762126629 3.9408619457020206 4.0816070151913788 4.2223520846807361 4.3630971541700942 4.5038422236594524
end
v -295.52426109369497 6.3751026250583953 84.014645852918534
v -295.74639841061929 6.3751026250583953 85.112680898534407
v -296.62229613931089 6.3751026250583953 83.792508535994187
v -296.84443345623521 6.3751026250583953 84.890543581610061
cstype bspline
deg 1 1
surf -0.8960109410017445 0.8960109410017445 -0.8960109410017445 0.8960109410017445 697 698 699 700
parm u -0.8960109410017445 -0.8960109410017445 0.8960109410017445 0.8960109410017445
parm v -0.8960109410017445 -0.8960109410017445 0.8960109410017445 0.8960109410017445
trim 0 4.5038422236594524 193
end
# - trim loop
vp 0 0
vp 26.578480228423956 0
cstype bezier
deg 1
curv2 2097 2098
parm u 0 26.578480228423956
end
vp 26.578480228423956 0
vp 26.578480228423956 0.5
cstype bezier
deg 1
curv2 2099 2100
parm u 0 0.5
end
vp 26.578480228423956 0.5
vp 0 0.5
cstype bezier
deg 1
curv2 2101 2102
parm u 0 26.578480228423956
end
vp 0 0.5
vp 0 0
cstype bezier
deg 1
curv2 2103 2104
parm u 0 0.5
end
v -298.75765340180499 11.25018885984554 85.06181198910666 1
v -298.14843612996253 11.250188859845538 87.63511811594653 0.70710678118654757
v -295.57513000312275 11.25018885984554 87.02590084410416 1
v -293.00182387628286 11.250188859845538 86.41668357226179 0.70710678118654757
v -293.61104114812525 11.25018885984554 83.84337744542192 1
v -294.22025841996754 11.250188859845538 81.27007131858208 0.70710678118654757
v -296.79356454680749 11.25018885984554 81.87928859042444 1
v -299.36687067364733 11.250188859845538 82.48850586226682 0.70710678118654757
v -298.75765340180499 11.25018885984554 85.06181198910666 1
v -298.75765340180499 11.562763002467232 85.06181198910666 1
v -298.14843612996253 11.562763002467232 87.63511811594653 0.70710678118654757
v -295.57513000312275 11.562763002467232 87.02590084410416 1
v -293.00182387628286 11.562763002467232 86.41668357226179 0.70710678118654757
v -293.61104114812525 11.562763002467232 83.84337744542192 1
v -294.22025841996754 11.562763002467232 81.27007131858208 0.70710678118654757
v -296.79356454680749 11.562763002467232 81.87928859042444 1
v -299.36687067364733 11.562763002467232 82.48850586226682 0.70710678118654757
v -298.75765340180499 11.562763002467232 85.06181198910666 1
cstype rat bspline
deg 2 1
surf 0 26.578480228423956 0 0.5 701 702 703 704 705 706 707 708 709 710 711 712 713 714 715 716 717 718
parm u 0 0 0 6.644620057105989 6.644620057105989 13.289240114211978 13.289240114211978 19.933860171317967 19.933860171317967 26.578480228423956 26.578480228423956 26.578480228423956
parm v 0 0 0.5 0.5
trim 0 26.578480228423956 194 0 0.5 195 0 26.578480228423956 196 0 0.5 197
end
# - trim loop
vp 4.2300965082238804 0
vp 4.1594766054567476 0.76972127263437229
vp 3.9330942457116014 1.5570761456133617
vp 3.5405717894050786 2.3147500670605421
vp 2.9911299260386421 2.9911299260386421
vp 2.3147500670605421 3.5405717894050786
vp 1.5570761456133617 3.9330942457116014
vp 0.76972127263437251 4.1594766054567476
vp 0 4.2300965082238804
vp -0.76972127263437207 4.1594766054567476
vp -1.5570761456133613 3.9330942457116014
vp -2.3147500670605421 3.5405717894050786
vp -2.9911299260386421 2.9911299260386421
vp -3.5405717894050786 2.3147500670605421
vp -3.9330942457116014 1.5570761456133619
vp -4.1594766054567476 0.76972127263437262
vp -4.2300965082238804 0
vp -4.1594766054567476 -0.76972127263437196
vp -3.9330942457116014 -1.5570761456133613
vp -3.5405717894050786 -2.3147500670605421
vp -2.9911299260386426 -2.9911299260386421
vp -2.3147500670605425 -3.5405717894050786
vp -1.5570761456133622 -3.9330942457116014
vp -0.76972127263437307 -4.1594766054567476
vp 0 -4.2300965082238804
vp 0.76972127263437151 -4.1594766054567476
vp 1.5570761456133606 -3.9330942457116014
vp 2.3147500670605412 -3.5405717894050786
vp 2.9911299260386413 -2.9911299260386421
vp 3.5405717894050777 -2.3147500670605421
vp 3.9330942457116005 -1.5570761456133617
vp 4.1594766054567476 -0.76972127263437229
cstype bezier
deg 1
curv2 2105 2106 2107 2108 2109 2110 2111 2112 2113 2114 2115 2116 2117 2118 2119 2120 2121 2122 2123 2124 2125 2126 2127 2128 2129 2130 2131 2132 2133 2134 2135 2136 2105
parm u 0 0.83057750713824863 1.6611550142764973 2.4917325214147459 3.3223100285529945 4.1528875356912431 4.9834650428294918 5.8140425499677404 6.644620057105989 7.4751975642442376 8.3057750713824863 9.1363525785207358 9.9669300856589835 10.797507592797231 11.628085099935481 12.45866260707373 13.289240114211978 14.119817621350226 14.950395128488475 15.780972635626725 16.611550142764973 17.44212764990322 18.272705157041472 19.103282664179719 19.933860171317967 20.764437678456215 21.595015185594463 22.425592692732714 23.256170199870962 24.086747707009209 24.917325214147461 25.747902721285708 26.578480228423956
end
# - hole loop
vp 0.30016816712680683 0.650933068399838
vp 0.41360273820559079 0.58544646471008022
vp 0.51869786890271452 0.49473963747457683
vp 0.60743633232517624 0.38057310764691582
vp 0.6725301332357928 0.24802824029238937
vp 0.70908300506197508 0.10495751533344291
vp 0.7157202660710974 -0.039487831388997571
vp 0.69468549656478029 -0.17671120212150951
vp 0.65093306839983001 -0.30016816712679883
vp 0.58544646471007444 -0.41360273820558768
vp 0.49473963747457278 -0.51869786890271596
vp 0.38057310764691299 -0.60743633232518146
vp 0.24802824029238704 -0.67253013323580091
vp 0.10495751533344032 -0.70908300506198474
vp -0.039487831389001124 -0.71572026607110739
vp -0.17671120212151459 -0.69468549656478928
vp -0.30016816712680594 -0.65093306839983711
vp -0.41360273820558935 -0.58544646471008277
vp -0.51869786890271297 -0.49473963747458227
vp -0.60743633232517502 -0.38057310764692315
vp -0.67253013323579258 -0.24802824029239745
vp -0.7090830050619763 -0.10495751533345048
vp -0.7157202660711004 0.039487831388991645
vp -0.69468549656478529 0.17671120212150618
vp -0.65093306839983711 0.30016816712679883
vp -0.58544646471008022 0.41360273820558435
vp -0.49473963747457722 0.51869786890271008
vp -0.3805731076469161 0.60743633232517402
vp -0.24802824029238885 0.6725301332357928
vp -0.10495751533344107 0.70908300506197741
vp 0.039487831389001186 0.71572026607110195
vp 0.1767112021215152 0.69468549656478673
cstype bezier
deg 1
curv2 2137 2138 2139 2140 2141 2142 2143 2144 2145 2146 2147 2148 2149 2150 2151 2152 2153 2154 2155 2156 2157 2158 2159 2160 2161 2162 2163 2164 2165 2166 2167 2168 2137
parm u 0 0.14074506948935789 0.28149013897871578 0.42223520846807366 0.56298027795743155 0.7037253474467895 0.84447041693614733 0.98521548642550516 1.1259605559148631 1.266705625404221 1.407450694893579 1.5481957643829367 1.6889408338722947 1.8296859033616526 1.9704309728510103 2.111176042340368 2.2519211118297262 2.3926661813190844 2.5334112508084421 2.6741563202977998 2.814901389787158 2.9556464592765157 3.0963915287658734 3.2371365982552316 3.3778816677445893 3.518626737233947 3.6593718067233052 3.8001168762126629 3.9408619457020206 4.0816070151913788 4.2223520846807361 4.3630971541700942 4.5038422236594524
end
v -293.72923620621822 11.25018885984554 80.474440468911496
v -300.16250152331787 11.25018885984554 81.997483648517417
v -292.20619302661231 11.25018885984554 86.907705786011164
v -298.63945834371196 11.25018885984554 88.430748965617084
cstype bspline
deg 1 1
surf -5.2876206352798505 5.2876206352798505 -5.2876206352798505 5.2876206352798505 719 720 721 722
parm u -5.2876206352798505 -5.2876206352798505 5.2876206352798505 5.2876206352798505
parm v -5.2876206352798505 -5.2876206352798505 5.2876206352798505 5.2876206352798505
trim 0 26.578480228423956 198
hole 0 4.5038422236594524 199
end
# - trim loop
vp 4.2300965082238804 0
vp 4.1594766054567476 0.76972127263437229
vp 3.9330942457116014 1.5570761456133617
vp 3.5405717894050786 2.3147500670605421
vp 2.9911299260386421 2.9911299260386421
vp 2.3147500670605421 3.5405717894050786
vp 1.5570761456133617 3.9330942457116014
vp 0.76972127263437251 4.1594766054567476
vp 0 4.2300965082238804
vp -0.76972127263437207 4.1594766054567476
vp -1.5570761456133613 3.9330942457116014
vp -2.3147500670605421 3.5405717894050786
vp -2.9911299260386421 2.9911299260386421
vp -3.5405717894050786 2.3147500670605421
vp -3.9330942457116014 1.5570761456133619
vp -4.1594766054567476 0.76972127263437262
vp -4.2300965082238804 0
vp -4.1594766054567476 -0.76972127263437196
vp -3.9330942457116014 -1.5570761456133613
vp -3.5405717894050786 -2.3147500670605421
vp -2.9911299260386426 -2.9911299260386421
vp -2.3147500670605425 -3.5405717894050786
vp -1.5570761456133622 -3.9330942457116014
vp -0.76972127263437307 -4.1594766054567476
vp 0 -4.2300965082238804
vp 0.76972127263437151 -4.1594766054567476
vp 1.5570761456133606 -3.9330942457116014
vp 2.3147500670605412 -3.5405717894050786
vp 2.9911299260386413 -2.9911299260386421
vp 3.5405717894050777 -2.3147500670605421
vp 3.9330942457116005 -1.5570761456133617
vp 4.1594766054567476 -0.76972127263437229
cstype bezier
deg 1
curv2 2169 2170 2171 2172 2173 2174 2175 2176 2177 2178 2179 2180 2181 2182 2183 2184 2185 2186 2187 2188 2189 2190 2191 2192 2193 2194 2195 2196 2197 2198 2199 2200 2169
parm u 0 0.83057750713824863 1.6611550142764973 2.4917325214147459 3.3223100285529945 4.1528875356912431 4.9834650428294918 5.8140425499677404 6.644620057105989 7.4751975642442376 8.3057750713824863 9.1363525785207358 9.9669300856589835 10.797507592797231 11.628085099935481 12.45866260707373 13.289240114211978 14.119817621350226 14.950395128488475 15.780972635626725 16.611550142764973 17.44212764990322 18.272705157041472 19.103282664179719 19.933860171317967 20.764437678456215 21.595015185594463 22.425592692732714 23.256170199870962 24.086747707009209 24.917325214147461 25.747902721285708 26.578480228423956
end
v -293.72923620621822 11.562763002467232 80.474440468911496
v -300.16250152331787 11.562763002467232 81.997483648517417
v -292.20619302661231 11.562763002467232 86.907705786011164
v -298.63945834371196 11.562763002467232 88.430748965617084
cstype bspline
deg 1 1
surf -5.2876206352798505 5.2876206352798505 -5.2876206352798505 5.2876206352798505 723 724 725 726
parm u -5.2876206352798505 -5.2876206352798505 5.2876206352798505 5.2876206352798505
parm v -5.2876206352798505 -5.2876206352798505 5.2876206352798505 5.2876206352798505
trim 0 26.578480228423956 200
end
# - trim loop
vp 4.5038422236594524 0.49999999999999972
vp 4.5038422236594524 8.2982877820565957
cstype bezier
deg 1
curv2 2201 2202
parm u 0.49999999999999978 8.2982877820565957
end
vp 4.5038422236594524 8.2982877820565957
vp 0 8.2982877820565957
cstype bezier
deg 1
curv2 2203 2204
parm u 0 4.5038422236594524
end
vp 0 8.2982877820565957
vp 0 0.50000000000000089
cstype bezier
deg 1
curv2 2205 2206
parm u 0 7.7982877820565948
end
vp 0 0.50000000000000089
vp 4.5038422236594524 0.49999999999999972
cstype bezier
deg 1
curv2 2207 2208
parm u 0 4.5038422236594524
end
v -296.27320220173488 11.562763002467232 84.89180873551066 1
v -296.71241621998115 11.562763002467232 84.80295380874091 0.70710678118654757
v -296.62356129321154 11.562763002467232 84.36373979049456 1
v -296.5347063664417 11.562763002467232 83.9245257722482 0.70710678118654757
v -296.09549234819536 11.562763002467232 84.01338069901796 1
v -295.65627832994898 11.562763002467232 84.1022356257877 0.70710678118654757
v -295.74513325671876 11.562763002467232 84.54144964403405 1
v -295.83398818348843 11.562763002467232 84.9806636622804 0.70710678118654757
v -296.27320220173488 11.562763002467232 84.89180873551066 1
v -296.27320220173488 6.3751026250583953 84.89180873551066 1
v -296.71241621998115 6.3751026250583962 84.80295380874091 0.70710678118654757
v -296.62356129321154 6.3751026250583953 84.36373979049456 1
v -296.5347063664417 6.3751026250583962 83.9245257722482 0.70710678118654757
v -296.09549234819536 6.3751026250583953 84.01338069901796 1
v -295.65627832994898 6.3751026250583962 84.1022356257877 0.70710678118654757
v -295.74513325671876 6.3751026250583953 84.54144964403405 1
v -295.83398818348843 6.3751026250583962 84.9806636622804 0.70710678118654757
v -296.27320220173488 6.3751026250583953 84.89180873551066 1
cstype rat bspline
deg 2 1
surf 0 4.5038422236594524 0 8.2982877820565957 727 728 729 730 731 732 733 734 735 736 737 738 739 740 741 742 743 744
parm u 0 0 0 1.1259605559148631 1.1259605559148631 2.2519211118297262 2.2519211118297262 3.3778816677445893 3.3778816677445893 4.5038422236594524 4.5038422236594524 4.5038422236594524
parm v 0 0 8.2982877820565957 8.2982877820565957
trim 0.49999999999999978 8.2982877820565957 201 0 4.5038422236594524 202 0 7.7982877820565948 203 0 4.5038422236594524 204
end
usemtl diffuse_170_230_123_255
# - trim loop
vp 0.71680875280139555 0
vp 0.70484189475760139 0.13043270865548445
vp 0.66648039245388924 0.26385350967383803
vp 0.59996570849700792 0.3922447408447633
vp 0.50686032991973851 0.50686032991973851
vp 0.3922447408447633 0.59996570849700792
vp 0.26385350967383808 0.66648039245388924
vp 0.13043270865548445 0.70484189475760139
vp 0 0.71680875280139555
vp -0.13043270865548437 0.70484189475760151
vp -0.26385350967383792 0.66648039245388946
vp -0.39224474084476318 0.59996570849700803
vp -0.50686032991973839 0.50686032991973851
vp -0.59996570849700792 0.39224474084476335
vp -0.66648039245388924 0.26385350967383808
vp -0.70484189475760139 0.13043270865548454
vp -0.71680875280139555 0
vp -0.70484189475760151 -0.13043270865548434
vp -0.66648039245388946 -0.26385350967383792
vp -0.59996570849700803 -0.39224474084476318
vp -0.50686032991973851 -0.50686032991973839
vp -0.39224474084476335 -0.59996570849700792
vp -0.26385350967383808 -0.66648039245388924
vp -0.13043270865548454 -0.70484189475760139
vp 0 -0.71680875280139555
vp 0.13043270865548429 -0.70484189475760139
vp 0.2638535096738378 -0.66648039245388924
vp 0.39224474084476307 -0.59996570849700792
vp 0.50686032991973828 -0.50686032991973851
vp 0.59996570849700781 -0.3922447408447633
vp 0.66648039245388913 -0.26385350967383803
vp 0.70484189475760139 -0.13043270865548445
cstype bezier
deg 1
curv2 2209 2210 2211 2212 2213 2214 2215 2216 2217 2218 2219 2220 2221 2222 2223 2224 2225 2226 2227 2228 2229 2230 2231 2232 2233 2234 2235 2236 2237 2238 2239 2240 2209
parm u 0 0.14074506948935789 0.28149013897871578 0.42223520846807366 0.56298027795743155 0.7037253474467895 0.84447041693614733 0.98521548642550516 1.1259605559148631 1.266705625404221 1.407450694893579 1.5481957643829367 1.6889408338722947 1.8296859033616526 1.9704309728510103 2.111176042340368 2.2519211118297262 2.3926661813190844 2.5334112508084421 2.6741563202977998 2.814901389787158 2.9556464592765157 3.0963915287658734 3.2371365982552316 3.3778816677445893 3.518626737233947 3.6593718067233052 3.8001168762126629 3.9408619457020206 4.0816070151913788 4.2223520846807361 4.3630971541700942 4.5038422236594524
end
v -295.26999045689854 6.3751026250583953 93.156854524974335
v -295.27376110305033 6.3751026250583953 94.277127585972679
v -296.39026351789687 6.3751026250583953 93.153083878822571
v -296.39403416404866 6.3751026250583953 94.273356939820914
cstype bspline
deg 1 1
surf -0.8960109410017445 0.8960109410017445 -0.8960109410017445 0.8960109410017445 745 746 747 748
parm u -0.8960109410017445 -0.8960109410017445 0.8960109410017445 0.8960109410017445
parm v -0.8960109410017445 -0.8960109410017445 0.8960109410017445 0.8960109410017445
trim 0 4.5038422236594524 205
end
# - trim loop
vp 0 0
vp 26.578480228423956 0
cstype bezier
deg 1
curv2 2241 2242
parm u 0 26.578480228423956
end
vp 26.578480228423956 0
vp 26.578480228423956 0.5
cstype bezier
deg 1
curv2 2243 2244
parm u 0 0.5
end
vp 26.578480228423956 0.5
vp 0 0.5
cstype bezier
deg 1
curv2 2245 2246
parm u 0 26.578480228423956
end
vp 0 0.5
vp 0 0
cstype bezier
deg 1
curv2 2247 2248
parm u 0 0.5
end
v -298.23713614328778 11.25018885984554 94.81439161676619 1
v -297.13785025891917 11.250188859845538 97.21951544958036 0.70710678118654757
v -294.73272642610505 11.25018885984554 96.12022956521176 1
v -292.32760259329086 11.250188859845538 95.02094368084317 0.70710678118654757
v -293.42688847765947 11.25018885984554 92.61581984802902 1
v -294.52617436202803 11.250188859845538 90.2106960152149 0.70710678118654757
v -296.93129819484221 11.25018885984554 91.30998189958348 1
v -299.33642202765634 11.250188859845538 92.40926778395207 0.70710678118654757
v -298.23713614328778 11.25018885984554 94.81439161676619 1
v -298.23713614328778 11.562763002467232 94.81439161676619 1
v -297.13785025891917 11.562763002467232 97.21951544958036 0.70710678118654757
v -294.73272642610505 11.562763002467232 96.12022956521176 1
v -292.32760259329086 11.562763002467232 95.02094368084317 0.70710678118654757
v -293.42688847765947 11.562763002467232 92.61581984802902 1
v -294.52617436202803 11.562763002467232 90.2106960152149 0.70710678118654757
v -296.93129819484221 11.562763002467232 91.30998189958348 1
v -299.33642202765634 11.562763002467232 92.40926778395207 0.70710678118654757
v -298.23713614328778 11.562763002467232 94.81439161676619 1
cstype rat bspline
deg 2 1
surf 0 26.578480228423956 0 0.5 749 750 751 752 753 754 755 756 757 758 759 760 761 762 763 764 765 766
parm u 0 0 0 6.644620057105989 6.644620057105989 13.289240114211978 13.289240114211978 19.933860171317967 19.933860171317967 26.578480228423956 26.578480228423956 26.578480228423956
parm v 0 0 0.5 0.5
trim 0 26.578480228423956 206 0 0.5 207 0 26.578480228423956 208 0 0.5 209
end
# - trim loop
vp 4.2300965082238804 0
vp 4.1594766054567476 0.76972127263437229
vp 3.9330942457116014 1.5570761456133617
vp 3.5405717894050786 2.3147500670605421
vp 2.9911299260386421 2.9911299260386421
vp 2.3147500670605421 3.5405717894050786
vp 1.5570761456133617 3.9330942457116014
vp 0.76972127263437251 4.1594766054567476
vp 0 4.2300965082238804
vp -0.76972127263437207 4.1594766054567476
vp -1.5570761456133613 3.9330942457116014
vp -2.3147500670605421 3.5405717894050786
vp -2.9911299260386421 2.9911299260386421
vp -3.5405717894050786 2.3147500670605421
vp -3.9330942457116014 1.5570761456133619
vp -4.1594766054567476 0.76972127263437262
vp -4.2300965082238804 0
vp -4.1594766054567476 -0.76972127263437196
vp -3.9330942457116014 -1.5570761456133613
vp -3.5405717894050786 -2.3147500670605421
vp -2.9911299260386426 -2.9911299260386421
vp -2.3147500670605425 -3.5405717894050786
vp -1.5570761456133622 -3.9330942457116014
vp -0.76972127263437307 -4.1594766054567476
vp 0 -4.2300965082238804
vp 0.76972127263437151 -4.1594766054567476
vp 1.5570761456133606 -3.9330942457116014
vp 2.3147500670605412 -3.5405717894050786
vp 2.9911299260386413 -2.9911299260386421
vp 3.5405717894050777 -2.3147500670605421
vp 3.9330942457116005 -1.5570761456133617
vp 4.1594766054567476 -0.76972127263437229
cstype bezier
deg 1
curv2 2249 2250 2251 2252 2253 2254 2255 2256 2257 2258 2259 2260 2261 2262 2263 2264 2265 2266 2267 2268 2269 2270 2271 2272 2273 2274 2275 2276 2277 2278 2279 2280 2249
parm u 0 0.83057750713824863 1.6611550142764973 2.4917325214147459 3.3223100285529945 4.1528875356912431 4.9834650428294918 5.8140425499677404 6.644620057105989 7.4751975642442376 8.3057750713824863 9.1363525785207358 9.9669300856589835 10.797507592797231 11.628085099935481 12.45866260707373 13.289240114211978 14.119817621350226 14.950395128488475 15.780972635626725 16.611550142764973 17.44212764990322 18.272705157041472 19.103282664179719 19.933860171317967 20.764437678456215 21.595015185594463 22.425592692732714 23.256170199870962 24.086747707009209 24.917325214147461 25.747902721285708 26.578480228423956
end
# - hole loop
vp 0.30016816712680683 0.650933068399838
vp 0.41360273820559079 0.58544646471008022
vp 0.51869786890271452 0.49473963747457683
vp 0.60743633232517624 0.38057310764691582
vp 0.6725301332357928 0.24802824029238937
vp 0.70908300506197508 0.10495751533344291
vp 0.7157202660710974 -0.039487831388997571
vp 0.69468549656478029 -0.17671120212150951
vp 0.65093306839983001 -0.30016816712679883
vp 0.58544646471007444 -0.41360273820558768
vp 0.49473963747457278 -0.51869786890271596
vp 0.38057310764691299 -0.60743633232518146
vp 0.24802824029238704 -0.67253013323580091
vp 0.10495751533344032 -0.70908300506198474
vp -0.039487831389001124 -0.71572026607110739
vp -0.17671120212151459 -0.69468549656478928
vp -0.30016816712680594 -0.65093306839983711
vp -0.41360273820558935 -0.58544646471008277
vp -0.51869786890271297 -0.49473963747458227
vp -0.60743633232517502 -0.38057310764692315
vp -0.67253013323579258 -0.24802824029239745
vp -0.7090830050619763 -0.10495751533345048
vp -0.7157202660711004 0.039487831388991645
vp -0.69468549656478529 0.17671120212150618
vp -0.65093306839983711 0.30016816712679883
vp -0.58544646471008022 0.41360273820558435
vp -0.49473963747457722 0.51869786890271008
vp -0.3805731076469161 0.60743633232517402
vp -0.24802824029238885 0.6725301332357928
vp -0.10495751533344107 0.70908300506197741
vp 0.039487831389001186 0.71572026607110195
vp 0.1767112021215152 0.69468549656478673
cstype bezier
deg 1
curv2 2281 2282 2283 2284 2285 2286 2287 2288 2289 2290 2291 2292 2293 2294 2295 2296 2297 2298 2299 2300 2301 2302 2303 2304 2305 2306 2307 2308 2309 2310 2311 2312 2281
parm u 0 0.14074506948935789 0.28149013897871578 0.42223520846807366 0.56298027795743155 0.7037253474467895 0.84447041693614733 0.98521548642550516 1.1259605559148631 1.266705625404221 1.407450694893579 1.5481957643829367 1.6889408338722947 1.8296859033616526 1.9704309728510103 2.111176042340368 2.2519211118297262 2.3926661813190844 2.5334112508084421 2.6741563202977998 2.814901389787158 2.9556464592765157 3.0963915287658734 3.2371365982552316 3.3778816677445893 3.518626737233947 3.6593718067233052 3.8001168762126629 3.9408619457020206 4.0816070151913788 4.2223520846807361 4.3630971541700942 4.5038422236594524
end
v -294.19971487491665 11.25018885984554 89.334593585919194
v -300.21252445695205 11.25018885984554 92.082808296840668
v -291.45150016399515 11.25018885984554 95.347403167954567
v -297.46430974603055 11.25018885984554 98.095617878876041
cstype bspline
deg 1 1
surf -5.2876206352798505 5.2876206352798505 -5.2876206352798505 5.2876206352798505 767 768 769 770
parm u -5.2876206352798505 -5.2876206352798505 5.2876206352798505 5.2876206352798505
parm v -5.2876206352798505 -5.2876206352798505 5.2876206352798505 5.2876206352798505
trim 0 26.578480228423956 210
hole 0 4.5038422236594524 211
end
# - trim loop
vp 4.2300965082238804 0
vp 4.1594766054567476 0.76972127263437229
vp 3.9330942457116014 1.5570761456133617
vp 3.5405717894050786 2.3147500670605421
vp 2.9911299260386421 2.9911299260386421
vp 2.3147500670605421 3.5405717894050786
vp 1.5570761456133617 3.9330942457116014
vp 0.76972127263437251 4.1594766054567476
vp 0 4.2300965082238804
vp -0.76972127263437207 4.1594766054567476
vp -1.5570761456133613 3.9330942457116014
vp -2.3147500670605421 3.5405717894050786
vp -2.9911299260386421 2.9911299260386421
vp -3.5405717894050786 2.3147500670605421
vp -3.9330942457116014 1.5570761456133619
vp -4.1594766054567476 0.76972127263437262
vp -4.2300965082238804 0
vp -4.1594766054567476 -0.76972127263437196
vp -3.9330942457116014 -1.5570761456133613
vp -3.5405717894050786 -2.3147500670605421
vp -2.9911299260386426 -2.9911299260386421
vp -2.3147500670605425 -3.5405717894050786
vp -1.5570761456133622 -3.9330942457116014
vp -0.76972127263437307 -4.1594766054567476
vp 0 -4.2300965082238804
vp 0.76972127263437151 -4.1594766054567476
vp 1.5570761456133606 -3.9330942457116014
vp 2.3147500670605412 -3.5405717894050786
vp 2.9911299260386413 -2.9911299260386421
vp 3.5405717894050777 -2.3147500670605421
vp 3.9330942457116005 -1.5570761456133617
vp 4.1594766054567476 -0.76972127263437229
cstype bezier
deg 1
curv2 2313 2314 2315 2316 2317 2318 2319 2320 2321 2322 2323 2324 2325 2326 2327 2328 2329 2330 2331 2332 2333 2334 2335 2336 2337 2338 2339 2340 2341 2342 2343 2344 2313
parm u 0 0.83057750713824863 1.6611550142764973 2.4917325214147459 3.3223100285529945 4.1528875356912431 4.9834650428294918 5.8140425499677404 6.644620057105989 7.4751975642442376 8.3057750713824863 9.1363525785207358 9.9669300856589835 10.797507592797231 11.628085099935481 12.45866260707373 13.289240114211978 14.119817621350226 14.950395128488475 15.780972635626725 16.611550142764973 17.44212764990322 18.272705157041472 19.103282664179719 19.933860171317967 20.764437678456215 21.595015185594463 22.425592692732714 23.256170199870962 24.086747707009209 24.917325214147461 25.747902721285708 26.578480228423956
end
v -294.19971487491665 11.562763002467232 89.334593585919194
v -300.21252445695205 11.562763002467232 92.082808296840668
v -291.45150016399515 11.562763002467232 95.347403167954567
v -297.46430974603055 11.562763002467232 98.095617878876041
cstype bspline
deg 1 1
surf -5.2876206352798505 5.2876206352798505 -5.2876206352798505 5.2876206352798505 771 772 773 774
parm u -5.2876206352798505 -5.2876206352798505 5.2876206352798505 5.2876206352798505
parm v -5.2876206352798505 -5.2876206352798505 5.2876206352798505 5.2876206352798505
trim 0 26.578480228423956 212
end
# - trim loop
vp 4.5038422236594524 0.49999999999999972
vp 4.5038422236594524 8.2982877820565957
cstype bezier
deg 1
curv2 2345 2346
parm u 0.49999999999999978 8.2982877820565957
end
vp 4.5038422236594524 8.2982877820565957
vp 0 8.2982877820565957
cstype bezier
deg 1
curv2 2347 2348
parm u 0 4.5038422236594524
end
vp 0 8.2982877820565957
vp 0 0.50000000000000089
cstype bezier
deg 1
curv2 2349 2350
parm u 0 7.7982877820565948
end
vp 0 0.50000000000000089
vp 4.5038422236594524 0.49999999999999972
cstype bezier
deg 1
curv2 2351 2352
parm u 0 4.5038422236594524
end
v -295.83352056893432 11.562763002467232 94.16321495679696 1
v -296.28162979333365 11.562763002467232 94.16170669833625 0.70710678118654757
v -296.28012153487299 11.562763002467232 93.71359747393691 1
v -296.27861327641222 11.562763002467232 93.26548824953757 0.70710678118654757
v -295.83050405201288 11.562763002467232 93.2669965079983 1
v -295.38239482761355 11.562763002467232 93.268504766459 0.70710678118654757
v -295.38390308607427 11.562763002467232 93.71661399085835 1
v -295.38541134453493 11.562763002467232 94.16472321525768 0.70710678118654757
v -295.83352056893432 11.562763002467232 94.16321495679696 1
v -295.83352056893432 6.3751026250583953 94.16321495679696 1
v -296.28162979333365 6.3751026250583962 94.16170669833625 0.70710678118654757
v -296.28012153487299 6.3751026250583953 93.71359747393691 1
v -296.27861327641222 6.3751026250583962 93.26548824953757 0.70710678118654757
v -295.83050405201288 6.3751026250583953 93.2669965079983 1
v -295.38239482761355 6.3751026250583962 93.268504766459 0.70710678118654757
v -295.38390308607427 6.3751026250583953 93.71661399085835 1
v -295.38541134453493 6.3751026250583962 94.16472321525768 0.70710678118654757
v -295.83352056893432 6.3751026250583953 94.16321495679696 1
cstype rat bspline
deg 2 1
surf 0 4.5038422236594524 0 8.2982877820565957 775 776 777 778 779 780 781 782 783 784 785 786 787 788 789 790 791 792
parm u 0 0 0 1.1259605559148631 1.1259605559148631 2.2519211118297262 2.2519211118297262 3.3778816677445893 3.3778816677445893 4.5038422236594524 4.5038422236594524 4.5038422236594524
parm v 0 0 8.2982877820565957 8.2982877820565957
trim 0.49999999999999978 8.2982877820565957 213 0 4.5038422236594524 214 0 7.7982877820565948 215 0 4.5038422236594524 216
end
usemtl diffuse_170_230_123_255
# - trim loop
vp 0.71680875280139555 0
vp 0.70484189475760139 0.13043270865548445
vp 0.66648039245388924 0.26385350967383803
vp 0.59996570849700792 0.3922447408447633
vp 0.50686032991973851 0.50686032991973851
vp 0.3922447408447633 0.59996570849700792
vp 0.26385350967383808 0.66648039245388924
vp 0.13043270865548445 0.70484189475760139
vp 0 0.71680875280139555
vp -0.13043270865548437 0.70484189475760151
vp -0.26385350967383792 0.66648039245388946
vp -0.39224474084476318 0.59996570849700803
vp -0.50686032991973839 0.50686032991973851
vp -0.59996570849700792 0.39224474084476335
vp -0.66648039245388924 0.26385350967383808
vp -0.70484189475760139 0.13043270865548454
vp -0.71680875280139555 0
vp -0.70484189475760151 -0.13043270865548434
vp -0.66648039245388946 -0.26385350967383792
vp -0.59996570849700803 -0.39224474084476318
vp -0.50686032991973851 -0.50686032991973839
vp -0.39224474084476335 -0.59996570849700792
vp -0.26385350967383808 -0.66648039245388924
vp -0.13043270865548454 -0.70484189475760139
vp 0 -0.71680875280139555
vp 0.13043270865548429 -0.70484189475760139
vp 0.2638535096738378 -0.66648039245388924
vp 0.39224474084476307 -0.59996570849700792
vp 0.50686032991973828 -0.50686032991973851
vp 0.59996570849700781 -0.3922447408447633
vp 0.66648039245388913 -0.26385350967383803
vp 0.70484189475760139 -0.13043270865548445
cstype bezier
deg 1
curv2 2353 2354 2355 2356 2357 2358 2359 2360 2361 2362 2363 2364 2365 2366 2367 2368 2369 2370 2371 2372 2373 2374 2375 2376 2377 2378 2379 2380 2381 2382 2383 2384 2353
parm u 0 0.14074506948935789 0.28149013897871578 0.42223520846807366 0.56298027795743155 0.7037253474467895 0.84447041693614733 0.98521548642550516 1.1259605559148631 1.266705625404221 1.407450694893579 1.5481957643829367 1.6889408338722947 1.8296859033616526 1.9704309728510103 2.111176042340368 2.2519211118297262 2.3926661813190844 2.5334112508084421 2.6741563202977998 2.814901389787158 2.9556464592765157 3.0963915287658734 3.2371365982552316 3.3778816677445893 3.518626737233947 3.6593718067233052 3.8001168762126629 3.9408619457020206 4.0816070151913788 4.2223520846807361 4.3630971541700942 4.5038422236594524
end
v -285.91450015258914 6.3751026250583953 156.77208487186809
v -285.91827079874093 6.3751026250583953 157.89235793286645
v -287.03477321358747 6.3751026250583953 156.7683142257163
v -287.03854385973926 6.3751026250583953 157.88858728671465
cstype bspline
deg 1 1
surf -0.8960109410017445 0.8960109410017445 -0.8960109410017445 0.8960109410017445 793 794 795 796
parm u -0.8960109410017445 -0.8960109410017445 0.8960109410017445 0.8960109410017445
parm v -0.8960109410017445 -0.8960109410017445 0.8960109410017445 0.8960109410017445
trim 0 4.5038422236594524 217
end
# - trim loop
vp 0 0
vp 26.578480228423956 0
cstype bezier
deg 1
curv2 2385 2386
parm u 0 26.578480228423956
end
vp 26.578480228423956 0
vp 26.578480228423956 0.5
cstype bezier
deg 1
curv2 2387 2388
parm u 0 0.5
end
vp 26.578480228423956 0.5
vp 0 0.5
cstype bezier
deg 1
curv2 2389 2390
parm u 0 26.578480228423956
end
vp 0 0.5
vp 0 0
cstype bezier
deg 1
curv2 2391 2392
parm u 0 0.5
end
v -288.88164583897839 11.25018885984554 158.42962196365994 1
v -287.78235995460977 11.250188859845538 160.83474579647412 0.70710678118654757
v -285.37723612179565 11.25018885984554 159.7354599121055 1
v -282.97211228898146 11.250188859845538 158.63617402773693 0.70710678118654757
v -284.07139817335008 11.25018885984554 156.23105019492277 1
v -285.17068405771863 11.250188859845538 153.82592636210865 0.70710678118654757
v -287.57580789053281 11.25018885984554 154.92521224647723 1
v -289.98093172334694 11.250188859845538 156.02449813084584 0.70710678118654757
v -288.88164583897839 11.25018885984554 158.42962196365994 1
v -288.88164583897839 11.562763002467232 158.42962196365994 1
v -287.78235995460977 11.562763002467232 160.83474579647412 0.70710678118654757
v -285.37723612179565 11.562763002467232 159.7354599121055 1
v -282.97211228898146 11.562763002467232 158.63617402773693 0.70710678118654757
v -284.07139817335008 11.562763002467232 156.23105019492277 1
v -285.17068405771863 11.562763002467232 153.82592636210865 0.70710678118654757
v -287.57580789053281 11.562763002467232 154.92521224647723 1
v -289.98093172334694 11.562763002467232 156.02449813084584 0.70710678118654757
v -288.88164583897839 11.562763002467232 158.42962196365994 1
cstype rat bspline
deg 2 1
surf 0 26.578480228423956 0 0.5 797 798 799 800 801 802 803 804 805 806 807 808 809 810 811 812 813 814
parm u 0 0 0 6.644620057105989 6.644620057105989 13.289240114211978 13.289240114211978 19.933860171317967 19.933860171317967 26.578480228423956 26.578480228423956 26.578480228423956
parm v 0 0 0.5 0.5
trim 0 26.578480228423956 218 0 0.5 219 0 26.578480228423956 220 0 0.5 221
end
# - trim loop
vp 4.2300965082238804 0
vp 4.1594766054567476 0.76972127263437229
vp 3.9330942457116014 1.5570761456133617
vp 3.5405717894050786 2.3147500670605421
vp 2.9911299260386421 2.9911299260386421
vp 2.3147500670605421 3.5405717894050786
vp 1.5570761456133617 3.9330942457116014
vp 0.76972127263437251 4.1594766054567476
vp 0 4.2300965082238804
vp -0.76972127263437207 4.1594766054567476
vp -1.5570761456133613 3.9330942457116014
vp -2.3147500670605421 3.5405717894050786
vp -2.9911299260386421 2.9911299260386421
vp -3.5405717894050786 2.3147500670605421
vp -3.9330942457116014 1.5570761456133619
vp -4.1594766054567476 0.76972127263437262
vp -4.2300965082238804 0
vp -4.1594766054567476 -0.76972127263437196
vp -3.9330942457116014 -1.5570761456133613
vp -3.5405717894050786 -2.3147500670605421
vp -2.9911299260386426 -2.9911299260386421
vp -2.3147500670605425 -3.5405717894050786
vp -1.5570761456133622 -3.9330942457116014
vp -0.76972127263437307 -4.1594766054567476
vp 0 -4.2300965082238804
vp 0.76972127263437151 -4.1594766054567476
vp 1.5570761456133606 -3.9330942457116014
vp 2.3147500670605412 -3.5405717894050786
vp 2.9911299260386413 -2.9911299260386421
vp 3.5405717894050777 -2.3147500670605421
vp 3.9330942457116005 -1.5570761456133617
vp 4.1594766054567476 -0.76972127263437229
cstype bezier
deg 1
curv2 2393 2394 2395 2396 2397 2398 2399 2400 2401 2402 2403 2404 2405 2406 2407 2408 2409 2410 2411 2412 2413 2414 2415 2416 2417 2418 2419 2420 2421 2422 2423 2424 2393
parm u 0 0.83057750713824863 1.6611550142764973 2.4917325214147459 3.3223100285529945 4.1528875356912431 4.9834650428294918 5.8140425499677404 6.644620057105989 7.4751975642442376 8.3057750713824863 9.1363525785207358 9.9669300856589835 10.797507592797231 11.628085099935481 12.45866260707373 13.289240114211978 14.119817621350226 14.950395128488475 15.780972635626725 16.611550142764973 17.44212764990322 18.272705157041472 19.103282664179719 19.933860171317967 20.764437678456215 21.595015185594463 22.425592692732714 23.256170199870962 24.086747707009209 24.917325214147461 25.747902721285708 26.578480228423956
end
# - hole loop
vp 0.30016816712680683 0.650933068399838
vp 0.41360273820559079 0.58544646471008022
vp 0.51869786890271452 0.49473963747457683
vp 0.60743633232517624 0.38057310764691582
vp 0.6725301332357928 0.24802824029238937
vp 0.70908300506197508 0.10495751533344291
vp 0.7157202660710974 -0.039487831388997571
vp 0.69468549656478029 -0.17671120212150951
vp 0.65093306839983001 -0.30016816712679883
vp 0.58544646471007444 -0.41360273820558768
vp 0.49473963747457278 -0.51869786890271596
vp 0.38057310764691299 -0.60743633232518146
vp 0.24802824029238704 -0.67253013323580091
vp 0.10495751533344032 -0.70908300506198474
vp -0.039487831389001124 -0.71572026607110739
vp -0.17671120212151459 -0.69468549656478928
vp -0.30016816712680594 -0.65093306839983711
vp -0.41360273820558935 -0.58544646471008277
vp -0.51869786890271297 -0.49473963747458227
vp -0.60743633232517502 -0.38057310764692315
vp -0.67253013323579258 -0.24802824029239745
vp -0.7090830050619763 -0.10495751533345048
vp -0.7157202660711004 0.039487831388991645
vp -0.69468549656478529 0.17671120212150618
vp -0.65093306839983711 0.30016816712679883
vp -0.58544646471008022 0.41360273820558435
vp -0.49473963747457722 0.51869786890271008
vp -0.3805731076469161 0.60743633232517402
vp -0.24802824029238885 0.6725301332357928
vp -0.10495751533344107 0.70908300506197741
vp 0.039487831389001186 0.71572026607110195
vp 0.1767112021215152 0.69468549656478673
cstype bezier
deg 1
curv2 2425 2426 2427 2428 2429 2430 2431 2432 2433 2434 2435 2436 2437 2438 2439 2440 2441 2442 2443 2444 2445 2446 2447 2448 2449 2450 2451 2452 2453 2454 2455 2456 2425
parm u 0 0.14074506948935789 0.28149013897871578 0.42223520846807366 0.56298027795743155 0.7037253474467895 0.84447041693614733 0.98521548642550516 1.1259605559148631 1.266705625404221 1.407450694893579 1.5481957643829367 1.6889408338722947 1.8296859033616526 1.9704309728510103 2.111176042340368 2.2519211118297262 2.3926661813190844 2.5334112508084421 2.6741563202977998 2.814901389787158 2.9556464592765157 3.0963915287658734 3.2371365982552316 3.3778816677445893 3.518626737233947 3.6593718067233052 3.8001168762126629 3.9408619457020206 4.0816070151913788 4.2223520846807361 4.3630971541700942 4.5038422236594524
end
v -284.84422457060725 11.25018885984554 152.94982393281293
v -290.85703415264265 11.25018885984554 155.69803864373441
v -282.09600985968575 11.25018885984554 158.96263351484831
v -288.10881944172115 11.25018885984554 161.71084822576978
cstype bspline
deg 1 1
surf -5.2876206352798505 5.2876206352798505 -5.2876206352798505 5.2876206352798505 815 816 817 818
parm u -5.2876206352798505 -5.2876206352798505 5.2876206352798505 5.2876206352798505
parm v -5.2876206352798505 -5.2876206352798505 5.2876206352798505 5.2876206352798505
trim 0 26.578480228423956 222
hole 0 4.5038422236594524 223
end
# - trim loop
vp 4.2300965082238804 0
vp 4.1594766054567476 0.76972127263437229
vp 3.9330942457116014 1.5570761456133617
vp 3.5405717894050786 2.3147500670605421
vp 2.9911299260386421 2.9911299260386421
vp 2.3147500670605421 3.5405717894050786
vp 1.5570761456133617 3.9330942457116014
vp 0.76972127263437251 4.1594766054567476
vp 0 4.2300965082238804
vp -0.76972127263437207 4.1594766054567476
vp -1.5570761456133613 3.9330942457116014
vp -2.3147500670605421 3.5405717894050786
vp -2.9911299260386421 2.9911299260386421
vp -3.5405717894050786 2.3147500670605421
vp -3.9330942457116014 1.5570761456133619
vp -4.1594766054567476 0.76972127263437262
vp -4.2300965082238804 0
vp -4.1594766054567476 -0.76972127263437196
vp -3.9330942457116014 -1.5570761456133613
vp -3.5405717894050786 -2.3147500670605421
vp -2.9911299260386426 -2.9911299260386421
vp -2.3147500670605425 -3.5405717894050786
vp -1.5570761456133622 -3.9330942457116014
vp -0.76972127263437307 -4.1594766054567476
vp 0 -4.2300965082238804
vp 0.76972127263437151 -4.1594766054567476
vp 1.5570761456133606 -3.9330942457116014
vp 2.3147500670605412 -3.5405717894050786
vp 2.9911299260386413 -2.9911299260386421
vp 3.5405717894050777 -2.3147500670605421
vp 3.9330942457116005 -1.5570761456133617
vp 4.1594766054567476 -0.76972127263437229
cstype bezier
deg 1
curv2 2457 2458 2459 2460 2461 2462 2463 2464 2465 2466 2467 2468 2469 2470 2471 2472 2473 2474 2475 2476 2477 2478 2479 2480 2481 2482 2483 2484 2485 2486 2487 2488 2457
parm u 0 0.83057750713824863 1.6611550142764973 2.4917325214147459 3.3223100285529945 4.1528875356912431 4.9834650428294918 5.8140425499677404 6.644620057105989 7.4751975642442376 8.3057750713824863 9.1363525785207358 9.9669300856589835 10.797507592797231 11.628085099935481 12.45866260707373 13.289240114211978 14.119817621350226 14.950395128488475 15.780972635626725 16.611550142764973 17.44212764990322 18.272705157041472 19.103282664179719 19.933860171317967 20.764437678456215 21.595015185594463 22.425592692732714 23.256170199870962 24.086747707009209 24.917325214147461 25.747902721285708 26.578480228423956
end
v -284.84422457060725 11.562763002467232 152.94982393281293
v -290.85703415264265 11.562763002467232 155.69803864373441
v -282.09600985968575 11.562763002467232 158.96263351484831
v -288.10881944172115 11.562763002467232 161.71084822576978
cstype bspline
deg 1 1
surf -5.2876206352798505 5.2876206352798505 -5.2876206352798505 5.2876206352798505 819 820 821 822
parm u -5.2876206352798505 -5.2876206352798505 5.2876206352798505 5.2876206352798505
parm v -5.2876206352798505 -5.2876206352798505 5.2876206352798505 5.2876206352798505
trim 0 26.578480228423956 224
end
# - trim loop
vp 4.5038422236594524 0.49999999999999972
vp 4.5038422236594524 8.2982877820565957
cstype bezier
deg 1
curv2 2489 2490
parm u 0.49999999999999978 8.2982877820565957
end
vp 4.5038422236594524 8.2982877820565957
vp 0 8.2982877820565957
cstype bezier
deg 1
curv2 2491 2492
parm u 0 4.5038422236594524
end
vp 0 8.2982877820565957
vp 0 0.50000000000000089
cstype bezier
deg 1
curv2 2493 2494
parm u 0 7.7982877820565948
end
vp 0 0.50000000000000089
vp 4.5038422236594524 0.49999999999999972
cstype bezier
deg 1
curv2 2495 2496
parm u 0 4.5038422236594524
end
v -286.47803026462492 11.562763002467232 157.77844530369072 1
v -286.92613948902425 11.562763002467232 157.77693704523 0.70710678118654757
v -286.92463123056359 11.562763002467232 157.32882782083067 1
v -286.92312297210282 11.562763002467232 156.88071859643134 0.70710678118654757
v -286.47501374770349 11.562763002467232 156.88222685489205 1
v -286.02690452330415 11.562763002467232 156.88373511335274 0.70710678118654757
v -286.02841278176487 11.562763002467232 157.3318443377521 1
v -286.02992104022553 11.562763002467232 157.77995356215143 0.70710678118654757
v -286.47803026462492 11.562763002467232 157.77844530369072 1
v -286.47803026462492 6.3751026250583953 157.77844530369072 1
v -286.92613948902425 6.3751026250583962 157.77693704523 0.70710678118654757
v -286.92463123056359 6.3751026250583953 157.32882782083067 1
v -286.92312297210282 6.3751026250583962 156.88071859643134 0.70710678118654757
v -286.47501374770349 6.3751026250583953 156.88222685489205 1
v -286.02690452330415 6.3751026250583962 156.88373511335274 0.70710678118654757
v -286.02841278176487 6.3751026250583953 157.3318443377521 1
v -286.02992104022553 6.3751026250583962 157.77995356215143 0.70710678118654757
v -286.47803026462492 6.3751026250583953 157.77844530369072 1
cstype rat bspline
deg 2 1
surf 0 4.5038422236594524 0 8.2982877820565957 823 824 825 826 827 828 829 830 831 832 833 834 835 836 837 838 839 840
parm u 0 0 0 1.1259605559148631 1.1259605559148631 2.2519211118297262 2.2519211118297262 3.3778816677445893 3.3778816677445893 4.5038422236594524 4.5038422236594524 4.5038422236594524
parm v 0 0 8.2982877820565957 8.2982877820565957
trim 0.49999999999999978 8.2982877820565957 225 0 4.5038422236594524 226 0 7.7982877820565948 227 0 4.5038422236594524 228
end
usemtl diffuse_170_230_123_255
# - trim loop
vp 0.71680875280139555 0
vp 0.70484189475760139 0.13043270865548445
vp 0.66648039245388924 0.26385350967383803
vp 0.59996570849700792 0.3922447408447633
vp 0.50686032991973851 0.50686032991973851
vp 0.3922447408447633 0.59996570849700792
vp 0.26385350967383808 0.66648039245388924
vp 0.13043270865548445 0.70484189475760139
vp 0 0.71680875280139555
vp -0.13043270865548437 0.70484189475760151
vp -0.26385350967383792 0.66648039245388946
vp -0.39224474084476318 0.59996570849700803
vp -0.50686032991973839 0.50686032991973851
vp -0.59996570849700792 0.39224474084476335
vp -0.66648039245388924 0.26385350967383808
vp -0.70484189475760139 0.13043270865548454
vp -0.71680875280139555 0
vp -0.70484189475760151 -0.13043270865548434
vp -0.66648039245388946 -0.26385350967383792
vp -0.59996570849700803 -0.39224474084476318
vp -0.50686032991973851 -0.50686032991973839
vp -0.39224474084476335 -0.59996570849700792
vp -0.26385350967383808 -0.66648039245388924
vp -0.13043270865548454 -0.70484189475760139
vp 0 -0.71680875280139555
vp 0.13043270865548429 -0.70484189475760139
vp 0.2638535096738378 -0.66648039245388924
vp 0.39224474084476307 -0.59996570849700792
vp 0.50686032991973828 -0.50686032991973851
vp 0.59996570849700781 -0.3922447408447633
vp 0.66648039245388913 -0.26385350967383803
vp 0.70484189475760139 -0.13043270865548445
cstype bezier
deg 1
curv2 2497 2498 2499 2500 2501 2502 2503 2504 2505 2506 2507 2508 2509 2510 2511 2512 2513 2514 2515 2516 2517 2518 2519 2520 2521 2522 2523 2524 2525 2526 2527 2528 2497
parm u 0 0.14074506948935789 0.28149013897871578 0.42223520846807366 0.56298027795743155 0.7037253474467895 0.84447041693614733 0.98521548642550516 1.1259605559148631 1.266705625404221 1.407450694893579 1.5481957643829367 1.6889408338722947 1.8296859033616526 1.9704309728510103 2.111176042340368 2.2519211118297262 2.3926661813190844 2.5334112508084421 2.6741563202977998 2.814901389787158 2.9556464592765157 3.0963915287658734 3.2371365982552316 3.3778816677445893 3.518626737233947 3.6593718067233052 3.8001168762126629 3.9408619457020206 4.0816070151913788 4.2223520846807361 4.3630971541700942 4.5038422236594524
end
v -287.26564040718239 6.3751026250583953 141.38226365860041
v -287.26941105333418 6.3751026250583953 142.50253671959877
v -288.38591346818072 6.3751026250583953 141.37849301244862
v -288.38968411433251 6.3751026250583953 142.49876607344697
cstype bspline
deg 1 1
surf -0.8960109410017445 0.8960109410017445 -0.8960109410017445 0.8960109410017445 841 842 843 844
parm u -0.8960109410017445 -0.8960109410017445 0.8960109410017445 0.8960109410017445
parm v -0.8960109410017445 -0.8960109410017445 0.8960109410017445 0.8960109410017445
trim 0 4.5038422236594524 229
end
# - trim loop
vp 0 0
vp 26.578480228423956 0
cstype bezier
deg 1
curv2 2529 2530
parm u 0 26.578480228423956
end
vp 26.578480228423956 0
vp 26.578480228423956 0.5
cstype bezier
deg 1
curv2 2531 2532
parm u 0 0.5
end
vp 26.578480228423956 0.5
vp 0 0.5
cstype bezier
deg 1
curv2 2533 2534
parm u 0 26.578480228423956
end
vp 0 0.5
vp 0 0
cstype bezier
deg 1
curv2 2535 2536
parm u 0 0.5
end
v -290.23278609357163 11.25018885984554 143.03980075039226 1
v -289.13350020920296 11.250188859845538 145.44492458320644 0.70710678118654757
v -286.72837637638889 11.25018885984554 144.34563869883783 1
v -284.32325254357471 11.250188859845538 143.24635281446925 0.70710678118654757
v -285.42253842794332 11.25018885984554 140.8412289816551 1
v -286.52182431231182 11.250188859845538 138.43610514884097 0.70710678118654757
v -288.92694814512606 11.25018885984554 139.53539103320955 1
v -291.33207197794019 11.250188859845538 140.63467691757816 0.70710678118654757
v -290.23278609357163 11.25018885984554 143.03980075039226 1
v -290.23278609357163 11.562763002467232 143.03980075039226 1
v -289.13350020920296 11.562763002467232 145.44492458320644 0.70710678118654757
v -286.72837637638889 11.562763002467232 144.34563869883783 1
v -284.32325254357471 11.562763002467232 143.24635281446925 0.70710678118654757
v -285.42253842794332 11.562763002467232 140.8412289816551 1
v -286.52182431231182 11.562763002467232 138.43610514884097 0.70710678118654757
v -288.92694814512606 11.562763002467232 139.53539103320955 1
v -291.33207197794019 11.562763002467232 140.63467691757816 0.70710678118654757
v -290.23278609357163 11.562763002467232 143.03980075039226 1
cstype rat bspline
deg 2 1
surf 0 26.578480228423956 0 0.5 845 846 847 848 849 850 851 852 853 854 855 856 857 858 859 860 861 862
parm u 0 0 0 6.644620057105989 6.644620057105989 13.289240114211978 13.289240114211978 19.933860171317967 19.933860171317967 26.578480228423956 26.578480228423956 26.578480228423956
parm v 0 0 0.5 0.5
trim 0 26.578480228423956 230 0 0.5 231 0 26.578480228423956 232 0 0.5 233
end
# - trim loop
vp 4.2300965082238804 0
vp 4.1594766054567476 0.76972127263437229
vp 3.9330942457116014 1.5570761456133617
vp 3.5405717894050786 2.3147500670605421
vp 2.9911299260386421 2.9911299260386421
vp 2.3147500670605421 3.5405717894050786
vp 1.5570761456133617 3.9330942457116014
vp 0.76972127263437251 4.1594766054567476
vp 0 4.2300965082238804
vp -0.76972127263437207 4.1594766054567476
vp -1.5570761456133613 3.9330942457116014
vp -2.3147500670605421 3.5405717894050786
vp -2.9911299260386421 2.9911299260386421
vp -3.5405717894050786 2.3147500670605421
vp -3.9330942457116014 1.5570761456133619
vp -4.1594766054567476 0.76972127263437262
vp -4.2300965082238804 0
vp -4.1594766054567476 -0.76972127263437196
vp -3.9330942457116014 -1.5570761456133613
vp -3.5405717894050786 -2.3147500670605421
vp -2.9911299260386426 -2.9911299260386421
vp -2.3147500670605425 -3.5405717894050786
vp -1.5570761456133622 -3.9330942457116014
vp -0.76972127263437307 -4.1594766054567476
vp 0 -4.2300965082238804
vp 0.76972127263437151 -4.1594766054567476
vp 1.5570761456133606 -3.9330942457116014
vp 2.3147500670605412 -3.5405717894050786
vp 2.9911299260386413 -2.9911299260386421
vp 3.5405717894050777 -2.3147500670605421
vp 3.9330942457116005 -1.5570761456133617
vp 4.1594766054567476 -0.76972127263437229
cstype bezier
deg 1
curv2 2537 2538 2539 2540 2541 2542 2543 2544 2545 2546 2547 2548 2549 2550 2551 2552 2553 2554 2555 2556 2557 2558 2559 2560 2561 2562 2563 2564 2565 2566 2567 2568 2537
parm u 0 0.83057750713824863 1.6611550142764973 2.4917325214147459 3.3223100285529945 4.1528875356912431 4.9834650428294918 5.8140425499677404 6.644620057105989 7.4751975642442376 8.3057750713824863 9.1363525785207358 9.9669300856589835 10.797507592797231 11.628085099935481 12.45866260707373 13.289240114211978 14.119817621350226 14.950395128488475 15.780972635626725 16.611550142764973 17.44212764990322 18.272705157041472 19.103282664179719 19.933860171317967 20.764437678456215 21.595015185594463 22.425592692732714 23.256170199870962 24.086747707009209 24.917325214147461 25.747902721285708 26.578480228423956
end
# - hole loop
vp 0.30016816712680683 0.650933068399838
vp 0.41360273820559079 0.58544646471008022
vp 0.51869786890271452 0.49473963747457683
vp 0.60743633232517624 0.38057310764691582
vp 0.6725301332357928 0.24802824029238937
vp 0.70908300506197508 0.10495751533344291
vp 0.7157202660710974 -0.039487831388997571
vp 0.69468549656478029 -0.17671120212150951
vp 0.65093306839983001 -0.30016816712679883
vp 0.58544646471007444 -0.41360273820558768
vp 0.49473963747457278 -0.51869786890271596
vp 0.38057310764691299 -0.60743633232518146
vp 0.24802824029238704 -0.67253013323580091
vp 0.10495751533344032 -0.70908300506198474
vp -0.039487831389001124 -0.71572026607110739
vp -0.17671120212151459 -0.69468549656478928
vp -0.30016816712680594 -0.65093306839983711
vp -0.41360273820558935 -0.58544646471008277
vp -0.51869786890271297 -0.49473963747458227
vp -0.60743633232517502 -0.38057310764692315
vp -0.67253013323579258 -0.24802824029239745
vp -0.7090830050619763 -0.10495751533345048
vp -0.7157202660711004 0.039487831388991645
vp -0.69468549656478529 0.17671120212150618
vp -0.65093306839983711 0.30016816712679883
vp -0.58544646471008022 0.41360273820558435
vp -0.49473963747457722 0.51869786890271008
vp -0.3805731076469161 0.60743633232517402
vp -0.24802824029238885 0.6725301332357928
vp -0.10495751533344107 0.70908300506197741
vp 0.039487831389001186 0.71572026607110195
vp 0.1767112021215152 0.69468549656478673
cstype bezier
deg 1
curv2 2569 2570 2571 2572 2573 2574 2575 2576 2577 2578 2579 2580 2581 2582 2583 2584 2585 2586 2587 2588 2589 2590 2591 2592 2593 2594 2595 2596 2597 2598 2599 2600 2569
parm u 0 0.14074506948935789 0.28149013897871578 0.42223520846807366 0.56298027795743155 0.7037253474467895 0.84447041693614733 0.98521548642550516 1.1259605559148631 1.266705625404221 1.407450694893579 1.5481957643829367 1.6889408338722947 1.8296859033616526 1.9704309728510103 2.111176042340368 2.2519211118297262 2.3926661813190844 2.5334112508084421 2.6741563202977998 2.814901389787158 2.9556464592765157 3.0963915287658734 3.2371365982552316 3.3778816677445893 3.518626737233947 3.6593718067233052 3.8001168762126629 3.9408619457020206 4.0816070151913788 4.2223520846807361 4.3630971541700942 4.5038422236594524
end
v -286.1953648252005 11.25018885984554 137.56000271954525
v -292.2081744072359 11.25018885984554 140.30821743046673
v -283.447150114279 11.25018885984554 143.57281230158063
v -289.4599596963144 11.25018885984554 146.3210270125021
cstype bspline
deg 1 1
surf -5.2876206352798505 5.2876206352798505 -5.2876206352798505 5.2876206352798505 863 864 865 866
parm u -5.2876206352798505 -5.2876206352798505 5.2876206352798505 5.2876206352798505
parm v -5.2876206352798505 -5.2876206352798505 5.2876206352798505 5.2876206352798505
trim 0 26.578480228423956 234
hole 0 4.5038422236594524 235
end
# - trim loop
vp 4.2300965082238804 0
vp 4.1594766054567476 0.76972127263437229
vp 3.9330942457116014 1.5570761456133617
vp 3.5405717894050786 2.3147500670605421
vp 2.9911299260386421 2.9911299260386421
vp 2.3147500670605421 3.5405717894050786
vp 1.5570761456133617 3.9330942457116014
vp 0.76972127263437251 4.1594766054567476
vp 0 4.2300965082238804
vp -0.76972127263437207 4.1594766054567476
vp -1.5570761456133613 3.9330942457116014
vp -2.3147500670605421 3.5405717894050786
vp -2.9911299260386421 2.9911299260386421
vp -3.5405717894050786 2.3147500670605421
vp -3.9330942457116014 1.5570761456133619
vp -4.1594766054567476 0.76972127263437262
vp -4.2300965082238804 0
vp -4.1594766054567476 -0.76972127263437196
vp -3.9330942457116014 -1.5570761456133613
vp -3.5405717894050786 -2.3147500670605421
vp -2.9911299260386426 -2.9911299260386421
vp -2.3147500670605425 -3.5405717894050786
vp -1.5570761456133622 -3.9330942457116014
vp -0.76972127263437307 -4.1594766054567476
vp 0 -4.2300965082238804
vp 0.76972127263437151 -4.1594766054567476
vp 1.5570761456133606 -3.9330942457116014
vp 2.3147500670605412 -3.5405717894050786
vp 2.9911299260386413 -2.9911299260386421
vp 3.5405717894050777 -2.3147500670605421
vp 3.9330942457116005 -1.5570761456133617
vp 4.1594766054567476 -0.76972127263437229
cstype bezier
deg 1
curv2 2601 2602 2603 2604 2605 2606 2607 2608 2609 2610 2611 2612 2613 2614 2615 2616 2617 2618 2619 2620 2621 2622 2623 2624 2625 2626 2627 2628 2629 2630 2631 2632 2601
parm u 0 0.83057750713824863 1.6611550142764973 2.4917325214147459 3.3223100285529945 4.1528875356912431 4.9834650428294918 5.8140425499677404 6.644620057105989 7.4751975642442376 8.3057750713824863 9.1363525785207358 9.9669300856589835 10.797507592797231 11.628085099935481 12.45866260707373 13.289240114211978 14.119817621350226 14.950395128488475 15.780972635626725 16.611550142764973 17.44212764990322 18.272705157041472 19.103282664179719 19.933860171317967 20.764437678456215 21.595015185594463 22.425592692732714 23.256170199870962 24.086747707009209 24.917325214147461 25.747902721285708 26.578480228423956
end
v -286.1953648252005 11.562763002467232 137.56000271954525
v -292.2081744072359 11.562763002467232 140.30821743046673
v -283.447150114279 11.562763002467232 143.57281230158063
v -289.4599596963144 11.562763002467232 146.3210270125021
cstype bspline
deg 1 1
surf -5.2876206352798505 5.2876206352798505 -5.2876206352798505 5.2876206352798505 867 868 869 870
parm u -5.2876206352798505 -5.2876206352798505 5.2876206352798505 5.2876206352798505
parm v -5.2876206352798505 -5.2876206352798505 5.2876206352798505 5.2876206352798505
trim 0 26.578480228423956 236
end
# - trim loop
vp 4.5038422236594524 0.49999999999999972
vp 4.5038422236594524 8.2982877820565957
cstype bezier
deg 1
curv2 2633 2634
parm u 0.49999999999999978 8.2982877820565957
end
vp 4.5038422236594524 8.2982877820565957
vp 0 8.2982877820565957
cstype bezier
deg 1
curv2 2635 2636
parm u 0 4.5038422236594524
end
vp 0 8.2982877820565957
vp 0 0.50000000000000089
cstype bezier
deg 1
curv2 2637 2638
parm u 0 7.7982877820565948
end
vp 0 0.50000000000000089
vp 4.5038422236594524 0.49999999999999972
cstype bezier
deg 1
curv2 2639 2640
parm u 0 4.5038422236594524
end
v -287.82917051921817 11.562763002467232 142.38862409042304 1
v -288.2772797436175 11.562763002467232 142.38711583196232 0.70710678118654757
v -288.27577148515684 11.562763002467232 141.939006607563 1
v -288.27426322669606 11.562763002467232 141.49089738316366 0.70710678118654757
v -287.82615400229673 11.562763002467232 141.49240564162437 1
v -287.3780447778974 11.562763002467232 141.49391390008506 0.70710678118654757
v -287.37955303635812 11.562763002467232 141.94202312448442 1
v -287.38106129481878 11.562763002467232 142.39013234888375 0.70710678118654757
v -287.82917051921817 11.562763002467232 142.38862409042304 1
v -287.82917051921817 6.3751026250583953 142.38862409042304 1
v -288.2772797436175 6.3751026250583962 142.38711583196232 0.70710678118654757
v -288.27577148515684 6.3751026250583953 141.939006607563 1
v -288.27426322669606 6.3751026250583962 141.49089738316366 0.70710678118654757
v -287.82615400229673 6.3751026250583953 141.49240564162437 1
v -287.3780447778974 6.3751026250583962 141.49391390008506 0.70710678118654757
v -287.37955303635812 6.3751026250583953 141.94202312448442 1
v -287.38106129481878 6.3751026250583962 142.39013234888375 0.70710678118654757
v -287.82917051921817 6.3751026250583953 142.38862409042304 1
cstype rat bspline
deg 2 1
surf 0 4.5038422236594524 0 8.2982877820565957 871 872 873 874 875 876 877 878 879 880 881 882 883 884 885 886 887 888
parm u 0 0 0 1.1259605559148631 1.1259605559148631 2.2519211118297262 2.2519211118297262 3.3778816677445893 3.3778816677445893 4.5038422236594524 4.5038422236594524 4.5038422236594524
parm v 0 0 8.2982877820565957 8.2982877820565957
trim 0.49999999999999978 8.2982877820565957 237 0 4.5038422236594524 238 0 7.7982877820565948 239 0 4.5038422236594524 240
end
usemtl diffuse_170_230_123_255
# - trim loop
vp 0.71680875280139555 0
vp 0.70484189475760139 0.13043270865548445
vp 0.66648039245388924 0.26385350967383803
vp 0.59996570849700792 0.3922447408447633
vp 0.50686032991973851 0.50686032991973851
vp 0.3922447408447633 0.59996570849700792
vp 0.26385350967383808 0.66648039245388924
vp 0.13043270865548445 0.70484189475760139
vp 0 0.71680875280139555
vp -0.13043270865548437 0.70484189475760151
vp -0.26385350967383792 0.66648039245388946
vp -0.39224474084476318 0.59996570849700803
vp -0.50686032991973839 0.50686032991973851
vp -0.59996570849700792 0.39224474084476335
vp -0.66648039245388924 0.26385350967383808
vp -0.70484189475760139 0.13043270865548454
vp -0.71680875280139555 0
vp -0.70484189475760151 -0.13043270865548434
vp -0.66648039245388946 -0.26385350967383792
vp -0.59996570849700803 -0.39224474084476318
vp -0.50686032991973851 -0.50686032991973839
vp -0.39224474084476335 -0.59996570849700792
vp -0.26385350967383808 -0.66648039245388924
vp -0.13043270865548454 -0.70484189475760139
vp 0 -0.71680875280139555
vp 0.13043270865548429 -0.70484189475760139
vp 0.2638535096738378 -0.66648039245388924
vp 0.39224474084476307 -0.59996570849700792
vp 0.50686032991973828 -0.50686032991973851
vp 0.59996570849700781 -0.3922447408447633
vp 0.66648039245388913 -0.26385350967383803
vp 0.70484189475760139 -0.13043270865548445
cstype bezier
deg 1
curv2 2641 2642 2643 2644 2645 2646 2647 2648 2649 2650 2651 2652 2653 2654 2655 2656 2657 2658 2659 2660 2661 2662 2663 2664 2665 2666 2667 2668 2669 2670 2671 2672 2641
parm u 0 0.14074506948935789 0.28149013897871578 0.42223520846807366 0.56298027795743155 0.7037253474467895 0.84447041693614733 0.98521548642550516 1.1259605559148631 1.266705625404221 1.407450694893579 1.5481957643829367 1.6889408338722947 1.8296859033616526 1.9704309728510103 2.111176042340368 2.2519211118297262 2.3926661813190844 2.5334112508084421 2.6741563202977998 2.814901389787158 2.9556464592765157 3.0963915287658734 3.2371365982552316 3.3778816677445893 3.518626737233947 3.6593718067233052 3.8001168762126629 3.9408619457020206 4.0816070151913788 4.2223520846807361 4.3630971541700942 4.5038422236594524
end
v -290.64093789201269 6.3751026250583953 123.16935597592966
v -290.64470853816448 6.3751026250583953 124.28962903692801
v -291.76121095301102 6.3751026250583953 123.1655853297779
v -291.76498159916281 6.3751026250583953 124.28585839077624
cstype bspline
deg 1 1
surf -0.8960109410017445 0.8960109410017445 -0.8960109410017445 0.8960109410017445 889 890 891 892
parm u -0.8960109410017445 -0.8960109410017445 0.8960109410017445 0.8960109410017445
parm v -0.8960109410017445 -0.8960109410017445 0.8960109410017445 0.8960109410017445
trim 0 4.5038422236594524 241
end
# - trim loop
vp 0 0
vp 26.578480228423956 0
cstype bezier
deg 1
curv2 2673 2674
parm u 0 26.578480228423956
end
vp 26.578480228423956 0
vp 26.578480228423956 0.5
cstype bezier
deg 1
curv2 2675 2676
parm u 0 0.5
end
vp 26.578480228423956 0.5
vp 0 0.5
cstype bezier
deg 1
curv2 2677 2678
parm u 0 26.578480228423956
end
vp 0 0.5
vp 0 0
cstype bezier
deg 1
curv2 2679 2680
parm u 0 0.5
end
v -293.60808357840193 11.25018885984554 124.82689306772153 1
v -292.50879769403332 11.250188859845538 127.23201690053568 0.70710678118654757
v -290.10367386121919 11.25018885984554 126.1327310161671 1
v -287.69855002840501 11.250188859845538 125.0334451317985 0.70710678118654757
v -288.79783591277362 11.25018885984554 122.62832129898436 1
v -289.89712179714218 11.250188859845538 120.22319746617022 0.70710678118654757
v -292.30224562995636 11.25018885984554 121.3224833505388 1
v -294.70736946277049 11.250188859845538 122.4217692349074 0.70710678118654757
v -293.60808357840193 11.25018885984554 124.82689306772153 1
v -293.60808357840193 11.562763002467232 124.82689306772153 1
v -292.50879769403332 11.562763002467232 127.23201690053568 0.70710678118654757
v -290.10367386121919 11.562763002467232 126.1327310161671 1
v -287.69855002840501 11.562763002467232 125.0334451317985 0.70710678118654757
v -288.79783591277362 11.562763002467232 122.62832129898436 1
v -289.89712179714218 11.562763002467232 120.22319746617022 0.70710678118654757
v -292.30224562995636 11.562763002467232 121.3224833505388 1
v -294.70736946277049 11.562763002467232 122.4217692349074 0.70710678118654757
v -293.60808357840193 11.562763002467232 124.82689306772153 1
cstype rat bspline
deg 2 1
surf 0 26.578480228423956 0 0.5 893 894 895 896 897 898 899 900 901 902 903 904 905 906 907 908 909 910
parm u 0 0 0 6.644620057105989 6.644620057105989 13.289240114211978 13.289240114211978 19.933860171317967 19.933860171317967 26.578480228423956 26.578480228423956 26.578480228423956
parm v 0 0 0.5 0.5
trim 0 26.578480228423956 242 0 0.5 243 0 26.578480228423956 244 0 0.5 245
end
# - trim loop
vp 4.2300965082238804 0
vp 4.1594766054567476 0.76972127263437229
vp 3.9330942457116014 1.5570761456133617
vp 3.5405717894050786 2.3147500670605421
vp 2.9911299260386421 2.9911299260386421
vp 2.3147500670605421 3.5405717894050786
vp 1.5570761456133617 3.9330942457116014
vp 0.76972127263437251 4.1594766054567476
vp 0 4.2300965082238804
vp -0.76972127263437207 4.1594766054567476
vp -1.5570761456133613 3.9330942457116014
vp -2.3147500670605421 3.5405717894050786
vp -2.9911299260386421 2.9911299260386421
vp -3.5405717894050786 2.3147500670605421
vp -3.9330942457116014 1.5570761456133619
vp -4.1594766054567476 0.76972127263437262
vp -4.2300965082238804 0
vp -4.1594766054567476 -0.76972127263437196
vp -3.9330942457116014 -1.5570761456133613
vp -3.5405717894050786 -2.3147500670605421
vp -2.9911299260386426 -2.9911299260386421
vp -2.3147500670605425 -3.5405717894050786
vp -1.5570761456133622 -3.9330942457116014
vp -0.76972127263437307 -4.1594766054567476
vp 0 -4.2300965082238804
vp 0.76972127263437151 -4.1594766054567476
vp 1.5570761456133606 -3.9330942457116014
vp 2.3147500670605412 -3.5405717894050786
vp 2.9911299260386413 -2.9911299260386421
vp 3.5405717894050777 -2.3147500670605421
vp 3.9330942457116005 -1.5570761456133617
vp 4.1594766054567476 -0.76972127263437229
cstype bezier
deg 1
curv2 2681 2682 2683 2684 2685 2686 2687 2688 2689 2690 2691 2692 2693 2694 2695 2696 2697 2698 2699 2700 2701 2702 2703 2704 2705 2706 2707 2708 2709 2710 2711 2712 2681
parm u 0 0.83057750713824863 1.6611550142764973 2.4917325214147459 3.3223100285529945 4.1528875356912431 4.9834650428294918 5.8140425499677404 6.644620057105989 7.4751975642442376 8.3057750713824863 9.1363525785207358 9.9669300856589835 10.797507592797231 11.628085099935481 12.45866260707373 13.289240114211978 14.119817621350226 14.950395128488475 15.780972635626725 16.611550142764973 17.44212764990322 18.272705157041472 19.103282664179719 19.933860171317967 20.764437678456215 21.595015185594463 22.425592692732714 23.256170199870962 24.086747707009209 24.917325214147461 25.747902721285708 26.578480228423956
end
# - hole loop
vp 0.30016816712680683 0.650933068399838
vp 0.41360273820559079 0.58544646471008022
vp 0.51869786890271452 0.49473963747457683
vp 0.60743633232517624 0.38057310764691582
vp 0.6725301332357928 0.24802824029238937
vp 0.70908300506197508 0.10495751533344291
vp 0.7157202660710974 -0.039487831388997571
vp 0.69468549656478029 -0.17671120212150951
vp 0.65093306839983001 -0.30016816712679883
vp 0.58544646471007444 -0.41360273820558768
vp 0.49473963747457278 -0.51869786890271596
vp 0.38057310764691299 -0.60743633232518146
vp 0.24802824029238704 -0.67253013323580091
vp 0.10495751533344032 -0.70908300506198474
vp -0.039487831389001124 -0.71572026607110739
vp -0.17671120212151459 -0.69468549656478928
vp -0.30016816712680594 -0.65093306839983711
vp -0.41360273820558935 -0.58544646471008277
vp -0.51869786890271297 -0.49473963747458227
vp -0.60743633232517502 -0.38057310764692315
vp -0.67253013323579258 -0.24802824029239745
vp -0.7090830050619763 -0.10495751533345048
vp -0.7157202660711004 0.039487831388991645
vp -0.69468549656478529 0.17671120212150618
vp -0.65093306839983711 0.30016816712679883
vp -0.58544646471008022 0.41360273820558435
vp -0.49473963747457722 0.51869786890271008
vp -0.3805731076469161 0.60743633232517402
vp -0.24802824029238885 0.6725301332357928
vp -0.10495751533344107 0.70908300506197741
vp 0.039487831389001186 0.71572026607110195
vp 0.1767112021215152 0.69468549656478673
cstype bezier
deg 1
curv2 2713 2714 2715 2716 2717 2718 2719 2720 2721 2722 2723 2724 2725 2726 2727 2728 2729 2730 2731 2732 2733 2734 2735 2736 2737 2738 2739 2740 2741 2742 2743 2744 2713
parm u 0 0.14074506948935789 0.28149013897871578 0.42223520846807366 0.56298027795743155 0.7037253474467895 0.84447041693614733 0.98521548642550516 1.1259605559148631 1.266705625404221 1.407450694893579 1.5481957643829367 1.6889408338722947 1.8296859033616526 1.9704309728510103 2.111176042340368 2.2519211118297262 2.3926661813190844 2.5334112508084421 2.6741563202977998 2.814901389787158 2.9556464592765157 3.0963915287658734 3.2371365982552316 3.3778816677445893 3.518626737233947 3.6593718067233052 3.8001168762126629 3.9408619457020206 4.0816070151913788 4.2223520846807361 4.3630971541700942 4.5038422236594524
end
v -289.5706623100308 11.25018885984554 119.34709503687452
v -295.5834718920662 11.25018885984554 122.09530974779599
v -286.8224475991093 11.25018885984554 125.35990461890989
v -292.8352571811447 11.25018885984554 128.10811932983137
cstype bspline
deg 1 1
surf -5.2876206352798505 5.2876206352798505 -5.2876206352798505 5.2876206352798505 911 912 913 914
parm u -5.2876206352798505 -5.2876206352798505 5.2876206352798505 5.2876206352798505
parm v -5.2876206352798505 -5.2876206352798505 5.2876206352798505 5.2876206352798505
trim 0 26.578480228423956 246
hole 0 4.5038422236594524 247
end
# - trim loop
vp 4.2300965082238804 0
vp 4.1594766054567476 0.76972127263437229
vp 3.9330942457116014 1.5570761456133617
vp 3.5405717894050786 2.3147500670605421
vp 2.9911299260386421 2.9911299260386421
vp 2.3147500670605421 3.5405717894050786
vp 1.5570761456133617 3.9330942457116014
vp 0.76972127263437251 4.1594766054567476
vp 0 4.2300965082238804
vp -0.76972127263437207 4.1594766054567476
vp -1.5570761456133613 3.9330942457116014
vp -2.3147500670605421 3.5405717894050786
vp -2.9911299260386421 2.9911299260386421
vp -3.5405717894050786 2.3147500670605421
vp -3.9330942457116014 1.5570761456133619
vp -4.1594766054567476 0.76972127263437262
vp -4.2300965082238804 0
vp -4.1594766054567476 -0.76972127263437196
vp -3.9330942457116014 -1.5570761456133613
vp -3.5405717894050786 -2.3147500670605421
vp -2.9911299260386426 -2.9911299260386421
vp -2.3147500670605425 -3.5405717894050786
vp -1.5570761456133622 -3.9330942457116014
vp -0.76972127263437307 -4.1594766054567476
vp 0 -4.2300965082238804
vp 0.76972127263437151 -4.1594766054567476
vp 1.5570761456133606 -3.9330942457116014
vp 2.3147500670605412 -3.5405717894050786
vp 2.9911299260386413 -2.9911299260386421
vp 3.5405717894050777 -2.3147500670605421
vp 3.9330942457116005 -1.5570761456133617
vp 4.1594766054567476 -0.76972127263437229
cstype bezier
deg 1
curv2 2745 2746 2747 2748 2749 2750 2751 2752 2753 2754 2755 2756 2757 2758 2759 2760 2761 2762 2763 2764 2765 2766 2767 2768 2769 2770 2771 2772 2773 2774 2775 2776 2745
parm u 0 0.83057750713824863 1.6611550142764973 2.4917325214147459 3.3223100285529945 4.1528875356912431 4.9834650428294918 5.8140425499677404 6.644620057105989 7.4751975642442376 8.3057750713824863 9.1363525785207358 9.9669300856589835 10.797507592797231 11.628085099935481 12.45866260707373 13.289240114211978 14.119817621350226 14.950395128488475 15.780972635626725 16.611550142764973 17.44212764990322 18.272705157041472 19.103282664179719 19.933860171317967 20.764437678456215 21.595015185594463 22.425592692732714 23.256170199870962 24.086747707009209 24.917325214147461 25.747902721285708 26.578480228423956
end
v -289.5706623100308 11.562763002467232 119.34709503687452
v -295.5834718920662 11.562763002467232 122.09530974779599
v -286.8224475991093 11.562763002467232 125.35990461890989
v -292.8352571811447 11.562763002467232 128.10811932983137
cstype bspline
deg 1 1
surf -5.2876206352798505 5.2876206352798505 -5.2876206352798505 5.2876206352798505 915 916 917 918
parm u -5.2876206352798505 -5.2876206352798505 5.2876206352798505 5.2876206352798505
parm v -5.2876206352798505 -5.2876206352798505 5.2876206352798505 5.2876206352798505
trim 0 26.578480228423956 248
end
# - trim loop
vp 4.5038422236594524 0.49999999999999972
vp 4.5038422236594524 8.2982877820565957
cstype bezier
deg 1
curv2 2777 2778
parm u 0.49999999999999978 8.2982877820565957
end
vp 4.5038422236594524 8.2982877820565957
vp 0 8.2982877820565957
cstype bezier
deg 1
curv2 2779 2780
parm u 0 4.5038422236594524
end
vp 0 8.2982877820565957
vp 0 0.50000000000000089
cstype bezier
deg 1
curv2 2781 2782
parm u 0 7.7982877820565948
end
vp 0 0.50000000000000089
vp 4.5038422236594524 0.49999999999999972
cstype bezier
deg 1
curv2 2783 2784
parm u 0 4.5038422236594524
end
v -291.20446800404846 11.562763002467232 124.1757164077523 1
v -291.6525772284478 11.562763002467232 124.17420814929157 0.70710678118654757
v -291.65106896998714 11.562763002467232 123.72609892489224 1
v -291.64956071152636 11.562763002467232 123.2779897004929 0.70710678118654757
v -291.20145148712703 11.562763002467232 123.27949795895361 1
v -290.7533422627277 11.562763002467232 123.28100621741433 0.70710678118654757
v -290.75485052118842 11.562763002467232 123.72911544181366 1
v -290.75635877964908 11.562763002467232 124.17722466621301 0.70710678118654757
v -291.20446800404846 11.562763002467232 124.1757164077523 1
v -291.20446800404846 6.3751026250583953 124.1757164077523 1
v -291.6525772284478 6.3751026250583962 124.17420814929157 0.70710678118654757
v -291.65106896998714 6.3751026250583953 123.72609892489224 1
v -291.64956071152636 6.3751026250583962 123.2779897004929 0.70710678118654757
v -291.20145148712703 6.3751026250583953 123.27949795895361 1
v -290.7533422627277 6.3751026250583962 123.28100621741433 0.70710678118654757
v -290.75485052118842 6.3751026250583953 123.72911544181366 1
v -290.75635877964908 6.3751026250583962 124.17722466621301 0.70710678118654757
v -291.20446800404846 6.3751026250583953 124.1757164077523 1
cstype rat bspline
deg 2 1
surf 0 4.5038422236594524 0 8.2982877820565957 919 920 921 922 923 924 925 926 927 928 929 930 931 932 933 934 935 936
parm u 0 0 0 1.1259605559148631 1.1259605559148631 2.2519211118297262 2.2519211118297262 3.3778816677445893 3.3778816677445893 4.5038422236594524 4.5038422236594524 4.5038422236594524
parm v 0 0 8.2982877820565957 8.2982877820565957
trim 0.49999999999999978 8.2982877820565957 249 0 4.5038422236594524 250 0 7.7982877820565948 251 0 4.5038422236594524 252
end
usemtl diffuse_170_230_123_255
# - trim loop
vp 0.71680875280139555 0
vp 0.70484189475760139 0.13043270865548445
vp 0.66648039245388924 0.26385350967383803
vp 0.59996570849700792 0.3922447408447633
vp 0.50686032991973851 0.50686032991973851
vp 0.3922447408447633 0.59996570849700792
vp 0.26385350967383808 0.66648039245388924
vp 0.13043270865548445 0.70484189475760139
vp 0 0.71680875280139555
vp -0.13043270865548437 0.70484189475760151
vp -0.26385350967383792 0.66648039245388946
vp -0.39224474084476318 0.59996570849700803
vp -0.50686032991973839 0.50686032991973851
vp -0.59996570849700792 0.39224474084476335
vp -0.66648039245388924 0.26385350967383808
vp -0.70484189475760139 0.13043270865548454
vp -0.71680875280139555 0
vp -0.70484189475760151 -0.13043270865548434
vp -0.66648039245388946 -0.26385350967383792
vp -0.59996570849700803 -0.39224474084476318
vp -0.50686032991973851 -0.50686032991973839
vp -0.39224474084476335 -0.59996570849700792
vp -0.26385350967383808 -0.66648039245388924
vp -0.13043270865548454 -0.70484189475760139
vp 0 -0.71680875280139555
vp 0.13043270865548429 -0.70484189475760139
vp 0.2638535096738378 -0.66648039245388924
vp 0.39224474084476307 -0.59996570849700792
vp 0.50686032991973828 -0.50686032991973851
vp 0.59996570849700781 -0.3922447408447633
vp 0.66648039245388913 -0.26385350967383803
vp 0.70484189475760139 -0.13043270865548445
cstype bezier
deg 1
curv2 2785 2786 2787 2788 2789 2790 2791 2792 2793 2794 2795 2796 2797 2798 2799 2800 2801 2802 2803 2804 2805 2806 2807 2808 2809 2810 2811 2812 2813 2814 2815 2816 2785
parm u 0 0.14074506948935789 0.28149013897871578 0.42223520846807366 0.56298027795743155 0.7037253474467895 0.84447041693614733 0.98521548642550516 1.1259605559148631 1.266705625404221 1.407450694893579 1.5481957643829367 1.6889408338722947 1.8296859033616526 1.9704309728510103 2.111176042340368 2.2519211118297262 2.3926661813190844 2.5334112508084421 2.6741563202977998 2.814901389787158 2.9556464592765157 3.0963915287658734 3.2371365982552316 3.3778816677445893 3.518626737233947 3.6593718067233052 3.8001168762126629 3.9408619457020206 4.0816070151913788 4.2223520846807361 4.3630971541700942 4.5038422236594524
end
v -292.51521488976368 6.3751026250583953 102.98457572158767
v -292.51898553591548 6.3751026250583953 104.10484878258602
v -293.63548795076201 6.3751026250583953 102.98080507543591
v -293.63925859691381 6.3751026250583953 104.10107813643425
cstype bspline
deg 1 1
surf -0.8960109410017445 0.8960109410017445 -0.8960109410017445 0.8960109410017445 937 938 939 940
parm u -0.8960109410017445 -0.8960109410017445 0.8960109410017445 0.8960109410017445
parm v -0.8960109410017445 -0.8960109410017445 0.8960109410017445 0.8960109410017445
trim 0 4.5038422236594524 253
end
# - trim loop
vp 0 0
vp 26.578480228423956 0
cstype bezier
deg 1
curv2 2817 2818
parm u 0 26.578480228423956
end
vp 26.578480228423956 0
vp 26.578480228423956 0.5
cstype bezier
deg 1
curv2 2819 2820
parm u 0 0.5
end
vp 26.578480228423956 0.5
vp 0 0.5
cstype bezier
deg 1
curv2 2821 2822
parm u 0 26.578480228423956
end
vp 0 0.5
vp 0 0
cstype bezier
deg 1
curv2 2823 2824
parm u 0 0.5
end
v -295.48236057615293 11.25018885984554 104.64211281337954 1
v -294.38307469178432 11.250188859845538 107.0472366461937 0.70710678118654757
v -291.97795085897019 11.25018885984554 105.94795076182511 1
v -289.57282702615601 11.250188859845538 104.84866487745651 0.70710678118654757
v -290.67211291052462 11.25018885984554 102.44354104464237 1
v -291.77139879489317 11.250188859845538 100.03841721182823 0.70710678118654757
v -294.17652262770736 11.25018885984554 101.13770309619682 1
v -296.58164646052148 11.250188859845538 102.23698898056541 0.70710678118654757
v -295.48236057615293 11.25018885984554 104.64211281337954 1
v -295.48236057615293 11.562763002467232 104.64211281337954 1
v -294.38307469178432 11.562763002467232 107.0472366461937 0.70710678118654757
v -291.97795085897019 11.562763002467232 105.94795076182511 1
v -289.57282702615601 11.562763002467232 104.84866487745651 0.70710678118654757
v -290.67211291052462 11.562763002467232 102.44354104464237 1
v -291.77139879489317 11.562763002467232 100.03841721182823 0.70710678118654757
v -294.17652262770736 11.562763002467232 101.13770309619682 1
v -296.58164646052148 11.562763002467232 102.23698898056541 0.70710678118654757
v -295.48236057615293 11.562763002467232 104.64211281337954 1
cstype rat bspline
deg 2 1
surf 0 26.578480228423956 0 0.5 941 942 943 944 945 946 947 948 949 950 951 952 953 954 955 956 957 958
parm u 0 0 0 6.644620057105989 6.644620057105989 13.289240114211978 13.289240114211978 19.933860171317967 19.933860171317967 26.578480228423956 26.578480228423956 26.578480228423956
parm v 0 0 0.5 0.5
trim 0 26.578480228423956 254 0 0.5 255 0 26.578480228423956 256 0 0.5 257
end
# - trim loop
vp 4.2300965082238804 0
vp 4.1594766054567476 0.76972127263437229
vp 3.9330942457116014 1.5570761456133617
vp 3.5405717894050786 2.3147500670605421
vp 2.9911299260386421 2.9911299260386421
vp 2.3147500670605421 3.5405717894050786
vp 1.5570761456133617 3.9330942457116014
vp 0.76972127263437251 4.1594766054567476
vp 0 4.2300965082238804
vp -0.76972127263437207 4.1594766054567476
vp -1.5570761456133613 3.9330942457116014
vp -2.3147500670605421 3.5405717894050786
vp -2.9911299260386421 2.9911299260386421
vp -3.5405717894050786 2.3147500670605421
vp -3.9330942457116014 1.5570761456133619
vp -4.1594766054567476 0.76972127263437262
vp -4.2300965082238804 0
vp -4.1594766054567476 -0.76972127263437196
vp -3.9330942457116014 -1.5570761456133613
vp -3.5405717894050786 -2.3147500670605421
vp -2.9911299260386426 -2.9911299260386421
vp -2.3147500670605425 -3.5405717894050786
vp -1.5570761456133622 -3.9330942457116014
vp -0.76972127263437307 -4.1594766054567476
vp 0 -4.2300965082238804
vp 0.76972127263437151 -4.1594766054567476
vp 1.5570761456133606 -3.9330942457116014
vp 2.3147500670605412 -3.5405717894050786
vp 2.9911299260386413 -2.9911299260386421
vp 3.5405717894050777 -2.3147500670605421
vp 3.9330942457116005 -1.5570761456133617
vp 4.1594766054567476 -0.76972127263437229
cstype bezier
deg 1
curv2 2825 2826 2827 2828 2829 2830 2831 2832 2833 2834 2835 2836 2837 2838 2839 2840 2841 2842 2843 2844 2845 2846 2847 2848 2849 2850 2851 2852 2853 2854 2855 2856 2825
parm u 0 0.83057750713824863 1.6611550142764973 2.4917325214147459 3.3223100285529945 4.1528875356912431 4.9834650428294918 5.8140425499677404 6.644620057105989 7.4751975642442376 8.3057750713824863 9.1363525785207358 9.9669300856589835 10.797507592797231 11.628085099935481 12.45866260707373 13.289240114211978 14.119817621350226 14.950395128488475 15.780972635626725 16.611550142764973 17.44212764990322 18.272705157041472 19.103282664179719 19.933860171317967 20.764437678456215 21.595015185594463 22.425592692732714 23.256170199870962 24.086747707009209 24.917325214147461 25.747902721285708 26.578480228423956
end
# - hole loop
vp 0.30016816712680683 0.650933068399838
vp 0.41360273820559079 0.58544646471008022
vp 0.51869786890271452 0.49473963747457683
vp 0.60743633232517624 0.38057310764691582
vp 0.6725301332357928 0.24802824029238937
vp 0.70908300506197508 0.10495751533344291
vp 0.7157202660710974 -0.039487831388997571
vp 0.69468549656478029 -0.17671120212150951
vp 0.65093306839983001 -0.30016816712679883
vp 0.58544646471007444 -0.41360273820558768
vp 0.49473963747457278 -0.51869786890271596
vp 0.38057310764691299 -0.60743633232518146
vp 0.24802824029238704 -0.67253013323580091
vp 0.10495751533344032 -0.70908300506198474
vp -0.039487831389001124 -0.71572026607110739
vp -0.17671120212151459 -0.69468549656478928
vp -0.30016816712680594 -0.65093306839983711
vp -0.41360273820558935 -0.58544646471008277
vp -0.51869786890271297 -0.49473963747458227
vp -0.60743633232517502 -0.38057310764692315
vp -0.67253013323579258 -0.24802824029239745
vp -0.7090830050619763 -0.10495751533345048
vp -0.7157202660711004 0.039487831388991645
vp -0.69468549656478529 0.17671120212150618
vp -0.65093306839983711 0.30016816712679883
vp -0.58544646471008022 0.41360273820558435
vp -0.49473963747457722 0.51869786890271008
vp -0.3805731076469161 0.60743633232517402
vp -0.24802824029238885 0.6725301332357928
vp -0.10495751533344107 0.70908300506197741
vp 0.039487831389001186 0.71572026607110195
vp 0.1767112021215152 0.69468549656478673
cstype bezier
deg 1
curv2 2857 2858 2859 2860 2861 2862 2863 2864 2865 2866 2867 2868 2869 2870 2871 2872 2873 2874 2875 2876 2877 2878 2879 2880 2881 2882 2883 2884 2885 2886 2887 2888 2857
parm u 0 0.14074506948935789 0.28149013897871578 0.42223520846807366 0.56298027795743155 0.7037253474467895 0.84447041693614733 0.98521548642550516 1.1259605559148631 1.266705625404221 1.407450694893579 1.5481957643829367 1.6889408338722947 1.8296859033616526 1.9704309728510103 2.111176042340368 2.2519211118297262 2.3926661813190844 2.5334112508084421 2.6741563202977998 2.814901389787158 2.9556464592765157 3.0963915287658734 3.2371365982552316 3.3778816677445893 3.518626737233947 3.6593718067233052 3.8001168762126629 3.9408619457020206 4.0816070151913788 4.2223520846807361 4.3630971541700942 4.5038422236594524
end
v -291.44493930778179 11.25018885984554 99.162314782532533
v -297.4577488898172 11.25018885984554 101.91052949345401
v -288.69672459686029 11.25018885984554 105.17512436456791
v -294.70953417889569 11.25018885984554 107.92333907548938
cstype bspline
deg 1 1
surf -5.2876206352798505 5.2876206352798505 -5.2876206352798505 5.2876206352798505 959 960 961 962
parm u -5.2876206352798505 -5.2876206352798505 5.2876206352798505 5.2876206352798505
parm v -5.2876206352798505 -5.2876206352798505 5.2876206352798505 5.2876206352798505
trim 0 26.578480228423956 258
hole 0 4.5038422236594524 259
end
# - trim loop
vp 4.2300965082238804 0
vp 4.1594766054567476 0.76972127263437229
vp 3.9330942457116014 1.5570761456133617
vp 3.5405717894050786 2.3147500670605421
vp 2.9911299260386421 2.9911299260386421
vp 2.3147500670605421 3.5405717894050786
vp 1.5570761456133617 3.9330942457116014
vp 0.76972127263437251 4.1594766054567476
vp 0 4.2300965082238804
vp -0.76972127263437207 4.1594766054567476
vp -1.5570761456133613 3.9330942457116014
vp -2.3147500670605421 3.5405717894050786
vp -2.9911299260386421 2.9911299260386421
vp -3.5405717894050786 2.3147500670605421
vp -3.9330942457116014 1.5570761456133619
vp -4.1594766054567476 0.76972127263437262
vp -4.2300965082238804 0
vp -4.1594766054567476 -0.76972127263437196
vp -3.9330942457116014 -1.5570761456133613
vp -3.5405717894050786 -2.3147500670605421
vp -2.9911299260386426 -2.9911299260386421
vp -2.3147500670605425 -3.5405717894050786
vp -1.5570761456133622 -3.9330942457116014
vp -0.76972127263437307 -4.1594766054567476
vp 0 -4.2300965082238804
vp 0.76972127263437151 -4.1594766054567476
vp 1.5570761456133606 -3.9330942457116014
vp 2.3147500670605412 -3.5405717894050786
vp 2.9911299260386413 -2.9911299260386421
vp 3.5405717894050777 -2.3147500670605421
vp 3.9330942457116005 -1.5570761456133617
vp 4.1594766054567476 -0.76972127263437229
cstype bezier
deg 1
curv2 2889 2890 2891 2892 2893 2894 2895 2896 2897 2898 2899 2900 2901 2902 2903 2904 2905 2906 2907 2908 2909 2910 2911 2912 2913 2914 2915 2916 2917 2918 2919 2920 2889
parm u 0 0.83057750713824863 1.6611550142764973 2.4917325214147459 3.3223100285529945 4.1528875356912431 4.9834650428294918 5.8140425499677404 6.644620057105989 7.4751975642442376 8.3057750713824863 9.1363525785207358 9.9669300856589835 10.797507592797231 11.628085099935481 12.45866260707373 13.289240114211978 14.119817621350226 14.950395128488475 15.780972635626725 16.611550142764973 17.44212764990322 18.272705157041472 19.103282664179719 19.933860171317967 20.764437678456215 21.595015185594463 22.425592692732714 23.256170199870962 24.086747707009209 24.917325214147461 25.747902721285708 26.578480228423956
end
v -291.44493930778179 11.562763002467232 99.162314782532533
v -297.4577488898172 11.562763002467232 101.91052949345401
v -288.69672459686029 11.562763002467232 105.17512436456791
v -294.70953417889569 11.562763002467232 107.92333907548938
cstype bspline
deg 1 1
surf -5.2876206352798505 5.2876206352798505 -5.2876206352798505 5.2876206352798505 963 964 965 966
parm u -5.2876206352798505 -5.2876206352798505 5.2876206352798505 5.2876206352798505
parm v -5.2876206352798505 -5.2876206352798505 5.2876206352798505 5.2876206352798505
trim 0 26.578480228423956 260
end
# - trim loop
vp 4.5038422236594524 0.49999999999999972
vp 4.5038422236594524 8.2982877820565957
cstype bezier
deg 1
curv2 2921 2922
parm u 0.49999999999999978 8.2982877820565957
end
vp 4.5038422236594524 8.2982877820565957
vp 0 8.2982877820565957
cstype bezier
deg 1
curv2 2923 2924
parm u 0 4.5038422236594524
end
vp 0 8.2982877820565957
vp 0 0.50000000000000089
cstype bezier
deg 1
curv2 2925 2926
parm u 0 7.7982877820565948
end
vp 0 0.50000000000000089
vp 4.5038422236594524 0.49999999999999972
cstype bezier
deg 1
curv2 2927 2928
parm u 0 4.5038422236594524
end
v -293.07874500179946 11.562763002467232 103.99093615341032 1
v -293.52685422619879 11.562763002467232 103.98942789494959 0.70710678118654757
v -293.52534596773813 11.562763002467232 103.54131867055025 1
v -293.52383770927736 11.562763002467232 103.09320944615091 0.70710678118654757
v -293.07572848487803 11.562763002467232 103.09471770461163 1
v -292.6276192604787 11.562763002467232 103.09622596307234 0.70710678118654757
v -292.62912751893941 11.562763002467232 103.54433518747167 1
v -292.63063577740007 11.562763002467232 103.99244441187102 0.70710678118654757
v -293.07874500179946 11.562763002467232 103.99093615341032 1
v -293.07874500179946 6.3751026250583953 103.99093615341032 1
v -293.52685422619879 6.3751026250583962 103.98942789494959 0.70710678118654757
v -293.52534596773813 6.3751026250583953 103.54131867055025 1
v -293.52383770927736 6.3751026250583962 103.09320944615091 0.70710678118654757
v -293.07572848487803 6.3751026250583953 103.09471770461163 1
v -292.6276192604787 6.3751026250583962 103.09622596307234 0.70710678118654757
v -292.62912751893941 6.3751026250583953 103.54433518747167 1
v -292.63063577740007 6.3751026250583962 103.99244441187102 0.70710678118654757
v -293.07874500179946 6.3751026250583953 103.99093615341032 1
cstype rat bspline
deg 2 1
surf 0 4.5038422236594524 0 8.2982877820565957 967 968 969 970 971 972 973 974 975 976 977 978 979 980 981 982 983 984
parm u 0 0 0 1.1259605559148631 1.1259605559148631 2.2519211118297262 2.2519211118297262 3.3778816677445893 3.3778816677445893 4.5038422236594524 4.5038422236594524 4.5038422236594524
parm v 0 0 8.2982877820565957 8.2982877820565957
trim 0.49999999999999978 8.2982877820565957 261 0 4.5038422236594524 262 0 7.7982877820565948 263 0 4.5038422236594524 264
end
usemtl diffuse_170_230_123_255
# - trim loop
vp 0.71680875280139555 0
vp 0.70484189475760139 0.13043270865548445
vp 0.66648039245388924 0.26385350967383803
vp 0.59996570849700792 0.3922447408447633
vp 0.50686032991973851 0.50686032991973851
vp 0.3922447408447633 0.59996570849700792
vp 0.26385350967383808 0.66648039245388924
vp 0.13043270865548445 0.70484189475760139
vp 0 0.71680875280139555
vp -0.13043270865548437 0.70484189475760151
vp -0.26385350967383792 0.66648039245388946
vp -0.39224474084476318 0.59996570849700803
vp -0.50686032991973839 0.50686032991973851
vp -0.59996570849700792 0.39224474084476335
vp -0.66648039245388924 0.26385350967383808
vp -0.70484189475760139 0.13043270865548454
vp -0.71680875280139555 0
vp -0.70484189475760151 -0.13043270865548434
vp -0.66648039245388946 -0.26385350967383792
vp -0.59996570849700803 -0.39224474084476318
vp -0.50686032991973851 -0.50686032991973839
vp -0.39224474084476335 -0.59996570849700792
vp -0.26385350967383808 -0.66648039245388924
vp -0.13043270865548454 -0.70484189475760139
vp 0 -0.71680875280139555
vp 0.13043270865548429 -0.70484189475760139
vp 0.2638535096738378 -0.66648039245388924
vp 0.39224474084476307 -0.59996570849700792
vp 0.50686032991973828 -0.50686032991973851
vp 0.59996570849700781 -0.3922447408447633
vp 0.66648039245388913 -0.26385350967383803
vp 0.70484189475760139 -0.13043270865548445
cstype bezier
deg 1
curv2 2929 2930 2931 2932 2933 2934 2935 2936 2937 2938 2939 2940 2941 2942 2943 2944 2945 2946 2947 2948 2949 2950 2951 2952 2953 2954 2955 2956 2957 2958 2959 2960 2929
parm u 0 0.14074506948935789 0.28149013897871578 0.42223520846807366 0.56298027795743155 0.7037253474467895 0.84447041693614733 0.98521548642550516 1.1259605559148631 1.266705625404221 1.407450694893579 1.5481957643829367 1.6889408338722947 1.8296859033616526 1.9704309728510103 2.111176042340368 2.2519211118297262 2.3926661813190844 2.5334112508084421 2.6741563202977998 2.814901389787158 2.9556464592765157 3.0963915287658734 3.2371365982552316 3.3778816677445893 3.518626737233947 3.6593718067233052 3.8001168762126629 3.9408619457020206 4.0816070151913788 4.2223520846807361 4.3630971541700942 4.5038422236594524
end
v -307.54114022501017 4.9625436705241945 -188.33918887214224
v -307.54491087116196 4.9625436705241945 -187.21891581114389
v -308.6614132860085 4.9625436705241945 -188.34295951829404
v -308.66518393216029 4.9625436705241945 -187.22268645729568
cstype bspline
deg 1 1
surf -0.8960109410017445 0.8960109410017445 -0.8960109410017445 0.8960109410017445 985 986 987 988
parm u -0.8960109410017445 -0.8960109410017445 0.8960109410017445 0.8960109410017445
parm v -0.8960109410017445 -0.8960109410017445 0.8960109410017445 0.8960109410017445
trim 0 4.5038422236594524 265
end
# - trim loop
vp 0 0
vp 26.578480228423956 0
cstype bezier
deg 1
curv2 2961 2962
parm u 0 26.578480228423956
end
vp 26.578480228423956 0
vp 26.578480228423956 0.5
cstype bezier
deg 1
curv2 2963 2964
parm u 0 0.5
end
vp 26.578480228423956 0.5
vp 0 0.5
cstype bezier
deg 1
curv2 2965 2966
parm u 0 26.578480228423956
end
vp 0 0.5
vp 0 0
cstype bezier
deg 1
curv2 2967 2968
parm u 0 0.5
end
v -310.50828591139941 9.8376299053113385 -186.68165178035036 1
v -309.4090000270308 9.8376299053113367 -184.27652794753624 0.70710678118654757
v -307.00387619421667 9.8376299053113385 -185.3758138319048 1
v -304.59875236140255 9.8376299053113367 -186.4750997162734 0.70710678118654757
v -305.6980382457711 9.8376299053113385 -188.88022354908753 1
v -306.79732413013966 9.8376299053113367 -191.2853473819017 0.70710678118654757
v -309.20244796295384 9.8376299053113385 -190.1860614975331 1
v -311.60757179576802 9.8376299053113367 -189.08677561316452 0.70710678118654757
v -310.50828591139941 9.8376299053113385 -186.68165178035036 1
v -310.50828591139941 10.150204047933032 -186.68165178035036 1
v -309.4090000270308 10.15020404793303 -184.27652794753624 0.70710678118654757
v -307.00387619421667 10.150204047933032 -185.3758138319048 1
v -304.59875236140255 10.15020404793303 -186.4750997162734 0.70710678118654757
v -305.6980382457711 10.150204047933032 -188.88022354908753 1
v -306.79732413013966 10.15020404793303 -191.2853473819017 0.70710678118654757
v -309.20244796295384 10.150204047933032 -190.1860614975331 1
v -311.60757179576802 10.15020404793303 -189.08677561316452 0.70710678118654757
v -310.50828591139941 10.150204047933032 -186.68165178035036 1
cstype rat bspline
deg 2 1
surf 0 26.578480228423956 0 0.5 989 990 991 992 993 994 995 996 997 998 999 1000 1001 1002 1003 1004 1005 1006
parm u 0 0 0 6.644620057105989 6.644620057105989 13.289240114211978 13.289240114211978 19.933860171317967 19.933860171317967 26.578480228423956 26.578480228423956 26.578480228423956
parm v 0 0 0.5 0.5
trim 0 26.578480228423956 266 0 0.5 267 0 26.578480228423956 268 0 0.5 269
end
# - trim loop
vp 4.2300965082238804 0
vp 4.1594766054567476 0.76972127263437229
vp 3.9330942457116014 1.5570761456133617
vp 3.5405717894050786 2.3147500670605421
vp 2.9911299260386421 2.9911299260386421
vp 2.3147500670605421 3.5405717894050786
vp 1.5570761456133617 3.9330942457116014
vp 0.76972127263437251 4.1594766054567476
vp 0 4.2300965082238804
vp -0.76972127263437207 4.1594766054567476
vp -1.5570761456133613 3.9330942457116014
vp -2.3147500670605421 3.5405717894050786
vp -2.9911299260386421 2.9911299260386421
vp -3.5405717894050786 2.3147500670605421
vp -3.9330942457116014 1.5570761456133619
vp -4.1594766054567476 0.76972127263437262
vp -4.2300965082238804 0
vp -4.1594766054567476 -0.76972127263437196
vp -3.9330942457116014 -1.5570761456133613
vp -3.5405717894050786 -2.3147500670605421
vp -2.9911299260386426 -2.9911299260386421
vp -2.3147500670605425 -3.5405717894050786
vp -1.5570761456133622 -3.9330942457116014
vp -0.76972127263437307 -4.1594766054567476
vp 0 -4.2300965082238804
vp 0.76972127263437151 -4.1594766054567476
vp 1.5570761456133606 -3.9330942457116014
vp 2.3147500670605412 -3.5405717894050786
vp 2.9911299260386413 -2.9911299260386421
vp 3.5405717894050777 -2.3147500670605421
vp 3.9330942457116005 -1.5570761456133617
vp 4.1594766054567476 -0.76972127263437229
cstype bezier
deg 1
curv2 2969 2970 2971 2972 2973 2974 2975 2976 2977 2978 2979 2980 2981 2982 2983 2984 2985 2986 2987 2988 2989 2990 2991 2992 2993 2994 2995 2996 2997 2998 2999 3000 2969
parm u 0 0.83057750713824863 1.6611550142764973 2.4917325214147459 3.3223100285529945 4.1528875356912431 4.9834650428294918 5.8140425499677404 6.644620057105989 7.4751975642442376 8.3057750713824863 9.1363525785207358 9.9669300856589835 10.797507592797231 11.628085099935481 12.45866260707373 13.289240114211978 14.119817621350226 14.950395128488475 15.780972635626725 16.611550142764973 17.44212764990322 18.272705157041472 19.103282664179719 19.933860171317967 20.764437678456215 21.595015185594463 22.425592692732714 23.256170199870962 24.086747707009209 24.917325214147461 25.747902721285708 26.578480228423956
end
# - hole loop
vp 0.30016816712680683 0.650933068399838
vp 0.41360273820559079 0.58544646471008022
vp 0.51869786890271452 0.49473963747457683
vp 0.60743633232517624 0.38057310764691582
vp 0.6725301332357928 0.24802824029238937
vp 0.70908300506197508 0.10495751533344291
vp 0.7157202660710974 -0.039487831388997571
vp 0.69468549656478029 -0.17671120212150951
vp 0.65093306839983001 -0.30016816712679883
vp 0.58544646471007444 -0.41360273820558768
vp 0.49473963747457278 -0.51869786890271596
vp 0.38057310764691299 -0.60743633232518146
vp 0.24802824029238704 -0.67253013323580091
vp 0.10495751533344032 -0.70908300506198474
vp -0.039487831389001124 -0.71572026607110739
vp -0.17671120212151459 -0.69468549656478928
vp -0.30016816712680594 -0.65093306839983711
vp -0.41360273820558935 -0.58544646471008277
vp -0.51869786890271297 -0.49473963747458227
vp -0.60743633232517502 -0.38057310764692315
vp -0.67253013323579258 -0.24802824029239745
vp -0.7090830050619763 -0.10495751533345048
vp -0.7157202660711004 0.039487831388991645
vp -0.69468549656478529 0.17671120212150618
vp -0.65093306839983711 0.30016816712679883
vp -0.58544646471008022 0.41360273820558435
vp -0.49473963747457722 0.51869786890271008
vp -0.3805731076469161 0.60743633232517402
vp -0.24802824029238885 0.6725301332357928
vp -0.10495751533344107 0.70908300506197741
vp 0.039487831389001186 0.71572026607110195
vp 0.1767112021215152 0.69468549656478673
cstype bezier
deg 1
curv2 3001 3002 3003 3004 3005 3006 3007 3008 3009 3010 3011 3012 3013 3014 3015 3016 3017 3018 3019 3020 3021 3022 3023 3024 3025 3026 3027 3028 3029 3030 3031 3032 3001
parm u 0 0.14074506948935789 0.28149013897871578 0.42223520846807366 0.56298027795743155 0.7037253474467895 0.84447041693614733 0.98521548642550516 1.1259605559148631 1.266705625404221 1.407450694893579 1.5481957643829367 1.6889408338722947 1.8296859033616526 1.9704309728510103 2.111176042340368 2.2519211118297262 2.3926661813190844 2.5334112508084421 2.6741563202977998 2.814901389787158 2.9556464592765157 3.0963915287658734 3.2371365982552316 3.3778816677445893 3.518626737233947 3.6593718067233052 3.8001168762126629 3.9408619457020206 4.0816070151913788 4.2223520846807361 4.3630971541700942 4.5038422236594524
end
v -306.47086464302828 9.8376299053113385 -192.1614498111974
v -312.48367422506368 9.8376299053113385 -189.41323510027593
v -303.72264993210678 9.8376299053113385 -186.14864022916203
v -309.73545951414218 9.8376299053113385 -183.40042551824055
cstype bspline
deg 1 1
surf -5.2876206352798505 5.2876206352798505 -5.2876206352798505 5.2876206352798505 1007 1008 1009 1010
parm u -5.2876206352798505 -5.2876206352798505 5.2876206352798505 5.2876206352798505
parm v -5.2876206352798505 -5.2876206352798505 5.2876206352798505 5.2876206352798505
trim 0 26.578480228423956 270
hole 0 4.5038422236594524 271
end
# - trim loop
vp 4.2300965082238804 0
vp 4.1594766054567476 0.76972127263437229
vp 3.9330942457116014 1.5570761456133617
vp 3.5405717894050786 2.3147500670605421
vp 2.9911299260386421 2.9911299260386421
vp 2.3147500670605421 3.5405717894050786
vp 1.5570761456133617 3.9330942457116014
vp 0.76972127263437251 4.1594766054567476
vp 0 4.2300965082238804
vp -0.76972127263437207 4.1594766054567476
vp -1.5570761456133613 3.9330942457116014
vp -2.3147500670605421 3.5405717894050786
vp -2.9911299260386421 2.9911299260386421
vp -3.5405717894050786 2.3147500670605421
vp -3.9330942457116014 1.5570761456133619
vp -4.1594766054567476 0.76972127263437262
vp -4.2300965082238804 0
vp -4.1594766054567476 -0.76972127263437196
vp -3.9330942457116014 -1.5570761456133613
vp -3.5405717894050786 -2.3147500670605421
vp -2.9911299260386426 -2.9911299260386421
vp -2.3147500670605425 -3.5405717894050786
vp -1.5570761456133622 -3.9330942457116014
vp -0.76972127263437307 -4.1594766054567476
vp 0 -4.2300965082238804
vp 0.76972127263437151 -4.1594766054567476
vp 1.5570761456133606 -3.9330942457116014
vp 2.3147500670605412 -3.5405717894050786
vp 2.9911299260386413 -2.9911299260386421
vp 3.5405717894050777 -2.3147500670605421
vp 3.9330942457116005 -1.5570761456133617
vp 4.1594766054567476 -0.76972127263437229
cstype bezier
deg 1
curv2 3033 3034 3035 3036 3037 3038 3039 3040 3041 3042 3043 3044 3045 3046 3047 3048 3049 3050 3051 3052 3053 3054 3055 3056 3057 3058 3059 3060 3061 3062 3063 3064 3033
parm u 0 0.83057750713824863 1.6611550142764973 2.4917325214147459 3.3223100285529945 4.1528875356912431 4.9834650428294918 5.8140425499677404 6.644620057105989 7.4751975642442376 8.3057750713824863 9.1363525785207358 9.9669300856589835 10.797507592797231 11.628085099935481 12.45866260707373 13.289240114211978 14.119817621350226 14.950395128488475 15.780972635626725 16.611550142764973 17.44212764990322 18.272705157041472 19.103282664179719 19.933860171317967 20.764437678456215 21.595015185594463 22.425592692732714 23.256170199870962 24.086747707009209 24.917325214147461 25.747902721285708 26.578480228423956
end
v -306.47086464302828 10.150204047933032 -192.1614498111974
v -312.48367422506368 10.150204047933032 -189.41323510027593
v -303.72264993210678 10.150204047933032 -186.14864022916203
v -309.73545951414218 10.150204047933032 -183.40042551824055
cstype bspline
deg 1 1
surf -5.2876206352798505 5.2876206352798505 -5.2876206352798505 5.2876206352798505 1011 1012 1013 1014
parm u -5.2876206352798505 -5.2876206352798505 5.2876206352798505 5.2876206352798505
parm v -5.2876206352798505 -5.2876206352798505 5.2876206352798505 5.2876206352798505
trim 0 26.578480228423956 272
end
# - trim loop
vp 4.5038422236594524 0.49999999999999972
vp 4.5038422236594524 8.2982877820565957
cstype bezier
deg 1
curv2 3065 3066
parm u 0.49999999999999978 8.2982877820565957
end
vp 4.5038422236594524 8.2982877820565957
vp 0 8.2982877820565957
cstype bezier
deg 1
curv2 3067 3068
parm u 0 4.5038422236594524
end
vp 0 8.2982877820565957
vp 0 0.50000000000000089
cstype bezier
deg 1
curv2 3069 3070
parm u 0 7.7982877820565948
end
vp 0 0.50000000000000089
vp 4.5038422236594524 0.49999999999999972
cstype bezier
deg 1
curv2 3071 3072
parm u 0 4.5038422236594524
end
v -308.10467033704595 10.150204047933032 -187.3328284403196 1
v -308.55277956144533 10.15020404793303 -187.33433669878033 0.70710678118654757
v -308.55127130298462 10.150204047933032 -187.78244592317967 1
v -308.5497630445239 10.15020404793303 -188.23055514757903 0.70710678118654757
v -308.10165382012451 10.150204047933032 -188.22904688911828 1
v -307.65354459572524 10.15020404793303 -188.2275386306576 0.70710678118654757
v -307.6550528541859 10.150204047933032 -187.77942940625823 1
v -307.65656111264661 10.15020404793303 -187.3313201818589 0.70710678118654757
v -308.10467033704595 10.150204047933032 -187.3328284403196 1
v -308.10467033704595 4.9625436705241945 -187.3328284403196 1
v -308.55277956144533 4.9625436705241945 -187.33433669878033 0.70710678118654757
v -308.55127130298462 4.9625436705241945 -187.78244592317967 1
v -308.5497630445239 4.9625436705241945 -188.23055514757903 0.70710678118654757
v -308.10165382012451 4.9625436705241945 -188.22904688911828 1
v -307.65354459572524 4.9625436705241945 -188.2275386306576 0.70710678118654757
v -307.6550528541859 4.9625436705241945 -187.77942940625823 1
v -307.65656111264661 4.9625436705241945 -187.3313201818589 0.70710678118654757
v -308.10467033704595 4.9625436705241945 -187.3328284403196 1
cstype rat bspline
deg 2 1
surf 0 4.5038422236594524 0 8.2982877820565957 1015 1016 1017 1018 1019 1020 1021 1022 1023 1024 1025 1026 1027 1028 1029 1030 1031 1032
parm u 0 0 0 1.1259605559148631 1.1259605559148631 2.2519211118297262 2.2519211118297262 3.3778816677445893 3.3778816677445893 4.5038422236594524 4.5038422236594524 4.5038422236594524
parm v 0 0 8.2982877820565957 8.2982877820565957
trim 0.49999999999999978 8.2982877820565957 273 0 4.5038422236594524 274 0 7.7982877820565948 275 0 4.5038422236594524 276
end
usemtl diffuse_170_230_123_255
# - trim loop
vp 0.71680875280139555 0
vp 0.70484189475760139 0.13043270865548445
vp 0.66648039245388924 0.26385350967383803
vp 0.59996570849700792 0.3922447408447633
vp 0.50686032991973851 0.50686032991973851
vp 0.3922447408447633 0.59996570849700792
vp 0.26385350967383808 0.66648039245388924
vp 0.13043270865548445 0.70484189475760139
vp 0 0.71680875280139555
vp -0.13043270865548437 0.70484189475760151
vp -0.26385350967383792 0.66648039245388946
vp -0.39224474084476318 0.59996570849700803
vp -0.50686032991973839 0.50686032991973851
vp -0.59996570849700792 0.39224474084476335
vp -0.66648039245388924 0.26385350967383808
vp -0.70484189475760139 0.13043270865548454
vp -0.71680875280139555 0
vp -0.70484189475760151 -0.13043270865548434
vp -0.66648039245388946 -0.26385350967383792
vp -0.59996570849700803 -0.39224474084476318
vp -0.50686032991973851 -0.50686032991973839
vp -0.39224474084476335 -0.59996570849700792
vp -0.26385350967383808 -0.66648039245388924
vp -0.13043270865548454 -0.70484189475760139
vp 0 -0.71680875280139555
vp 0.13043270865548429 -0.70484189475760139
vp 0.2638535096738378 -0.66648039245388924
vp 0.39224474084476307 -0.59996570849700792
vp 0.50686032991973828 -0.50686032991973851
vp 0.59996570849700781 -0.3922447408447633
vp 0.66648039245388913 -0.26385350967383803
vp 0.70484189475760139 -0.13043270865548445
cstype bezier
deg 1
curv2 3073 3074 3075 3076 3077 3078 3079 3080 3081 3082 3083 3084 3085 3086 3087 3088 3089 3090 3091 3092 3093 3094 3095 3096 3097 3098 3099 3100 3101 3102 3103 3104 3073
parm u 0 0.14074506948935789 0.28149013897871578 0.42223520846807366 0.56298027795743155 0.7037253474467895 0.84447041693614733 0.98521548642550516 1.1259605559148631 1.266705625404221 1.407450694893579 1.5481957643829367 1.6889408338722947 1.8296859033616526 1.9704309728510103 2.111176042340368 2.2519211118297262 2.3926661813190844 2.5334112508084421 2.6741563202977998 2.814901389787158 2.9556464592765157 3.0963915287658734 3.2371365982552316 3.3778816677445893 3.518626737233947 3.6593718067233052 3.8001168762126629 3.9408619457020206 4.0816070151913788 4.2223520846807361 4.3630971541700942 4.5038422236594524
end
v -307.54114022501017 4.9625436705241945 -166.86910623385137
v -307.54491087116196 4.9625436705241945 -165.74883317285301
v -308.6614132860085 4.9625436705241945 -166.87287688000316
v -308.66518393216029 4.9625436705241945 -165.7526038190048
cstype bspline
deg 1 1
surf -0.8960109410017445 0.8960109410017445 -0.8960109410017445 0.8960109410017445 1033 1034 1035 1036
parm u -0.8960109410017445 -0.8960109410017445 0.8960109410017445 0.8960109410017445
parm v -0.8960109410017445 -0.8960109410017445 0.8960109410017445 0.8960109410017445
trim 0 4.5038422236594524 277
end
# - trim loop
vp 0 0
vp 26.578480228423956 0
cstype bezier
deg 1
curv2 3105 3106
parm u 0 26.578480228423956
end
vp 26.578480228423956 0
vp 26.578480228423956 0.5
cstype bezier
deg 1
curv2 3107 3108
parm u 0 0.5
end
vp 26.578480228423956 0.5
vp 0 0.5
cstype bezier
deg 1
curv2 3109 3110
parm u 0 26.578480228423956
end
vp 0 0.5
vp 0 0
cstype bezier
deg 1
curv2 3111 3112
parm u 0 0.5
end
v -310.50828591139941 9.8376299053113385 -165.2115691420595 1
v -309.4090000270308 9.8376299053113367 -162.80644530924533 0.70710678118654757
v -307.00387619421667 9.8376299053113385 -163.90573119361392 1
v -304.59875236140255 9.8376299053113367 -165.00501707798253 0.70710678118654757
v -305.6980382457711 9.8376299053113385 -167.41014091079666 1
v -306.79732413013966 9.8376299053113367 -169.8152647436108 0.70710678118654757
v -309.20244796295384 9.8376299053113385 -168.71597885924223 1
v -311.60757179576802 9.8376299053113367 -167.61669297487362 0.70710678118654757
v -310.50828591139941 9.8376299053113385 -165.2115691420595 1
v -310.50828591139941 10.150204047933032 -165.2115691420595 1
v -309.4090000270308 10.15020404793303 -162.80644530924533 0.70710678118654757
v -307.00387619421667 10.150204047933032 -163.90573119361392 1
v -304.59875236140255 10.15020404793303 -165.00501707798253 0.70710678118654757
v -305.6980382457711 10.150204047933032 -167.41014091079666 1
v -306.79732413013966 10.15020404793303 -169.8152647436108 0.70710678118654757
v -309.20244796295384 10.150204047933032 -168.71597885924223 1
v -311.60757179576802 10.15020404793303 -167.61669297487362 0.70710678118654757
v -310.50828591139941 10.150204047933032 -165.2115691420595 1
cstype rat bspline
deg 2 1
surf 0 26.578480228423956 0 0.5 1037 1038 1039 1040 1041 1042 1043 1044 1045 1046 1047 1048 1049 1050 1051 1052 1053 1054
parm u 0 0 0 6.644620057105989 6.644620057105989 13.289240114211978 13.289240114211978 19.933860171317967 19.933860171317967 26.578480228423956 26.578480228423956 26.578480228423956
parm v 0 0 0.5 0.5
trim 0 26.578480228423956 278 0 0.5 279 0 26.578480228423956 280 0 0.5 281
end
# - trim loop
vp 4.2300965082238804 0
vp 4.1594766054567476 0.76972127263437229
vp 3.9330942457116014 1.5570761456133617
vp 3.5405717894050786 2.3147500670605421
vp 2.9911299260386421 2.9911299260386421
vp 2.3147500670605421 3.5405717894050786
vp 1.5570761456133617 3.9330942457116014
vp 0.76972127263437251 4.1594766054567476
vp 0 4.2300965082238804
vp -0.76972127263437207 4.1594766054567476
vp -1.5570761456133613 3.9330942457116014
vp -2.3147500670605421 3.5405717894050786
vp -2.9911299260386421 2.9911299260386421
vp -3.5405717894050786 2.3147500670605421
vp -3.9330942457116014 1.5570761456133619
vp -4.1594766054567476 0.76972127263437262
vp -4.2300965082238804 0
vp -4.1594766054567476 -0.76972127263437196
vp -3.9330942457116014 -1.5570761456133613
vp -3.5405717894050786 -2.3147500670605421
vp -2.9911299260386426 -2.9911299260386421
vp -2.3147500670605425 -3.5405717894050786
vp -1.5570761456133622 -3.9330942457116014
vp -0.76972127263437307 -4.1594766054567476
vp 0 -4.2300965082238804
vp 0.76972127263437151 -4.1594766054567476
vp 1.5570761456133606 -3.9330942457116014
vp 2.3147500670605412 -3.5405717894050786
vp 2.9911299260386413 -2.9911299260386421
vp 3.5405717894050777 -2.3147500670605421
vp 3.9330942457116005 -1.5570761456133617
vp 4.1594766054567476 -0.76972127263437229
cstype bezier
deg 1
curv2 3113 3114 3115 3116 3117 3118 3119 3120 3121 3122 3123 3124 3125 3126 3127 3128 3129 3130 3131 3132 3133 3134 3135 3136 3137 3138 3139 3140 3141 3142 3143 3144 3113
parm u 0 0.83057750713824863 1.6611550142764973 2.4917325214147459 3.3223100285529945 4.1528875356912431 4.9834650428294918 5.8140425499677404 6.644620057105989 7.4751975642442376 8.3057750713824863 9.1363525785207358 9.9669300856589835 10.797507592797231 11.628085099935481 12.45866260707373 13.289240114211978 14.119817621350226 14.950395128488475 15.780972635626725 16.611550142764973 17.44212764990322 18.272705157041472 19.103282664179719 19.933860171317967 20.764437678456215 21.595015185594463 22.425592692732714 23.256170199870962 24.086747707009209 24.917325214147461 25.747902721285708 26.578480228423956
end
# - hole loop
vp 0.30016816712680683 0.650933068399838
vp 0.41360273820559079 0.58544646471008022
vp 0.51869786890271452 0.49473963747457683
vp 0.60743633232517624 0.38057310764691582
vp 0.6725301332357928 0.24802824029238937
vp 0.70908300506197508 0.10495751533344291
vp 0.7157202660710974 -0.039487831388997571
vp 0.69468549656478029 -0.17671120212150951
vp 0.65093306839983001 -0.30016816712679883
vp 0.58544646471007444 -0.41360273820558768
vp 0.49473963747457278 -0.51869786890271596
vp 0.38057310764691299 -0.60743633232518146
vp 0.24802824029238704 -0.67253013323580091
vp 0.10495751533344032 -0.70908300506198474
vp -0.039487831389001124 -0.71572026607110739
vp -0.17671120212151459 -0.69468549656478928
vp -0.30016816712680594 -0.65093306839983711
vp -0.41360273820558935 -0.58544646471008277
vp -0.51869786890271297 -0.49473963747458227
vp -0.60743633232517502 -0.38057310764692315
vp -0.67253013323579258 -0.24802824029239745
vp -0.7090830050619763 -0.10495751533345048
vp -0.7157202660711004 0.039487831388991645
vp -0.69468549656478529 0.17671120212150618
vp -0.65093306839983711 0.30016816712679883
vp -0.58544646471008022 0.41360273820558435
vp -0.49473963747457722 0.51869786890271008
vp -0.3805731076469161 0.60743633232517402
vp -0.24802824029238885 0.6725301332357928
vp -0.10495751533344107 0.70908300506197741
vp 0.039487831389001186 0.71572026607110195
vp 0.1767112021215152 0.69468549656478673
cstype bezier
deg 1
curv2 3145 3146 3147 3148 3149 3150 3151 3152 3153 3154 3155 3156 3157 3158 3159 3160 3161 3162 3163 3164 3165 3166 3167 3168 3169 3170 3171 3172 3173 3174 3175 3176 3145
parm u 0 0.14074506948935789 0.28149013897871578 0.42223520846807366 0.56298027795743155 0.7037253474467895 0.84447041693614733 0.98521548642550516 1.1259605559148631 1.266705625404221 1.407450694893579 1.5481957643829367 1.6889408338722947 1.8296859033616526 1.9704309728510103 2.111176042340368 2.2519211118297262 2.3926661813190844 2.5334112508084421 2.6741563202977998 2.814901389787158 2.9556464592765157 3.0963915287658734 3.2371365982552316 3.3778816677445893 3.518626737233947 3.6593718067233052 3.8001168762126629 3.9408619457020206 4.0816070151913788 4.2223520846807361 4.3630971541700942 4.5038422236594524
end
v -306.47086464302828 9.8376299053113385 -170.69136717290652
v -312.48367422506368 9.8376299053113385 -167.94315246198505
v -303.72264993210678 9.8376299053113385 -164.67855759087115
v -309.73545951414218 9.8376299053113385 -161.93034287994968
cstype bspline
deg 1 1
surf -5.2876206352798505 5.2876206352798505 -5.2876206352798505 5.2876206352798505 1055 1056 1057 1058
parm u -5.2876206352798505 -5.2876206352798505 5.2876206352798505 5.2876206352798505
parm v -5.2876206352798505 -5.2876206352798505 5.2876206352798505 5.2876206352798505
trim 0 26.578480228423956 282
hole 0 4.5038422236594524 283
end
# - trim loop
vp 4.2300965082238804 0
vp 4.1594766054567476 0.76972127263437229
vp 3.9330942457116014 1.5570761456133617
vp 3.5405717894050786 2.3147500670605421
vp 2.9911299260386421 2.9911299260386421
vp 2.3147500670605421 3.5405717894050786
vp 1.5570761456133617 3.9330942457116014
vp 0.76972127263437251 4.1594766054567476
vp 0 4.2300965082238804
vp -0.76972127263437207 4.1594766054567476
vp -1.5570761456133613 3.9330942457116014
vp -2.3147500670605421 3.5405717894050786
vp -2.9911299260386421 2.9911299260386421
vp -3.5405717894050786 2.3147500670605421
vp -3.9330942457116014 1.5570761456133619
vp -4.1594766054567476 0.76972127263437262
vp -4.2300965082238804 0
vp -4.1594766054567476 -0.76972127263437196
vp -3.9330942457116014 -1.5570761456133613
vp -3.5405717894050786 -2.3147500670605421
vp -2.9911299260386426 -2.9911299260386421
vp -2.3147500670605425 -3.5405717894050786
vp -1.5570761456133622 -3.9330942457116014
vp -0.76972127263437307 -4.1594766054567476
vp 0 -4.2300965082238804
vp 0.76972127263437151 -4.1594766054567476
vp 1.5570761456133606 -3.9330942457116014
vp 2.3147500670605412 -3.5405717894050786
vp 2.9911299260386413 -2.9911299260386421
vp 3.5405717894050777 -2.3147500670605421
vp 3.9330942457116005 -1.5570761456133617
vp 4.1594766054567476 -0.76972127263437229
cstype bezier
deg 1
curv2 3177 3178 3179 3180 3181 3182 3183 3184 3185 3186 3187 3188 3189 3190 3191 3192 3193 3194 3195 3196 3197 3198 3199 3200 3201 3202 3203 3204 3205 3206 3207 3208 3177
parm u 0 0.83057750713824863 1.6611550142764973 2.4917325214147459 3.3223100285529945 4.1528875356912431 4.9834650428294918 5.8140425499677404 6.644620057105989 7.4751975642442376 8.3057750713824863 9.1363525785207358 9.9669300856589835 10.797507592797231 11.628085099935481 12.45866260707373 13.289240114211978 14.119817621350226 14.950395128488475 15.780972635626725 16.611550142764973 17.44212764990322 18.272705157041472 19.103282664179719 19.933860171317967 20.764437678456215 21.595015185594463 22.425592692732714 23.256170199870962 24.086747707009209 24.917325214147461 25.747902721285708 26.578480228423956
end
v -306.47086464302828 10.150204047933032 -170.69136717290652
v -312.48367422506368 10.150204047933032 -167.94315246198505
v -303.72264993210678 10.150204047933032 -164.67855759087115
v -309.73545951414218 10.150204047933032 -161.93034287994968
cstype bspline
deg 1 1
surf -5.2876206352798505 5.2876206352798505 -5.2876206352798505 5.2876206352798505 1059 1060 1061 1062
parm u -5.2876206352798505 -5.2876206352798505 5.2876206352798505 5.2876206352798505
parm v -5.2876206352798505 -5.2876206352798505 5.2876206352798505 5.2876206352798505
trim 0 26.578480228423956 284
end
# - trim loop
vp 4.5038422236594524 0.49999999999999972
vp 4.5038422236594524 8.2982877820565957
cstype bezier
deg 1
curv2 3209 3210
parm u 0.49999999999999978 8.2982877820565957
end
vp 4.5038422236594524 8.2982877820565957
vp 0 8.2982877820565957
cstype bezier
deg 1
curv2 3211 3212
parm u 0 4.5038422236594524
end
vp 0 8.2982877820565957
vp 0 0.50000000000000089
cstype bezier
deg 1
curv2 3213 3214
parm u 0 7.7982877820565948
end
vp 0 0.50000000000000089
vp 4.5038422236594524 0.49999999999999972
cstype bezier
deg 1
curv2 3215 3216
parm u 0 4.5038422236594524
end
v -308.10467033704595 10.150204047933032 -165.8627458020287 1
v -308.55277956144533 10.15020404793303 -165.86425406048946 0.70710678118654757
v -308.55127130298462 10.150204047933032 -166.3123632848888 1
v -308.5497630445239 10.15020404793303 -166.76047250928812 0.70710678118654757
v -308.10165382012451 10.150204047933032 -166.7589642508274 1
v -307.65354459572524 10.15020404793303 -166.7574559923667 0.70710678118654757
v -307.6550528541859 10.150204047933032 -166.30934676796736 1
v -307.65656111264661 10.15020404793303 -165.86123754356802 0.70710678118654757
v -308.10467033704595 10.150204047933032 -165.8627458020287 1
v -308.10467033704595 4.9625436705241945 -165.8627458020287 1
v -308.55277956144533 4.9625436705241945 -165.86425406048946 0.70710678118654757
v -308.55127130298462 4.9625436705241945 -166.3123632848888 1
v -308.5497630445239 4.9625436705241945 -166.76047250928812 0.70710678118654757
v -308.10165382012451 4.9625436705241945 -166.7589642508274 1
v -307.65354459572524 4.9625436705241945 -166.7574559923667 0.70710678118654757
v -307.6550528541859 4.9625436705241945 -166.30934676796736 1
v -307.65656111264661 4.9625436705241945 -165.86123754356802 0.70710678118654757
v -308.10467033704595 4.9625436705241945 -165.8627458020287 1
cstype rat bspline
deg 2 1
surf 0 4.5038422236594524 0 8.2982877820565957 1063 1064 1065 1066 1067 1068 1069 1070 1071 1072 1073 1074 1075 1076 1077 1078 1079 1080
parm u 0 0 0 1.1259605559148631 1.1259605559148631 2.2519211118297262 2.2519211118297262 3.3778816677445893 3.3778816677445893 4.5038422236594524 4.5038422236594524 4.5038422236594524
parm v 0 0 8.2982877820565957 8.2982877820565957
trim 0.49999999999999978 8.2982877820565957 285 0 4.5038422236594524 286 0 7.7982877820565948 287 0 4.5038422236594524 288
end
usemtl diffuse_170_230_123_255
# - trim loop
vp 0.71680875280139555 0
vp 0.70484189475760139 0.13043270865548445
vp 0.66648039245388924 0.26385350967383803
vp 0.59996570849700792 0.3922447408447633
vp 0.50686032991973851 0.50686032991973851
vp 0.3922447408447633 0.59996570849700792
vp 0.26385350967383808 0.66648039245388924
vp 0.13043270865548445 0.70484189475760139
vp 0 0.71680875280139555
vp -0.13043270865548437 0.70484189475760151
vp -0.26385350967383792 0.66648039245388946
vp -0.39224474084476318 0.59996570849700803
vp -0.50686032991973839 0.50686032991973851
vp -0.59996570849700792 0.39224474084476335
vp -0.66648039245388924 0.26385350967383808
vp -0.70484189475760139 0.13043270865548454
vp -0.71680875280139555 0
vp -0.70484189475760151 -0.13043270865548434
vp -0.66648039245388946 -0.26385350967383792
vp -0.59996570849700803 -0.39224474084476318
vp -0.50686032991973851 -0.50686032991973839
vp -0.39224474084476335 -0.59996570849700792
vp -0.26385350967383808 -0.66648039245388924
vp -0.13043270865548454 -0.70484189475760139
vp 0 -0.71680875280139555
vp 0.13043270865548429 -0.70484189475760139
vp 0.2638535096738378 -0.66648039245388924
vp 0.39224474084476307 -0.59996570849700792
vp 0.50686032991973828 -0.50686032991973851
vp 0.59996570849700781 -0.3922447408447633
vp 0.66648039245388913 -0.26385350967383803
vp 0.70484189475760139 -0.13043270865548445
cstype bezier
deg 1
curv2 3217 3218 3219 3220 3221 3222 3223 3224 3225 3226 3227 3228 3229 3230 3231 3232 3233 3234 3235 3236 3237 3238 3239 3240 3241 3242 3243 3244 3245 3246 3247 3248 3217
parm u 0 0.14074506948935789 0.28149013897871578 0.42223520846807366 0.56298027795743155 0.7037253474467895 0.84447041693614733 0.98521548642550516 1.1259605559148631 1.266705625404221 1.407450694893579 1.5481957643829367 1.6889408338722947 1.8296859033616526 1.9704309728510103 2.111176042340368 2.2519211118297262 2.3926661813190844 2.5334112508084421 2.6741563202977998 2.814901389787158 2.9556464592765157 3.0963915287658734 3.2371365982552316 3.3778816677445893 3.518626737233947 3.6593718067233052 3.8001168762126629 3.9408619457020206 4.0816070151913788 4.2223520846807361 4.3630971541700942 4.5038422236594524
end
v -304.15314354593949 4.9625436705241945 -146.10489074204227
v -304.15691419209128 4.9625436705241945 -144.98461768104391
v -305.27341660693781 4.9625436705241945 -146.10866138819407
v -305.27718725308961 4.9625436705241945 -144.98838832719571
cstype bspline
deg 1 1
surf -0.8960109410017445 0.8960109410017445 -0.8960109410017445 0.8960109410017445 1081 1082 1083 1084
parm u -0.8960109410017445 -0.8960109410017445 0.8960109410017445 0.8960109410017445
parm v -0.8960109410017445 -0.8960109410017445 0.8960109410017445 0.8960109410017445
trim 0 4.5038422236594524 289
end
# - trim loop
vp 0 0
vp 26.578480228423956 0
cstype bezier
deg 1
curv2 3249 3250
parm u 0 26.578480228423956
end
vp 26.578480228423956 0
vp 26.578480228423956 0.5
cstype bezier
deg 1
curv2 3251 3252
parm u 0 0.5
end
vp 26.578480228423956 0.5
vp 0 0.5
cstype bezier
deg 1
curv2 3253 3254
parm u 0 26.578480228423956
end
vp 0 0.5
vp 0 0
cstype bezier
deg 1
curv2 3255 3256
parm u 0 0.5
end
v -307.12028923232873 9.8376299053113385 -144.4473536502504 1
v -306.02100334796012 9.8376299053113367 -142.04222981743624 0.70710678118654757
v -303.61587951514599 9.8376299053113385 -143.14151570180482 1
v -301.21075568233186 9.8376299053113367 -144.24080158617343 0.70710678118654757
v -302.31004156670042 9.8376299053113385 -146.64592541898756 1
v -303.40932745106898 9.8376299053113367 -149.05104925180171 0.70710678118654757
v -305.81445128388316 9.8376299053113385 -147.95176336743313 1
v -308.21957511669729 9.8376299053113367 -146.85247748306452 0.70710678118654757
v -307.12028923232873 9.8376299053113385 -144.4473536502504 1
v -307.12028923232873 10.150204047933032 -144.4473536502504 1
v -306.02100334796012 10.15020404793303 -142.04222981743624 0.70710678118654757
v -303.61587951514599 10.150204047933032 -143.14151570180482 1
v -301.21075568233186 10.15020404793303 -144.24080158617343 0.70710678118654757
v -302.31004156670042 10.150204047933032 -146.64592541898756 1
v -303.40932745106898 10.15020404793303 -149.05104925180171 0.70710678118654757
v -305.81445128388316 10.150204047933032 -147.95176336743313 1
v -308.21957511669729 10.15020404793303 -146.85247748306452 0.70710678118654757
v -307.12028923232873 10.150204047933032 -144.4473536502504 1
cstype rat bspline
deg 2 1
surf 0 26.578480228423956 0 0.5 1085 1086 1087 1088 1089 1090 1091 1092 1093 1094 1095 1096 1097 1098 1099 1100 1101 1102
parm u 0 0 0 6.644620057105989 6.644620057105989 13.289240114211978 13.289240114211978 19.933860171317967 19.933860171317967 26.578480228423956 26.578480228423956 26.578480228423956
parm v 0 0 0.5 0.5
trim 0 26.578480228423956 290 0 0.5 291 0 26.578480228423956 292 0 0.5 293
end
# - trim loop
vp 4.2300965082238804 0
vp 4.1594766054567476 0.76972127263437229
vp 3.9330942457116014 1.5570761456133617
vp 3.5405717894050786 2.3147500670605421
vp 2.9911299260386421 2.9911299260386421
vp 2.3147500670605421 3.5405717894050786
vp 1.5570761456133617 3.9330942457116014
vp 0.76972127263437251 4.1594766054567476
vp 0 4.2300965082238804
vp -0.76972127263437207 4.1594766054567476
vp -1.5570761456133613 3.9330942457116014
vp -2.3147500670605421 3.5405717894050786
vp -2.9911299260386421 2.9911299260386421
vp -3.5405717894050786 2.3147500670605421
vp -3.9330942457116014 1.5570761456133619
vp -4.1594766054567476 0.76972127263437262
vp -4.2300965082238804 0
vp -4.1594766054567476 -0.76972127263437196
vp -3.9330942457116014 -1.5570761456133613
vp -3.5405717894050786 -2.3147500670605421
vp -2.9911299260386426 -2.9911299260386421
vp -2.3147500670605425 -3.5405717894050786
vp -1.5570761456133622 -3.9330942457116014
vp -0.76972127263437307 -4.1594766054567476
vp 0 -4.2300965082238804
vp 0.76972127263437151 -4.1594766054567476
vp 1.5570761456133606 -3.9330942457116014
vp 2.3147500670605412 -3.5405717894050786
vp 2.9911299260386413 -2.9911299260386421
vp 3.5405717894050777 -2.3147500670605421
vp 3.9330942457116005 -1.5570761456133617
vp 4.1594766054567476 -0.76972127263437229
cstype bezier
deg 1
curv2 3257 3258 3259 3260 3261 3262 3263 3264 3265 3266 3267 3268 3269 3270 3271 3272 3273 3274 3275 3276 3277 3278 3279 3280 3281 3282 3283 3284 3285 3286 3287 3288 3257
parm u 0 0.83057750713824863 1.6611550142764973 2.4917325214147459 3.3223100285529945 4.1528875356912431 4.9834650428294918 5.8140425499677404 6.644620057105989 7.4751975642442376 8.3057750713824863 9.1363525785207358 9.9669300856589835 10.797507592797231 11.628085099935481 12.45866260707373 13.289240114211978 14.119817621350226 14.950395128488475 15.780972635626725 16.611550142764973 17.44212764990322 18.272705157041472 19.103282664179719 19.933860171317967 20.764437678456215 21.595015185594463 22.425592692732714 23.256170199870962 24.086747707009209 24.917325214147461 25.747902721285708 26.578480228423956
end
# - hole loop
vp 0.30016816712680683 0.650933068399838
vp 0.41360273820559079 0.58544646471008022
vp 0.51869786890271452 0.49473963747457683
vp 0.60743633232517624 0.38057310764691582
vp 0.6725301332357928 0.24802824029238937
vp 0.70908300506197508 0.10495751533344291
vp 0.7157202660710974 -0.039487831388997571
vp 0.69468549656478029 -0.17671120212150951
vp 0.65093306839983001 -0.30016816712679883
vp 0.58544646471007444 -0.41360273820558768
vp 0.49473963747457278 -0.51869786890271596
vp 0.38057310764691299 -0.60743633232518146
vp 0.24802824029238704 -0.67253013323580091
vp 0.10495751533344032 -0.70908300506198474
vp -0.039487831389001124 -0.71572026607110739
vp -0.17671120212151459 -0.69468549656478928
vp -0.30016816712680594 -0.65093306839983711
vp -0.41360273820558935 -0.58544646471008277
vp -0.51869786890271297 -0.49473963747458227
vp -0.60743633232517502 -0.38057310764692315
vp -0.67253013323579258 -0.24802824029239745
vp -0.7090830050619763 -0.10495751533345048
vp -0.7157202660711004 0.039487831388991645
vp -0.69468549656478529 0.17671120212150618
vp -0.65093306839983711 0.30016816712679883
vp -0.58544646471008022 0.41360273820558435
vp -0.49473963747457722 0.51869786890271008
vp -0.3805731076469161 0.60743633232517402
vp -0.24802824029238885 0.6725301332357928
vp -0.10495751533344107 0.70908300506197741
vp 0.039487831389001186 0.71572026607110195
vp 0.1767112021215152 0.69468549656478673
cstype bezier
deg 1
curv2 3289 3290 3291 3292 3293 3294 3295 3296 3297 3298 3299 3300 3301 3302 3303 3304 3305 3306 3307 3308 3309 3310 3311 3312 3313 3314 3315 3316 3317 3318 3319 3320 3289
parm u 0 0.14074506948935789 0.28149013897871578 0.42223520846807366 0.56298027795743155 0.7037253474467895 0.84447041693614733 0.98521548642550516 1.1259605559148631 1.266705625404221 1.407450694893579 1.5481957643829367 1.6889408338722947 1.8296859033616526 1.9704309728510103 2.111176042340368 2.2519211118297262 2.3926661813190844 2.5334112508084421 2.6741563202977998 2.814901389787158 2.9556464592765157 3.0963915287658734 3.2371365982552316 3.3778816677445893 3.518626737233947 3.6593718067233052 3.8001168762126629 3.9408619457020206 4.0816070151913788 4.2223520846807361 4.3630971541700942 4.5038422236594524
end
v -303.0828679639576 9.8376299053113385 -149.92715168109743
v -309.095677545993 9.8376299053113385 -147.17893697017595
v -300.33465325303609 9.8376299053113385 -143.91434209906205
v -306.3474628350715 9.8376299053113385 -141.16612738814058
cstype bspline
deg 1 1
surf -5.2876206352798505 5.2876206352798505 -5.2876206352798505 5.2876206352798505 1103 1104 1105 1106
parm u -5.2876206352798505 -5.2876206352798505 5.2876206352798505 5.2876206352798505
parm v -5.2876206352798505 -5.2876206352798505 5.2876206352798505 5.2876206352798505
trim 0 26.578480228423956 294
hole 0 4.5038422236594524 295
end
# - trim loop
vp 4.2300965082238804 0
vp 4.1594766054567476 0.76972127263437229
vp 3.9330942457116014 1.5570761456133617
vp 3.5405717894050786 2.3147500670605421
vp 2.9911299260386421 2.9911299260386421
vp 2.3147500670605421 3.5405717894050786
vp 1.5570761456133617 3.9330942457116014
vp 0.76972127263437251 4.1594766054567476
vp 0 4.2300965082238804
vp -0.76972127263437207 4.1594766054567476
vp -1.5570761456133613 3.9330942457116014
vp -2.3147500670605421 3.5405717894050786
vp -2.9911299260386421 2.9911299260386421
vp -3.5405717894050786 2.3147500670605421
vp -3.9330942457116014 1.5570761456133619
vp -4.1594766054567476 0.76972127263437262
vp -4.2300965082238804 0
vp -4.1594766054567476 -0.76972127263437196
vp -3.9330942457116014 -1.5570761456133613
vp -3.5405717894050786 -2.3147500670605421
vp -2.9911299260386426 -2.9911299260386421
vp -2.3147500670605425 -3.5405717894050786
vp -1.5570761456133622 -3.9330942457116014
vp -0.76972127263437307 -4.1594766054567476
vp 0 -4.2300965082238804
vp 0.76972127263437151 -4.1594766054567476
vp 1.5570761456133606 -3.9330942457116014
vp 2.3147500670605412 -3.5405717894050786
vp 2.9911299260386413 -2.9911299260386421
vp 3.5405717894050777 -2.3147500670605421
vp 3.9330942457116005 -1.5570761456133617
vp 4.1594766054567476 -0.76972127263437229
cstype bezier
deg 1
curv2 3321 3322 3323 3324 3325 3326 3327 3328 3329 3330 3331 3332 3333 3334 3335 3336 3337 3338 3339 3340 3341 3342 3343 3344 3345 3346 3347 3348 3349 3350 3351 3352 3321
parm u 0 0.83057750713824863 1.6611550142764973 2.4917325214147459 3.3223100285529945 4.1528875356912431 4.9834650428294918 5.8140425499677404 6.644620057105989 7.4751975642442376 8.3057750713824863 9.1363525785207358 9.9669300856589835 10.797507592797231 11.628085099935481 12.45866260707373 13.289240114211978 14.119817621350226 14.950395128488475 15.780972635626725 16.611550142764973 17.44212764990322 18.272705157041472 19.103282664179719 19.933860171317967 20.764437678456215 21.595015185594463 22.425592692732714 23.256170199870962 24.086747707009209 24.917325214147461 25.747902721285708 26.578480228423956
end
v -303.0828679639576 10.150204047933032 -149.92715168109743
v -309.095677545993 10.150204047933032 -147.17893697017595
v -300.33465325303609 10.150204047933032 -143.91434209906205
v -306.3474628350715 10.150204047933032 -141.16612738814058
cstype bspline
deg 1 1
surf -5.2876206352798505 5.2876206352798505 -5.2876206352798505 5.2876206352798505 1107 1108 1109 1110
parm u -5.2876206352798505 -5.2876206352798505 5.2876206352798505 5.2876206352798505
parm v -5.2876206352798505 -5.2876206352798505 5.2876206352798505 5.2876206352798505
trim 0 26.578480228423956 296
end
# - trim loop
vp 4.5038422236594524 0.49999999999999972
vp 4.5038422236594524 8.2982877820565957
cstype bezier
deg 1
curv2 3353 3354
parm u 0.49999999999999978 8.2982877820565957
end
vp 4.5038422236594524 8.2982877820565957
vp 0 8.2982877820565957
cstype bezier
deg 1
curv2 3355 3356
parm u 0 4.5038422236594524
end
vp 0 8.2982877820565957
vp 0 0.50000000000000089
cstype bezier
deg 1
curv2 3357 3358
parm u 0 7.7982877820565948
end
vp 0 0.50000000000000089
vp 4.5038422236594524 0.49999999999999972
cstype bezier
deg 1
curv2 3359 3360
parm u 0 4.5038422236594524
end
v -304.71667365797526 10.150204047933032 -145.09853031021962 1
v -305.16478288237465 10.15020404793303 -145.10003856868033 0.70710678118654757
v -305.16327462391394 10.150204047933032 -145.5481477930797 1
v -305.16176636545322 10.15020404793303 -145.99625701747902 0.70710678118654757
v -304.71365714105383 10.150204047933032 -145.9947487590183 1
v -304.2655479166545 10.15020404793303 -145.9932405005576 0.70710678118654757
v -304.26705617511521 10.150204047933032 -145.54513127615826 1
v -304.26856443357593 10.15020404793303 -145.09702205175893 0.70710678118654757
v -304.71667365797526 10.150204047933032 -145.09853031021962 1
v -304.71667365797526 4.9625436705241945 -145.09853031021962 1
v -305.16478288237465 4.9625436705241945 -145.10003856868033 0.70710678118654757
v -305.16327462391394 4.9625436705241945 -145.5481477930797 1
v -305.16176636545322 4.9625436705241945 -145.99625701747902 0.70710678118654757
v -304.71365714105383 4.9625436705241945 -145.9947487590183 1
v -304.2655479166545 4.9625436705241945 -145.9932405005576 0.70710678118654757
v -304.26705617511521 4.9625436705241945 -145.54513127615826 1
v -304.26856443357593 4.9625436705241945 -145.09702205175893 0.70710678118654757
v -304.71667365797526 4.9625436705241945 -145.09853031021962 1
cstype rat bspline
deg 2 1
surf 0 4.5038422236594524 0 8.2982877820565957 1111 1112 1113 1114 1115 1116 1117 1118 1119 1120 1121 1122 1123 1124 1125 1126 1127 1128
parm u 0 0 0 1.1259605559148631 1.1259605559148631 2.2519211118297262 2.2519211118297262 3.3778816677445893 3.3778816677445893 4.5038422236594524 4.5038422236594524 4.5038422236594524
parm v 0 0 8.2982877820565957 8.2982877820565957
trim 0.49999999999999978 8.2982877820565957 297 0 4.5038422236594524 298 0 7.7982877820565948 299 0 4.5038422236594524 300
end
usemtl diffuse_170_230_123_255
# - trim loop
vp 0.71680875280139555 0
vp 0.70484189475760139 0.13043270865548445
vp 0.66648039245388924 0.26385350967383803
vp 0.59996570849700792 0.3922447408447633
vp 0.50686032991973851 0.50686032991973851
vp 0.3922447408447633 0.59996570849700792
vp 0.26385350967383808 0.66648039245388924
vp 0.13043270865548445 0.70484189475760139
vp 0 0.71680875280139555
vp -0.13043270865548437 0.70484189475760151
vp -0.26385350967383792 0.66648039245388946
vp -0.39224474084476318 0.59996570849700803
vp -0.50686032991973839 0.50686032991973851
vp -0.59996570849700792 0.39224474084476335
vp -0.66648039245388924 0.26385350967383808
vp -0.70484189475760139 0.13043270865548454
vp -0.71680875280139555 0
vp -0.70484189475760151 -0.13043270865548434
vp -0.66648039245388946 -0.26385350967383792
vp -0.59996570849700803 -0.39224474084476318
vp -0.50686032991973851 -0.50686032991973839
vp -0.39224474084476335 -0.59996570849700792
vp -0.26385350967383808 -0.66648039245388924
vp -0.13043270865548454 -0.70484189475760139
vp 0 -0.71680875280139555
vp 0.13043270865548429 -0.70484189475760139
vp 0.2638535096738378 -0.66648039245388924
vp 0.39224474084476307 -0.59996570849700792
vp 0.50686032991973828 -0.50686032991973851
vp 0.59996570849700781 -0.3922447408447633
vp 0.66648039245388913 -0.26385350967383803
vp 0.70484189475760139 -0.13043270865548445
cstype bezier
deg 1
curv2 3361 3362 3363 3364 3365 3366 3367 3368 3369 3370 3371 3372 3373 3374 3375 3376 3377 3378 3379 3380 3381 3382 3383 3384 3385 3386 3387 3388 3389 3390 3391 3392 3361
parm u 0 0.14074506948935789 0.28149013897871578 0.42223520846807366 0.56298027795743155 0.7037253474467895 0.84447041693614733 0.98521548642550516 1.1259605559148631 1.266705625404221 1.407450694893579 1.5481957643829367 1.6889408338722947 1.8296859033616526 1.9704309728510103 2.111176042340368 2.2519211118297262 2.3926661813190844 2.5334112508084421 2.6741563202977998 2.814901389787158 2.9556464592765157 3.0963915287658734 3.2371365982552316 3.3778816677445893 3.518626737233947 3.6593718067233052 3.8001168762126629 3.9408619457020206 4.0816070151913788 4.2223520846807361 4.3630971541700942 4.5038422236594524
end
v -300.10200789124946 4.9625436705241945 -130.89116755176133
v -300.10577853740125 4.9625436705241945 -129.77089449076297
v -301.22228095224779 4.9625436705241945 -130.89493819791312
v -301.22605159839958 4.9625436705241945 -129.77466513691476
cstype bspline
deg 1 1
surf -0.8960109410017445 0.8960109410017445 -0.8960109410017445 0.8960109410017445 1129 1130 1131 1132
parm u -0.8960109410017445 -0.8960109410017445 0.8960109410017445 0.8960109410017445
parm v -0.8960109410017445 -0.8960109410017445 0.8960109410017445 0.8960109410017445
trim 0 4.5038422236594524 301
end
# - trim loop
vp 0 0
vp 26.578480228423956 0
cstype bezier
deg 1
curv2 3393 3394
parm u 0 26.578480228423956
end
vp 26.578480228423956 0
vp 26.578480228423956 0.5
cstype bezier
deg 1
curv2 3395 3396
parm u 0 0.5
end
vp 26.578480228423956 0.5
vp 0 0.5
cstype bezier
deg 1
curv2 3397 3398
parm u 0 26.578480228423956
end
vp 0 0.5
vp 0 0
cstype bezier
deg 1
curv2 3399 3400
parm u 0 0.5
end
v -303.0691535776387 9.8376299053113385 -129.23363045996945 1
v -301.96986769327009 9.8376299053113367 -126.8285066271553 0.70710678118654757
v -299.56474386045596 9.8376299053113385 -127.92779251152388 1
v -297.15962002764184 9.8376299053113367 -129.0270783958925 0.70710678118654757
v -298.25890591201039 9.8376299053113385 -131.43220222870661 1
v -299.35819179637895 9.8376299053113367 -133.83732606152077 0.70710678118654757
v -301.76331562919313 9.8376299053113385 -132.7380401771522 1
v -304.16843946200731 9.8376299053113367 -131.63875429278357 0.70710678118654757
v -303.0691535776387 9.8376299053113385 -129.23363045996945 1
v -303.0691535776387 10.150204047933032 -129.23363045996945 1
v -301.96986769327009 10.15020404793303 -126.8285066271553 0.70710678118654757
v -299.56474386045596 10.150204047933032 -127.92779251152388 1
v -297.15962002764184 10.15020404793303 -129.0270783958925 0.70710678118654757
v -298.25890591201039 10.150204047933032 -131.43220222870661 1
v -299.35819179637895 10.15020404793303 -133.83732606152077 0.70710678118654757
v -301.76331562919313 10.150204047933032 -132.7380401771522 1
v -304.16843946200731 10.15020404793303 -131.63875429278357 0.70710678118654757
v -303.0691535776387 10.150204047933032 -129.23363045996945 1
cstype rat bspline
deg 2 1
surf 0 26.578480228423956 0 0.5 1133 1134 1135 1136 1137 1138 1139 1140 1141 1142 1143 1144 1145 1146 1147 1148 1149 1150
parm u 0 0 0 6.644620057105989 6.644620057105989 13.289240114211978 13.289240114211978 19.933860171317967 19.933860171317967 26.578480228423956 26.578480228423956 26.578480228423956
parm v 0 0 0.5 0.5
trim 0 26.578480228423956 302 0 0.5 303 0 26.578480228423956 304 0 0.5 305
end
# - trim loop
vp 4.2300965082238804 0
vp 4.1594766054567476 0.76972127263437229
vp 3.9330942457116014 1.5570761456133617
vp 3.5405717894050786 2.3147500670605421
vp 2.9911299260386421 2.9911299260386421
vp 2.3147500670605421 3.5405717894050786
vp 1.5570761456133617 3.9330942457116014
vp 0.76972127263437251 4.1594766054567476
vp 0 4.2300965082238804
vp -0.76972127263437207 4.1594766054567476
vp -1.5570761456133613 3.9330942457116014
vp -2.3147500670605421 3.5405717894050786
vp -2.9911299260386421 2.9911299260386421
vp -3.5405717894050786 2.3147500670605421
vp -3.9330942457116014 1.5570761456133619
vp -4.1594766054567476 0.76972127263437262
vp -4.2300965082238804 0
vp -4.1594766054567476 -0.76972127263437196
vp -3.9330942457116014 -1.5570761456133613
vp -3.5405717894050786 -2.3147500670605421
vp -2.9911299260386426 -2.9911299260386421
vp -2.3147500670605425 -3.5405717894050786
vp -1.5570761456133622 -3.9330942457116014
vp -0.76972127263437307 -4.1594766054567476
vp 0 -4.2300965082238804
vp 0.76972127263437151 -4.1594766054567476
vp 1.5570761456133606 -3.9330942457116014
vp 2.3147500670605412 -3.5405717894050786
vp 2.9911299260386413 -2.9911299260386421
vp 3.5405717894050777 -2.3147500670605421
vp 3.9330942457116005 -1.5570761456133617
vp 4.1594766054567476 -0.76972127263437229
cstype bezier
deg 1
curv2 3401 3402 3403 3404 3405 3406 3407 3408 3409 3410 3411 3412 3413 3414 3415 3416 3417 3418 3419 3420 3421 3422 3423 3424 3425 3426 3427 3428 3429 3430 3431 3432 3401
parm u 0 0.83057750713824863 1.6611550142764973 2.4917325214147459 3.3223100285529945 4.1528875356912431 4.9834650428294918 5.8140425499677404 6.644620057105989 7.4751975642442376 8.3057750713824863 9.1363525785207358 9.9669300856589835 10.797507592797231 11.628085099935481 12.45866260707373 13.289240114211978 14.119817621350226 14.950395128488475 15.780972635626725 16.611550142764973 17.44212764990322 18.272705157041472 19.103282664179719 19.933860171317967 20.764437678456215 21.595015185594463 22.425592692732714 23.256170199870962 24.086747707009209 24.917325214147461 25.747902721285708 26.578480228423956
end
# - hole loop
vp 0.30016816712680683 0.650933068399838
vp 0.41360273820559079 0.58544646471008022
vp 0.51869786890271452 0.49473963747457683
vp 0.60743633232517624 0.38057310764691582
vp 0.6725301332357928 0.24802824029238937
vp 0.70908300506197508 0.10495751533344291
vp 0.7157202660710974 -0.039487831388997571
vp 0.69468549656478029 -0.17671120212150951
vp 0.65093306839983001 -0.30016816712679883
vp 0.58544646471007444 -0.41360273820558768
vp 0.49473963747457278 -0.51869786890271596
vp 0.38057310764691299 -0.60743633232518146
vp 0.24802824029238704 -0.67253013323580091
vp 0.10495751533344032 -0.70908300506198474
vp -0.039487831389001124 -0.71572026607110739
vp -0.17671120212151459 -0.69468549656478928
vp -0.30016816712680594 -0.65093306839983711
vp -0.41360273820558935 -0.58544646471008277
vp -0.51869786890271297 -0.49473963747458227
vp -0.60743633232517502 -0.38057310764692315
vp -0.67253013323579258 -0.24802824029239745
vp -0.7090830050619763 -0.10495751533345048
vp -0.7157202660711004 0.039487831388991645
vp -0.69468549656478529 0.17671120212150618
vp -0.65093306839983711 0.30016816712679883
vp -0.58544646471008022 0.41360273820558435
vp -0.49473963747457722 0.51869786890271008
vp -0.3805731076469161 0.60743633232517402
vp -0.24802824029238885 0.6725301332357928
vp -0.10495751533344107 0.70908300506197741
vp 0.039487831389001186 0.71572026607110195
vp 0.1767112021215152 0.69468549656478673
cstype bezier
deg 1
curv2 3433 3434 3435 3436 3437 3438 3439 3440 3441 3442 3443 3444 3445 3446 3447 3448 3449 3450 3451 3452 3453 3454 3455 3456 3457 3458 3459 3460 3461 3462 3463 3464 3433
parm u 0 0.14074506948935789 0.28149013897871578 0.42223520846807366 0.56298027795743155 0.7037253474467895 0.84447041693614733 0.98521548642550516 1.1259605559148631 1.266705625404221 1.407450694893579 1.5481957643829367 1.6889408338722947 1.8296859033616526 1.9704309728510103 2.111176042340368 2.2519211118297262 2.3926661813190844 2.5334112508084421 2.6741563202977998 2.814901389787158 2.9556464592765157 3.0963915287658734 3.2371365982552316 3.3778816677445893 3.518626737233947 3.6593718067233052 3.8001168762126629 3.9408619457020206 4.0816070151913788 4.2223520846807361 4.3630971541700942 4.5038422236594524
end
v -299.03173230926757 9.8376299053113385 -134.71342849081648
v -305.04454189130297 9.8376299053113385 -131.96521377989501
v -296.28351759834607 9.8376299053113385 -128.70061890878111
v -302.29632718038147 9.8376299053113385 -125.95240419785964
cstype bspline
deg 1 1
surf -5.2876206352798505 5.2876206352798505 -5.2876206352798505 5.2876206352798505 1151 1152 1153 1154
parm u -5.2876206352798505 -5.2876206352798505 5.2876206352798505 5.2876206352798505
parm v -5.2876206352798505 -5.2876206352798505 5.2876206352798505 5.2876206352798505
trim 0 26.578480228423956 306
hole 0 4.5038422236594524 307
end
# - trim loop
vp 4.2300965082238804 0
vp 4.1594766054567476 0.76972127263437229
vp 3.9330942457116014 1.5570761456133617
vp 3.5405717894050786 2.3147500670605421
vp 2.9911299260386421 2.9911299260386421
vp 2.3147500670605421 3.5405717894050786
vp 1.5570761456133617 3.9330942457116014
vp 0.76972127263437251 4.1594766054567476
vp 0 4.2300965082238804
vp -0.76972127263437207 4.1594766054567476
vp -1.5570761456133613 3.9330942457116014
vp -2.3147500670605421 3.5405717894050786
vp -2.9911299260386421 2.9911299260386421
vp -3.5405717894050786 2.3147500670605421
vp -3.9330942457116014 1.5570761456133619
vp -4.1594766054567476 0.76972127263437262
vp -4.2300965082238804 0
vp -4.1594766054567476 -0.76972127263437196
vp -3.9330942457116014 -1.5570761456133613
vp -3.5405717894050786 -2.3147500670605421
vp -2.9911299260386426 -2.9911299260386421
vp -2.3147500670605425 -3.5405717894050786
vp -1.5570761456133622 -3.9330942457116014
vp -0.76972127263437307 -4.1594766054567476
vp 0 -4.2300965082238804
vp 0.76972127263437151 -4.1594766054567476
vp 1.5570761456133606 -3.9330942457116014
vp 2.3147500670605412 -3.5405717894050786
vp 2.9911299260386413 -2.9911299260386421
vp 3.5405717894050777 -2.3147500670605421
vp 3.9330942457116005 -1.5570761456133617
vp 4.1594766054567476 -0.76972127263437229
cstype bezier
deg 1
curv2 3465 3466 3467 3468 3469 3470 3471 3472 3473 3474 3475 3476 3477 3478 3479 3480 3481 3482 3483 3484 3485 3486 3487 3488 3489 3490 3491 3492 3493 3494 3495 3496 3465
parm u 0 0.83057750713824863 1.6611550142764973 2.4917325214147459 3.3223100285529945 4.1528875356912431 4.9834650428294918 5.8140425499677404 6.644620057105989 7.4751975642442376 8.3057750713824863 9.1363525785207358 9.9669300856589835 10.797507592797231 11.628085099935481 12.45866260707373 13.289240114211978 14.119817621350226 14.950395128488475 15.780972635626725 16.611550142764973 17.44212764990322 18.272705157041472 19.103282664179719 19.933860171317967 20.764437678456215 21.595015185594463 22.425592692732714 23.256170199870962 24.086747707009209 24.917325214147461 25.747902721285708 26.578480228423956
end
v -299.03173230926757 10.150204047933032 -134.71342849081648
v -305.04454189130297 10.150204047933032 -131.96521377989501
v -296.28351759834607 10.150204047933032 -128.70061890878111
v -302.29632718038147 10.150204047933032 -125.95240419785964
cstype bspline
deg 1 1
surf -5.2876206352798505 5.2876206352798505 -5.2876206352798505 5.2876206352798505 1155 1156 1157 1158
parm u -5.2876206352798505 -5.2876206352798505 5.2876206352798505 5.2876206352798505
parm v -5.2876206352798505 -5.2876206352798505 5.2876206352798505 5.2876206352798505
trim 0 26.578480228423956 308
end
# - trim loop
vp 4.5038422236594524 0.49999999999999972
vp 4.5038422236594524 8.2982877820565957
cstype bezier
deg 1
curv2 3497 3498
parm u 0.49999999999999978 8.2982877820565957
end
vp 4.5038422236594524 8.2982877820565957
vp 0 8.2982877820565957
cstype bezier
deg 1
curv2 3499 3500
parm u 0 4.5038422236594524
end
vp 0 8.2982877820565957
vp 0 0.50000000000000089
cstype bezier
deg 1
curv2 3501 3502
parm u 0 7.7982877820565948
end
vp 0 0.50000000000000089
vp 4.5038422236594524 0.49999999999999972
cstype bezier
deg 1
curv2 3503 3504
parm u 0 4.5038422236594524
end
v -300.66553800328523 10.150204047933032 -129.88480711993867 1
v -301.11364722768462 10.15020404793303 -129.88631537839942 0.70710678118654757
v -301.11213896922391 10.150204047933032 -130.33442460279875 1
v -301.11063071076319 10.15020404793303 -130.78253382719808 0.70710678118654757
v -300.6625214863638 10.150204047933032 -130.78102556873736 1
v -300.21441226196453 10.15020404793303 -130.77951731027667 0.70710678118654757
v -300.21592052042519 10.150204047933032 -130.3314080858773 1
v -300.2174287788859 10.15020404793303 -129.88329886147798 0.70710678118654757
v -300.66553800328523 10.150204047933032 -129.88480711993867 1
v -300.66553800328523 4.9625436705241945 -129.88480711993867 1
v -301.11364722768462 4.9625436705241945 -129.88631537839942 0.70710678118654757
v -301.11213896922391 4.9625436705241945 -130.33442460279875 1
v -301.11063071076319 4.9625436705241945 -130.78253382719808 0.70710678118654757
v -300.6625214863638 4.9625436705241945 -130.78102556873736 1
v -300.21441226196453 4.9625436705241945 -130.77951731027667 0.70710678118654757
v -300.21592052042519 4.9625436705241945 -130.3314080858773 1
v -300.2174287788859 4.9625436705241945 -129.88329886147798 0.70710678118654757
v -300.66553800328523 4.9625436705241945 -129.88480711993867 1
cstype rat bspline
deg 2 1
surf 0 4.5038422236594524 0 8.2982877820565957 1159 1160 1161 1162 1163 1164 1165 1166 1167 1168 1169 1170 1171 1172 1173 1174 1175 1176
parm u 0 0 0 1.1259605559148631 1.1259605559148631 2.2519211118297262 2.2519211118297262 3.3778816677445893 3.3778816677445893 4.5038422236594524 4.5038422236594524 4.5038422236594524
parm v 0 0 8.2982877820565957 8.2982877820565957
trim 0.49999999999999978 8.2982877820565957 309 0 4.5038422236594524 310 0 7.7982877820565948 311 0 4.5038422236594524 312
end
usemtl diffuse_170_230_123_255
# - trim loop
vp 0.71680875280139555 0
vp 0.70484189475760139 0.13043270865548445
vp 0.66648039245388924 0.26385350967383803
vp 0.59996570849700792 0.3922447408447633
vp 0.50686032991973851 0.50686032991973851
vp 0.3922447408447633 0.59996570849700792
vp 0.26385350967383808 0.66648039245388924
vp 0.13043270865548445 0.70484189475760139
vp 0 0.71680875280139555
vp -0.13043270865548437 0.70484189475760151
vp -0.26385350967383792 0.66648039245388946
vp -0.39224474084476318 0.59996570849700803
vp -0.50686032991973839 0.50686032991973851
vp -0.59996570849700792 0.39224474084476335
vp -0.66648039245388924 0.26385350967383808
vp -0.70484189475760139 0.13043270865548454
vp -0.71680875280139555 0
vp -0.70484189475760151 -0.13043270865548434
vp -0.66648039245388946 -0.26385350967383792
vp -0.59996570849700803 -0.39224474084476318
vp -0.50686032991973851 -0.50686032991973839
vp -0.39224474084476335 -0.59996570849700792
vp -0.26385350967383808 -0.66648039245388924
vp -0.13043270865548454 -0.70484189475760139
vp 0 -0.71680875280139555
vp 0.13043270865548429 -0.70484189475760139
vp 0.2638535096738378 -0.66648039245388924
vp 0.39224474084476307 -0.59996570849700792
vp 0.50686032991973828 -0.50686032991973851
vp 0.59996570849700781 -0.3922447408447633
vp 0.66648039245388913 -0.26385350967383803
vp 0.70484189475760139 -0.13043270865548445
cstype bezier
deg 1
curv2 3505 3506 3507 3508 3509 3510 3511 3512 3513 3514 3515 3516 3517 3518 3519 3520 3521 3522 3523 3524 3525 3526 3527 3528 3529 3530 3531 3532 3533 3534 3535 3536 3505
parm u 0 0.14074506948935789 0.28149013897871578 0.42223520846807366 0.56298027795743155 0.7037253474467895 0.84447041693614733 0.98521548642550516 1.1259605559148631 1.266705625404221 1.407450694893579 1.5481957643829367 1.6889408338722947 1.8296859033616526 1.9704309728510103 2.111176042340368 2.2519211118297262 2.3926661813190844 2.5334112508084421 2.6741563202977998 2.814901389787158 2.9556464592765157 3.0963915287658734 3.2371365982552316 3.3778816677445893 3.518626737233947 3.6593718067233052 3.8001168762126629 3.9408619457020206 4.0816070151913788 4.2223520846807361 4.3630971541700942 4.5038422236594524
end
v -297.07133055227808 4.9625436705241945 -118.1779650584979
v -297.07510119842988 4.9625436705241945 -117.05769199749956
v -298.19160361327641 4.9625436705241945 -118.18173570464967
v -298.19537425942821 4.9625436705241945 -117.06146264365132
cstype bspline
deg 1 1
surf -0.8960109410017445 0.8960109410017445 -0.8960109410017445 0.8960109410017445 1177 1178 1179 1180
parm u -0.8960109410017445 -0.8960109410017445 0.8960109410017445 0.8960109410017445
parm v -0.8960109410017445 -0.8960109410017445 0.8960109410017445 0.8960109410017445
trim 0 4.5038422236594524 313
end
# - trim loop
vp 0 0
vp 26.578480228423956 0
cstype bezier
deg 1
curv2 3537 3538
parm u 0 26.578480228423956
end
vp 26.578480228423956 0
vp 26.578480228423956 0.5
cstype bezier
deg 1
curv2 3539 3540
parm u 0 0.5
end
vp 26.578480228423956 0.5
vp 0 0.5
cstype bezier
deg 1
curv2 3541 3542
parm u 0 26.578480228423956
end
vp 0 0.5
vp 0 0
cstype bezier
deg 1
curv2 3543 3544
parm u 0 0.5
end
v -300.03847623866733 9.8376299053113385 -116.52042796670602 1
v -298.93919035429872 9.8376299053113367 -114.11530413389188 0.70710678118654757
v -296.53406652148459 9.8376299053113385 -115.21459001826045 1
v -294.12894268867046 9.8376299053113367 -116.31387590262906 0.70710678118654757
v -295.22822857303902 9.8376299053113385 -118.71899973544319 1
v -296.32751445740757 9.8376299053113367 -121.12412356825735 0.70710678118654757
v -298.73263829022176 9.8376299053113385 -120.02483768388876 1
v -301.13776212303588 9.8376299053113367 -118.92555179952016 0.70710678118654757
v -300.03847623866733 9.8376299053113385 -116.52042796670602 1
v -300.03847623866733 10.150204047933032 -116.52042796670602 1
v -298.93919035429872 10.15020404793303 -114.11530413389188 0.70710678118654757
v -296.53406652148459 10.150204047933032 -115.21459001826045 1
v -294.12894268867046 10.15020404793303 -116.31387590262906 0.70710678118654757
v -295.22822857303902 10.150204047933032 -118.71899973544319 1
v -296.32751445740757 10.15020404793303 -121.12412356825735 0.70710678118654757
v -298.73263829022176 10.150204047933032 -120.02483768388876 1
v -301.13776212303588 10.15020404793303 -118.92555179952016 0.70710678118654757
v -300.03847623866733 10.150204047933032 -116.52042796670602 1
cstype rat bspline
deg 2 1
surf 0 26.578480228423956 0 0.5 1181 1182 1183 1184 1185 1186 1187 1188 1189 1190 1191 1192 1193 1194 1195 1196 1197 1198
parm u 0 0 0 6.644620057105989 6.644620057105989 13.289240114211978 13.289240114211978 19.933860171317967 19.933860171317967 26.578480228423956 26.578480228423956 26.578480228423956
parm v 0 0 0.5 0.5
trim 0 26.578480228423956 314 0 0.5 315 0 26.578480228423956 316 0 0.5 317
end
# - trim loop
vp 4.2300965082238804 0
vp 4.1594766054567476 0.76972127263437229
vp 3.9330942457116014 1.5570761456133617
vp 3.5405717894050786 2.3147500670605421
vp 2.9911299260386421 2.9911299260386421
vp 2.3147500670605421 3.5405717894050786
vp 1.5570761456133617 3.9330942457116014
vp 0.76972127263437251 4.1594766054567476
vp 0 4.2300965082238804
vp -0.76972127263437207 4.1594766054567476
vp -1.5570761456133613 3.9330942457116014
vp -2.3147500670605421 3.5405717894050786
vp -2.9911299260386421 2.9911299260386421
vp -3.5405717894050786 2.3147500670605421
vp -3.9330942457116014 1.5570761456133619
vp -4.1594766054567476 0.76972127263437262
vp -4.2300965082238804 0
vp -4.1594766054567476 -0.76972127263437196
vp -3.9330942457116014 -1.5570761456133613
vp -3.5405717894050786 -2.3147500670605421
vp -2.9911299260386426 -2.9911299260386421
vp -2.3147500670605425 -3.5405717894050786
vp -1.5570761456133622 -3.9330942457116014
vp -0.76972127263437307 -4.1594766054567476
vp 0 -4.2300965082238804
vp 0.76972127263437151 -4.1594766054567476
vp 1.5570761456133606 -3.9330942457116014
vp 2.3147500670605412 -3.5405717894050786
vp 2.9911299260386413 -2.9911299260386421
vp 3.5405717894050777 -2.3147500670605421
vp 3.9330942457116005 -1.5570761456133617
vp 4.1594766054567476 -0.76972127263437229
cstype bezier
deg 1
curv2 3545 3546 3547 3548 3549 3550 3551 3552 3553 3554 3555 3556 3557 3558 3559 3560 3561 3562 3563 3564 3565 3566 3567 3568 3569 3570 3571 3572 3573 3574 3575 3576 3545
parm u 0 0.83057750713824863 1.6611550142764973 2.4917325214147459 3.3223100285529945 4.1528875356912431 4.9834650428294918 5.8140425499677404 6.644620057105989 7.4751975642442376 8.3057750713824863 9.1363525785207358 9.9669300856589835 10.797507592797231 11.628085099935481 12.45866260707373 13.289240114211978 14.119817621350226 14.950395128488475 15.780972635626725 16.611550142764973 17.44212764990322 18.272705157041472 19.103282664179719 19.933860171317967 20.764437678456215 21.595015185594463 22.425592692732714 23.256170199870962 24.086747707009209 24.917325214147461 25.747902721285708 26.578480228423956
end
# - hole loop
vp 0.30016816712680683 0.650933068399838
vp 0.41360273820559079 0.58544646471008022
vp 0.51869786890271452 0.49473963747457683
vp 0.60743633232517624 0.38057310764691582
vp 0.6725301332357928 0.24802824029238937
vp 0.70908300506197508 0.10495751533344291
vp 0.7157202660710974 -0.039487831388997571
vp 0.69468549656478029 -0.17671120212150951
vp 0.65093306839983001 -0.30016816712679883
vp 0.58544646471007444 -0.41360273820558768
vp 0.49473963747457278 -0.51869786890271596
vp 0.38057310764691299 -0.60743633232518146
vp 0.24802824029238704 -0.67253013323580091
vp 0.10495751533344032 -0.70908300506198474
vp -0.039487831389001124 -0.71572026607110739
vp -0.17671120212151459 -0.69468549656478928
vp -0.30016816712680594 -0.65093306839983711
vp -0.41360273820558935 -0.58544646471008277
vp -0.51869786890271297 -0.49473963747458227
vp -0.60743633232517502 -0.38057310764692315
vp -0.67253013323579258 -0.24802824029239745
vp -0.7090830050619763 -0.10495751533345048
vp -0.7157202660711004 0.039487831388991645
vp -0.69468549656478529 0.17671120212150618
vp -0.65093306839983711 0.30016816712679883
vp -0.58544646471008022 0.41360273820558435
vp -0.49473963747457722 0.51869786890271008
vp -0.3805731076469161 0.60743633232517402
vp -0.24802824029238885 0.6725301332357928
vp -0.10495751533344107 0.70908300506197741
vp 0.039487831389001186 0.71572026607110195
vp 0.1767112021215152 0.69468549656478673
cstype bezier
deg 1
curv2 3577 3578 3579 3580 3581 3582 3583 3584 3585 3586 3587 3588 3589 3590 3591 3592 3593 3594 3595 3596 3597 3598 3599 3600 3601 3602 3603 3604 3605 3606 3607 3608 3577
parm u 0 0.14074506948935789 0.28149013897871578 0.42223520846807366 0.56298027795743155 0.7037253474467895 0.84447041693614733 0.98521548642550516 1.1259605559148631 1.266705625404221 1.407450694893579 1.5481957643829367 1.6889408338722947 1.8296859033616526 1.9704309728510103 2.111176042340368 2.2519211118297262 2.3926661813190844 2.5334112508084421 2.6741563202977998 2.814901389787158 2.9556464592765157 3.0963915287658734 3.2371365982552316 3.3778816677445893 3.518626737233947 3.6593718067233052 3.8001168762126629 3.9408619457020206 4.0816070151913788 4.2223520846807361 4.3630971541700942 4.5038422236594524
end
v -296.0010549702962 9.8376299053113385 -122.00022599755304
v -302.0138645523316 9.8376299053113385 -119.25201128663157
v -293.25284025937469 9.8376299053113385 -115.98741641551767
v -299.2656498414101 9.8376299053113385 -113.2392017045962
cstype bspline
deg 1 1
surf -5.2876206352798505 5.2876206352798505 -5.2876206352798505 5.2876206352798505 1199 1200 1201 1202
parm u -5.2876206352798505 -5.2876206352798505 5.2876206352798505 5.2876206352798505
parm v -5.2876206352798505 -5.2876206352798505 5.2876206352798505 5.2876206352798505
trim 0 26.578480228423956 318
hole 0 4.5038422236594524 319
end
# - trim loop
vp 4.2300965082238804 0
vp 4.1594766054567476 0.76972127263437229
vp 3.9330942457116014 1.5570761456133617
vp 3.5405717894050786 2.3147500670605421
vp 2.9911299260386421 2.9911299260386421
vp 2.3147500670605421 3.5405717894050786
vp 1.5570761456133617 3.9330942457116014
vp 0.76972127263437251 4.1594766054567476
vp 0 4.2300965082238804
vp -0.76972127263437207 4.1594766054567476
vp -1.5570761456133613 3.9330942457116014
vp -2.3147500670605421 3.5405717894050786
vp -2.9911299260386421 2.9911299260386421
vp -3.5405717894050786 2.3147500670605421
vp -3.9330942457116014 1.5570761456133619
vp -4.1594766054567476 0.76972127263437262
vp -4.2300965082238804 0
vp -4.1594766054567476 -0.76972127263437196
vp -3.9330942457116014 -1.5570761456133613
vp -3.5405717894050786 -2.3147500670605421
vp -2.9911299260386426 -2.9911299260386421
vp -2.3147500670605425 -3.5405717894050786
vp -1.5570761456133622 -3.9330942457116014
vp -0.76972127263437307 -4.1594766054567476
vp 0 -4.2300965082238804
vp 0.76972127263437151 -4.1594766054567476
vp 1.5570761456133606 -3.9330942457116014
vp 2.3147500670605412 -3.5405717894050786
vp 2.9911299260386413 -2.9911299260386421
vp 3.5405717894050777 -2.3147500670605421
vp 3.9330942457116005 -1.5570761456133617
vp 4.1594766054567476 -0.76972127263437229
cstype bezier
deg 1
curv2 3609 3610 3611 3612 3613 3614 3615 3616 3617 3618 3619 3620 3621 3622 3623 3624 3625 3626 3627 3628 3629 3630 3631 3632 3633 3634 3635 3636 3637 3638 3639 3640 3609
parm u 0 0.83057750713824863 1.6611550142764973 2.4917325214147459 3.3223100285529945 4.1528875356912431 4.9834650428294918 5.8140425499677404 6.644620057105989 7.4751975642442376 8.3057750713824863 9.1363525785207358 9.9669300856589835 10.797507592797231 11.628085099935481 12.45866260707373 13.289240114211978 14.119817621350226 14.950395128488475 15.780972635626725 16.611550142764973 17.44212764990322 18.272705157041472 19.103282664179719 19.933860171317967 20.764437678456215 21.595015185594463 22.425592692732714 23.256170199870962 24.086747707009209 24.917325214147461 25.747902721285708 26.578480228423956
end
v -296.0010549702962 10.150204047933032 -122.00022599755304
v -302.0138645523316 10.150204047933032 -119.25201128663157
v -293.25284025937469 10.150204047933032 -115.98741641551767
v -299.2656498414101 10.150204047933032 -113.2392017045962
cstype bspline
deg 1 1
surf -5.2876206352798505 5.2876206352798505 -5.2876206352798505 5.2876206352798505 1203 1204 1205 1206
parm u -5.2876206352798505 -5.2876206352798505 5.2876206352798505 5.2876206352798505
parm v -5.2876206352798505 -5.2876206352798505 5.2876206352798505 5.2876206352798505
trim 0 26.578480228423956 320
end
# - trim loop
vp 4.5038422236594524 0.49999999999999972
vp 4.5038422236594524 8.2982877820565957
cstype bezier
deg 1
curv2 3641 3642
parm u 0.49999999999999978 8.2982877820565957
end
vp 4.5038422236594524 8.2982877820565957
vp 0 8.2982877820565957
cstype bezier
deg 1
curv2 3643 3644
parm u 0 4.5038422236594524
end
vp 0 8.2982877820565957
vp 0 0.50000000000000089
cstype bezier
deg 1
curv2 3645 3646
parm u 0 7.7982877820565948
end
vp 0 0.50000000000000089
vp 4.5038422236594524 0.49999999999999972
cstype bezier
deg 1
curv2 3647 3648
parm u 0 4.5038422236594524
end
v -297.63486066431386 10.150204047933032 -117.17160462667525 1
v -298.08296988871325 10.15020404793303 -117.17311288513599 0.70710678118654757
v -298.08146163025253 10.150204047933032 -117.62122210953532 1
v -298.07995337179182 10.15020404793303 -118.06933133393467 0.70710678118654757
v -297.63184414739243 10.150204047933032 -118.06782307547394 1
v -297.1837349229931 10.15020404793303 -118.06631481701325 0.70710678118654757
v -297.18524318145381 10.150204047933032 -117.61820559261389 1
v -297.18675143991453 10.15020404793303 -117.17009636821456 0.70710678118654757
v -297.63486066431386 10.150204047933032 -117.17160462667525 1
v -297.63486066431386 4.9625436705241945 -117.17160462667525 1
v -298.08296988871325 4.9625436705241945 -117.17311288513599 0.70710678118654757
v -298.08146163025253 4.9625436705241945 -117.62122210953532 1
v -298.07995337179182 4.9625436705241945 -118.06933133393467 0.70710678118654757
v -297.63184414739243 4.9625436705241945 -118.06782307547394 1
v -297.1837349229931 4.9625436705241945 -118.06631481701325 0.70710678118654757
v -297.18524318145381 4.9625436705241945 -117.61820559261389 1
v -297.18675143991453 4.9625436705241945 -117.17009636821456 0.70710678118654757
v -297.63486066431386 4.9625436705241945 -117.17160462667525 1
cstype rat bspline
deg 2 1
surf 0 4.5038422236594524 0 8.2982877820565957 1207 1208 1209 1210 1211 1212 1213 1214 1215 1216 1217 1218 1219 1220 1221 1222 1223 1224
parm u 0 0 0 1.1259605559148631 1.1259605559148631 2.2519211118297262 2.2519211118297262 3.3778816677445893 3.3778816677445893 4.5038422236594524 4.5038422236594524 4.5038422236594524
parm v 0 0 8.2982877820565957 8.2982877820565957
trim 0.49999999999999978 8.2982877820565957 321 0 4.5038422236594524 322 0 7.7982877820565948 323 0 4.5038422236594524 324
end
usemtl diffuse_170_230_123_255
# - trim loop
vp 0.71680875280139555 0
vp 0.70484189475760139 0.13043270865548445
vp 0.66648039245388924 0.26385350967383803
vp 0.59996570849700792 0.3922447408447633
vp 0.50686032991973851 0.50686032991973851
vp 0.3922447408447633 0.59996570849700792
vp 0.26385350967383808 0.66648039245388924
vp 0.13043270865548445 0.70484189475760139
vp 0 0.71680875280139555
vp -0.13043270865548437 0.70484189475760151
vp -0.26385350967383792 0.66648039245388946
vp -0.39224474084476318 0.59996570849700803
vp -0.50686032991973839 0.50686032991973851
vp -0.59996570849700792 0.39224474084476335
vp -0.66648039245388924 0.26385350967383808
vp -0.70484189475760139 0.13043270865548454
vp -0.71680875280139555 0
vp -0.70484189475760151 -0.13043270865548434
vp -0.66648039245388946 -0.26385350967383792
vp -0.59996570849700803 -0.39224474084476318
vp -0.50686032991973851 -0.50686032991973839
vp -0.39224474084476335 -0.59996570849700792
vp -0.26385350967383808 -0.66648039245388924
vp -0.13043270865548454 -0.70484189475760139
vp 0 -0.71680875280139555
vp 0.13043270865548429 -0.70484189475760139
vp 0.2638535096738378 -0.66648039245388924
vp 0.39224474084476307 -0.59996570849700792
vp 0.50686032991973828 -0.50686032991973851
vp 0.59996570849700781 -0.3922447408447633
vp 0.66648039245388913 -0.26385350967383803
vp 0.70484189475760139 -0.13043270865548445
cstype bezier
deg 1
curv2 3649 3650 3651 3652 3653 3654 3655 3656 3657 3658 3659 3660 3661 3662 3663 3664 3665 3666 3667 3668 3669 3670 3671 3672 3673 3674 3675 3676 3677 3678 3679 3680 3649
parm u 0 0.14074506948935789 0.28149013897871578 0.42223520846807366 0.56298027795743155 0.7037253474467895 0.84447041693614733 0.98521548642550516 1.1259605559148631 1.266705625404221 1.407450694893579 1.5481957643829367 1.6889408338722947 1.8296859033616526 1.9704309728510103 2.111176042340368 2.2519211118297262 2.3926661813190844 2.5334112508084421 2.6741563202977998 2.814901389787158 2.9556464592765157 3.0963915287658734 3.2371365982552316 3.3778816677445893 3.518626737233947 3.6593718067233052 3.8001168762126629 3.9408619457020206 4.0816070151913788 4.2223520846807361 4.3630971541700942 4.5038422236594524
end
v -280.02480319734968 3.4076279136676657 17.113904863550207
v -280.03083422174336 3.4076279136676657 18.905744746291195
v -281.81664308009067 3.4076279136676657 17.107873839156536
v -281.82267410448435 3.4076279136676657 18.899713721897523
cstype bspline
deg 1 1
surf -0.8960109410017445 0.8960109410017445 -0.8960109410017445 0.8960109410017445 1225 1226 1227 1228
parm u -0.8960109410017445 -0.8960109410017445 0.8960109410017445 0.8960109410017445
parm v -0.8960109410017445 -0.8960109410017445 0.8960109410017445 0.8960109410017445
trim 0 4.5038422236594524 325
end
# - trim loop
vp 0 0
vp 26.578480228423956 0
cstype bezier
deg 1
curv2 3681 3682
parm u 0 26.578480228423956
end
vp 26.578480228423956 0
vp 26.578480228423956 0.5
cstype bezier
deg 1
curv2 3683 3684
parm u 0 0.5
end
vp 26.578480228423956 0.5
vp 0 0.5
cstype bezier
deg 1
curv2 3685 3686
parm u 0 26.578480228423956
end
vp 0 0.5
vp 0 0
cstype bezier
deg 1
curv2 3687 3688
parm u 0 0.5
end
v -284.77065504710953 11.205167862997968 19.76508087732346 1
v -283.01238346250983 11.205167862997968 23.61199727351592 0.70710678118654757
v -279.16546706631743 11.205167862997968 21.853725688916303 1
v -275.31855067012492 11.205167862997968 20.095454104316676 0.70710678118654757
v -277.07682225472462 11.205167862997968 16.248537708124243 1
v -278.83509383932414 11.205167862997968 12.401621311931814 0.70710678118654757
v -282.68201023551666 11.205167862997968 14.15989289653142 1
v -286.52892663170906 11.205167862997968 15.91816448113106 0.70710678118654757
v -284.77065504710953 11.205167862997968 19.76508087732346 1
v -284.77065504710953 11.705119914477269 19.76508087732346 1
v -283.01238346250983 11.705119914477265 23.61199727351592 0.70710678118654757
v -279.16546706631743 11.705119914477269 21.853725688916303 1
v -275.31855067012492 11.705119914477265 20.095454104316676 0.70710678118654757
v -277.07682225472462 11.705119914477269 16.248537708124243 1
v -278.83509383932414 11.705119914477265 12.401621311931814 0.70710678118654757
v -282.68201023551666 11.705119914477269 14.15989289653142 1
v -286.52892663170906 11.705119914477265 15.91816448113106 0.70710678118654757
v -284.77065504710953 11.705119914477269 19.76508087732346 1
cstype rat bspline
deg 2 1
surf 0 26.578480228423956 0 0.5 1229 1230 1231 1232 1233 1234 1235 1236 1237 1238 1239 1240 1241 1242 1243 1244 1245 1246
parm u 0 0 0 6.644620057105989 6.644620057105989 13.289240114211978 13.289240114211978 19.933860171317967 19.933860171317967 26.578480228423956 26.578480228423956 26.578480228423956
parm v 0 0 0.5 0.5
trim 0 26.578480228423956 326 0 0.5 327 0 26.578480228423956 328 0 0.5 329
end
# - trim loop
vp 4.2300965082238804 0
vp 4.1594766054567476 0.76972127263437229
vp 3.9330942457116014 1.5570761456133617
vp 3.5405717894050786 2.3147500670605421
vp 2.9911299260386421 2.9911299260386421
vp 2.3147500670605421 3.5405717894050786
vp 1.5570761456133617 3.9330942457116014
vp 0.76972127263437251 4.1594766054567476
vp 0 4.2300965082238804
vp -0.76972127263437207 4.1594766054567476
vp -1.5570761456133613 3.9330942457116014
vp -2.3147500670605421 3.5405717894050786
vp -2.9911299260386421 2.9911299260386421
vp -3.5405717894050786 2.3147500670605421
vp -3.9330942457116014 1.5570761456133619
vp -4.1594766054567476 0.76972127263437262
vp -4.2300965082238804 0
vp -4.1594766054567476 -0.76972127263437196
vp -3.9330942457116014 -1.5570761456133613
vp -3.5405717894050786 -2.3147500670605421
vp -2.9911299260386426 -2.9911299260386421
vp -2.3147500670605425 -3.5405717894050786
vp -1.5570761456133622 -3.9330942457116014
vp -0.76972127263437307 -4.1594766054567476
vp 0 -4.2300965082238804
vp 0.76972127263437151 -4.1594766054567476
vp 1.5570761456133606 -3.9330942457116014
vp 2.3147500670605412 -3.5405717894050786
vp 2.9911299260386413 -2.9911299260386421
vp 3.5405717894050777 -2.3147500670605421
vp 3.9330942457116005 -1.5570761456133617
vp 4.1594766054567476 -0.76972127263437229
cstype bezier
deg 1
curv2 3689 3690 3691 3692 3693 3694 3695 3696 3697 3698 3699 3700 3701 3702 3703 3704 3705 3706 3707 3708 3709 3710 3711 3712 3713 3714 3715 3716 3717 3718 3719 3720 3689
parm u 0 0.83057750713824863 1.6611550142764973 2.4917325214147459 3.3223100285529945 4.1528875356912431 4.9834650428294918 5.8140425499677404 6.644620057105989 7.4751975642442376 8.3057750713824863 9.1363525785207358 9.9669300856589835 10.797507592797231 11.628085099935481 12.45866260707373 13.289240114211978 14.119817621350226 14.950395128488475 15.780972635626725 16.611550142764973 17.44212764990322 18.272705157041472 19.103282664179719 19.933860171317967 20.764437678456215 21.595015185594463 22.425592692732714 23.256170199870962 24.086747707009209 24.917325214147461 25.747902721285708 26.578480228423956
end
# - hole loop
vp 0.30016816712680683 0.650933068399838
vp 0.41360273820559079 0.58544646471008022
vp 0.51869786890271452 0.49473963747457683
vp 0.60743633232517624 0.38057310764691582
vp 0.6725301332357928 0.24802824029238937
vp 0.70908300506197508 0.10495751533344291
vp 0.7157202660710974 -0.039487831388997571
vp 0.69468549656478029 -0.17671120212150951
vp 0.65093306839983001 -0.30016816712679883
vp 0.58544646471007444 -0.41360273820558768
vp 0.49473963747457278 -0.51869786890271596
vp 0.38057310764691299 -0.60743633232518146
vp 0.24802824029238704 -0.67253013323580091
vp 0.10495751533344032 -0.70908300506198474
vp -0.039487831389001124 -0.71572026607110739
vp -0.17671120212151459 -0.69468549656478928
vp -0.30016816712680594 -0.65093306839983711
vp -0.41360273820558935 -0.58544646471008277
vp -0.51869786890271297 -0.49473963747458227
vp -0.60743633232517502 -0.38057310764692315
vp -0.67253013323579258 -0.24802824029239745
vp -0.7090830050619763 -0.10495751533345048
vp -0.7157202660711004 0.039487831388991645
vp -0.69468549656478529 0.17671120212150618
vp -0.65093306839983711 0.30016816712679883
vp -0.58544646471008022 0.41360273820558435
vp -0.49473963747457722 0.51869786890271008
vp -0.3805731076469161 0.60743633232517402
vp -0.24802824029238885 0.6725301332357928
vp -0.10495751533344107 0.70908300506197741
vp 0.039487831389001186 0.71572026607110195
vp 0.1767112021215152 0.69468549656478673
cstype bezier
deg 1
curv2 3721 3722 3723 3724 3725 3726 3727 3728 3729 3730 3731 3732 3733 3734 3735 3736 3737 3738 3739 3740 3741 3742 3743 3744 3745 3746 3747 3748 3749 3750 3751 3752 3721
parm u 0 0.14074506948935789 0.28149013897871578 0.42223520846807366 0.56298027795743155 0.7037253474467895 0.84447041693614733 0.98521548642550516 1.1259605559148631 1.266705625404221 1.407450694893579 1.5481957643829367 1.6889408338722947 1.8296859033616526 1.9704309728510103 2.111176042340368 2.2519211118297262 2.3926661813190844 2.5334112508084421 2.6741563202977998 2.814901389787158 2.9556464592765157 3.0963915287658734 3.2371365982552316 3.3778816677445893 3.518626737233947 3.6593718067233052 3.8001168762126629 3.9408619457020206 4.0816070151913788 4.2223520846807361 4.3630971541700942 4.5038422236594524
end
v -278.31293263642596 11.205167862997968 11.000324316733778
v -287.93022362690704 11.205167862997968 15.396003278232802
v -273.91725367492694 11.205167862997968 20.617615307214901
v -283.53454466540802 11.205167862997968 25.013294268713924
cstype bspline
deg 1 1
surf -5.2876206352798505 5.2876206352798505 -5.2876206352798505 5.2876206352798505 1247 1248 1249 1250
parm u -5.2876206352798505 -5.2876206352798505 5.2876206352798505 5.2876206352798505
parm v -5.2876206352798505 -5.2876206352798505 5.2876206352798505 5.2876206352798505
trim 0 26.578480228423956 330
hole 0 4.5038422236594524 331
end
# - trim loop
vp 4.2300965082238804 0
vp 4.1594766054567476 0.76972127263437229
vp 3.9330942457116014 1.5570761456133617
vp 3.5405717894050786 2.3147500670605421
vp 2.9911299260386421 2.9911299260386421
vp 2.3147500670605421 3.5405717894050786
vp 1.5570761456133617 3.9330942457116014
vp 0.76972127263437251 4.1594766054567476
vp 0 4.2300965082238804
vp -0.76972127263437207 4.1594766054567476
vp -1.5570761456133613 3.9330942457116014
vp -2.3147500670605421 3.5405717894050786
vp -2.9911299260386421 2.9911299260386421
vp -3.5405717894050786 2.3147500670605421
vp -3.9330942457116014 1.5570761456133619
vp -4.1594766054567476 0.76972127263437262
vp -4.2300965082238804 0
vp -4.1594766054567476 -0.76972127263437196
vp -3.9330942457116014 -1.5570761456133613
vp -3.5405717894050786 -2.3147500670605421
vp -2.9911299260386426 -2.9911299260386421
vp -2.3147500670605425 -3.5405717894050786
vp -1.5570761456133622 -3.9330942457116014
vp -0.76972127263437307 -4.1594766054567476
vp 0 -4.2300965082238804
vp 0.76972127263437151 -4.1594766054567476
vp 1.5570761456133606 -3.9330942457116014
vp 2.3147500670605412 -3.5405717894050786
vp 2.9911299260386413 -2.9911299260386421
vp 3.5405717894050777 -2.3147500670605421
vp 3.9330942457116005 -1.5570761456133617
vp 4.1594766054567476 -0.76972127263437229
cstype bezier
deg 1
curv2 3753 3754 3755 3756 3757 3758 3759 3760 3761 3762 3763 3764 3765 3766 3767 3768 3769 3770 3771 3772 3773 3774 3775 3776 3777 3778 3779 3780 3781 3782 3783 3784 3753
parm u 0 0.83057750713824863 1.6611550142764973 2.4917325214147459 3.3223100285529945 4.1528875356912431 4.9834650428294918 5.8140425499677404 6.644620057105989 7.4751975642442376 8.3057750713824863 9.1363525785207358 9.9669300856589835 10.797507592797231 11.628085099935481 12.45866260707373 13.289240114211978 14.119817621350226 14.950395128488475 15.780972635626725 16.611550142764973 17.44212764990322 18.272705157041472 19.103282664179719 19.933860171317967 20.764437678456215 21.595015185594463 22.425592692732714 23.256170199870962 24.086747707009209 24.917325214147461 25.747902721285708 26.578480228423956
end
v -278.31293263642596 11.705119914477269 11.000324316733778
v -287.93022362690704 11.705119914477269 15.396003278232802
v -273.91725367492694 11.705119914477269 20.617615307214901
v -283.53454466540802 11.705119914477269 25.013294268713924
cstype bspline
deg 1 1
surf -5.2876206352798505 5.2876206352798505 -5.2876206352798505 5.2876206352798505 1251 1252 1253 1254
parm u -5.2876206352798505 -5.2876206352798505 5.2876206352798505 5.2876206352798505
parm v -5.2876206352798505 -5.2876206352798505 5.2876206352798505 5.2876206352798505
trim 0 26.578480228423956 332
end
# - trim loop
vp 4.5038422236594524 0.49999999999999972
vp 4.5038422236594524 8.2982877820565957
cstype bezier
deg 1
curv2 3785 3786
parm u 0.49999999999999978 8.2982877820565957
end
vp 4.5038422236594524 8.2982877820565957
vp 0 8.2982877820565957
cstype bezier
deg 1
curv2 3787 3788
parm u 0 4.5038422236594524
end
vp 0 8.2982877820565957
vp 0 0.50000000000000089
cstype bezier
deg 1
curv2 3789 3790
parm u 0 7.7982877820565948
end
vp 0 0.50000000000000089
vp 4.5038422236594524 0.49999999999999972
cstype bezier
deg 1
curv2 3791 3792
parm u 0 4.5038422236594524
end
v -280.9261510606745 11.705119914477269 18.72354524582028 1
v -281.64288701377086 11.705119914477265 18.721132836062786 0.70710678118654757
v -281.64047460401349 11.705119914477269 18.004396882966393 1
v -281.63806219425589 11.705119914477265 17.287660929869997 0.70710678118654757
v -280.92132624115953 11.705119914477269 17.290073339627472 1
v -280.20459028806312 11.705119914477265 17.292485749384944 0.70710678118654757
v -280.2070026978206 11.705119914477269 18.00922170248133 1
v -280.20941510757802 11.705119914477265 18.725957655577737 0.70710678118654757
v -280.9261510606745 11.705119914477269 18.72354524582028 1
v -280.9261510606745 3.4076279136676657 18.72354524582028 1
v -281.64288701377086 3.4076279136676666 18.721132836062786 0.70710678118654757
v -281.64047460401349 3.4076279136676657 18.004396882966393 1
v -281.63806219425589 3.4076279136676666 17.287660929869997 0.70710678118654757
v -280.92132624115953 3.4076279136676657 17.290073339627472 1
v -280.20459028806312 3.4076279136676666 17.292485749384944 0.70710678118654757
v -280.2070026978206 3.4076279136676657 18.00922170248133 1
v -280.20941510757802 3.4076279136676666 18.725957655577737 0.70710678118654757
v -280.9261510606745 3.4076279136676657 18.72354524582028 1
cstype rat bspline
deg 2 1
surf 0 4.5038422236594524 0 8.2982877820565957 1255 1256 1257 1258 1259 1260 1261 1262 1263 1264 1265 1266 1267 1268 1269 1270 1271 1272
parm u 0 0 0 1.1259605559148631 1.1259605559148631 2.2519211118297262 2.2519211118297262 3.3778816677445893 3.3778816677445893 4.5038422236594524 4.5038422236594524 4.5038422236594524
parm v 0 0 8.2982877820565957 8.2982877820565957
trim 0.49999999999999978 8.2982877820565957 333 0 4.5038422236594524 334 0 7.7982877820565948 335 0 4.5038422236594524 336
end
usemtl diffuse_170_230_123_255
# - trim loop
vp 0.71680875280139555 0
vp 0.70484189475760139 0.13043270865548445
vp 0.66648039245388924 0.26385350967383803
vp 0.59996570849700792 0.3922447408447633
vp 0.50686032991973851 0.50686032991973851
vp 0.3922447408447633 0.59996570849700792
vp 0.26385350967383808 0.66648039245388924
vp 0.13043270865548445 0.70484189475760139
vp 0 0.71680875280139555
vp -0.13043270865548437 0.70484189475760151
vp -0.26385350967383792 0.66648039245388946
vp -0.39224474084476318 0.59996570849700803
vp -0.50686032991973839 0.50686032991973851
vp -0.59996570849700792 0.39224474084476335
vp -0.66648039245388924 0.26385350967383808
vp -0.70484189475760139 0.13043270865548454
vp -0.71680875280139555 0
vp -0.70484189475760151 -0.13043270865548434
vp -0.66648039245388946 -0.26385350967383792
vp -0.59996570849700803 -0.39224474084476318
vp -0.50686032991973851 -0.50686032991973839
vp -0.39224474084476335 -0.59996570849700792
vp -0.26385350967383808 -0.66648039245388924
vp -0.13043270865548454 -0.70484189475760139
vp 0 -0.71680875280139555
vp 0.13043270865548429 -0.70484189475760139
vp 0.2638535096738378 -0.66648039245388924
vp 0.39224474084476307 -0.59996570849700792
vp 0.50686032991973828 -0.50686032991973851
vp 0.59996570849700781 -0.3922447408447633
vp 0.66648039245388913 -0.26385350967383803
vp 0.70484189475760139 -0.13043270865548445
cstype bezier
deg 1
curv2 3793 3794 3795 3796 3797 3798 3799 3800 3801 3802 3803 3804 3805 3806 3807 3808 3809 3810 3811 3812 3813 3814 3815 3816 3817 3818 3819 3820 3821 3822 3823 3824 3793
parm u 0 0.14074506948935789 0.28149013897871578 0.42223520846807366 0.56298027795743155 0.7037253474467895 0.84447041693614733 0.98521548642550516 1.1259605559148631 1.266705625404221 1.407450694893579 1.5481957643829367 1.6889408338722947 1.8296859033616526 1.9704309728510103 2.111176042340368 2.2519211118297262 2.3926661813190844 2.5334112508084421 2.6741563202977998 2.814901389787158 2.9556464592765157 3.0963915287658734 3.2371365982552316 3.3778816677445893 3.518626737233947 3.6593718067233052 3.8001168762126629 3.9408619457020206 4.0816070151913788 4.2223520846807361 4.3630971541700942 4.5038422236594524
end
v -280.02480319734968 3.4076279136676657 27.75570714883024
v -280.03083422174336 3.4076279136676657 29.547547031571227
v -281.81664308009067 3.4076279136676657 27.749676124436569
v -281.82267410448435 3.4076279136676657 29.541516007177556
cstype bspline
deg 1 1
surf -0.8960109410017445 0.8960109410017445 -0.8960109410017445 0.8960109410017445 1273 1274 1275 1276
parm u -0.8960109410017445 -0.8960109410017445 0.8960109410017445 0.8960109410017445
parm v -0.8960109410017445 -0.8960109410017445 0.8960109410017445 0.8960109410017445
trim 0 4.5038422236594524 337
end
# - trim loop
vp 0 0
vp 26.578480228423956 0
cstype bezier
deg 1
curv2 3825 3826
parm u 0 26.578480228423956
end
vp 26.578480228423956 0
vp 26.578480228423956 0.5
cstype bezier
deg 1
curv2 3827 3828
parm u 0 0.5
end
vp 26.578480228423956 0.5
vp 0 0.5
cstype bezier
deg 1
curv2 3829 3830
parm u 0 26.578480228423956
end
vp 0 0.5
vp 0 0
cstype bezier
deg 1
curv2 3831 3832
parm u 0 0.5
end
v -284.77065504710953 11.205167862997968 30.406883162603492 1
v -283.01238346250983 11.205167862997968 34.253799558795954 0.70710678118654757
v -279.16546706631743 11.205167862997968 32.495527974196335 1
v -275.31855067012492 11.205167862997968 30.73725638959671 0.70710678118654757
v -277.07682225472462 11.205167862997968 26.890339993404275 1
v -278.83509383932414 11.205167862997968 23.04342359721185 0.70710678118654757
v -282.68201023551666 11.205167862997968 24.801695181811453 1
v -286.52892663170906 11.205167862997968 26.559966766411094 0.70710678118654757
v -284.77065504710953 11.205167862997968 30.406883162603492 1
v -284.77065504710953 11.705119914477269 30.406883162603492 1
v -283.01238346250983 11.705119914477265 34.253799558795954 0.70710678118654757
v -279.16546706631743 11.705119914477269 32.495527974196335 1
v -275.31855067012492 11.705119914477265 30.73725638959671 0.70710678118654757
v -277.07682225472462 11.705119914477269 26.890339993404275 1
v -278.83509383932414 11.705119914477265 23.04342359721185 0.70710678118654757
v -282.68201023551666 11.705119914477269 24.801695181811453 1
v -286.52892663170906 11.705119914477265 26.559966766411094 0.70710678118654757
v -284.77065504710953 11.705119914477269 30.406883162603492 1
cstype rat bspline
deg 2 1
surf 0 26.578480228423956 0 0.5 1277 1278 1279 1280 1281 1282 1283 1284 1285 1286 1287 1288 1289 1290 1291 1292 1293 1294
parm u 0 0 0 6.644620057105989 6.644620057105989 13.289240114211978 13.289240114211978 19.933860171317967 19.933860171317967 26.578480228423956 26.578480228423956 26.578480228423956
parm v 0 0 0.5 0.5
trim 0 26.578480228423956 338 0 0.5 339 0 26.578480228423956 340 0 0.5 341
end
# - trim loop
vp 4.2300965082238804 0
vp 4.1594766054567476 0.76972127263437229
vp 3.9330942457116014 1.5570761456133617
vp 3.5405717894050786 2.3147500670605421
vp 2.9911299260386421 2.9911299260386421
vp 2.3147500670605421 3.5405717894050786
vp 1.5570761456133617 3.9330942457116014
vp 0.76972127263437251 4.1594766054567476
vp 0 4.2300965082238804
vp -0.76972127263437207 4.1594766054567476
vp -1.5570761456133613 3.9330942457116014
vp -2.3147500670605421 3.5405717894050786
vp -2.9911299260386421 2.9911299260386421
vp -3.5405717894050786 2.3147500670605421
vp -3.9330942457116014 1.5570761456133619
vp -4.1594766054567476 0.76972127263437262
vp -4.2300965082238804 0
vp -4.1594766054567476 -0.76972127263437196
vp -3.9330942457116014 -1.5570761456133613
vp -3.5405717894050786 -2.3147500670605421
vp -2.9911299260386426 -2.9911299260386421
vp -2.3147500670605425 -3.5405717894050786
vp -1.5570761456133622 -3.9330942457116014
vp -0.76972127263437307 -4.1594766054567476
vp 0 -4.2300965082238804
vp 0.76972127263437151 -4.1594766054567476
vp 1.5570761456133606 -3.9330942457116014
vp 2.3147500670605412 -3.5405717894050786
vp 2.9911299260386413 -2.9911299260386421
vp 3.5405717894050777 -2.3147500670605421
vp 3.9330942457116005 -1.5570761456133617
vp 4.1594766054567476 -0.76972127263437229
cstype bezier
deg 1
curv2 3833 3834 3835 3836 3837 3838 3839 3840 3841 3842 3843 3844 3845 3846 3847 3848 3849 3850 3851 3852 3853 3854 3855 3856 3857 3858 3859 3860 3861 3862 3863 3864 3833
parm u 0 0.83057750713824863 1.6611550142764973 2.4917325214147459 3.3223100285529945 4.1528875356912431 4.9834650428294918 5.8140425499677404 6.644620057105989 7.4751975642442376 8.3057750713824863 9.1363525785207358 9.9669300856589835 10.797507592797231 11.628085099935481 12.45866260707373 13.289240114211978 14.119817621350226 14.950395128488475 15.780972635626725 16.611550142764973 17.44212764990322 18.272705157041472 19.103282664179719 19.933860171317967 20.764437678456215 21.595015185594463 22.425592692732714 23.256170199870962 24.086747707009209 24.917325214147461 25.747902721285708 26.578480228423956
end
# - hole loop
vp 0.30016816712680683 0.650933068399838
vp 0.41360273820559079 0.58544646471008022
vp 0.51869786890271452 0.49473963747457683
vp 0.60743633232517624 0.38057310764691582
vp 0.6725301332357928 0.24802824029238937
vp 0.70908300506197508 0.10495751533344291
vp 0.7157202660710974 -0.039487831388997571
vp 0.69468549656478029 -0.17671120212150951
vp 0.65093306839983001 -0.30016816712679883
vp 0.58544646471007444 -0.41360273820558768
vp 0.49473963747457278 -0.51869786890271596
vp 0.38057310764691299 -0.60743633232518146
vp 0.24802824029238704 -0.67253013323580091
vp 0.10495751533344032 -0.70908300506198474
vp -0.039487831389001124 -0.71572026607110739
vp -0.17671120212151459 -0.69468549656478928
vp -0.30016816712680594 -0.65093306839983711
vp -0.41360273820558935 -0.58544646471008277
vp -0.51869786890271297 -0.49473963747458227
vp -0.60743633232517502 -0.38057310764692315
vp -0.67253013323579258 -0.24802824029239745
vp -0.7090830050619763 -0.10495751533345048
vp -0.7157202660711004 0.039487831388991645
vp -0.69468549656478529 0.17671120212150618
vp -0.65093306839983711 0.30016816712679883
vp -0.58544646471008022 0.41360273820558435
vp -0.49473963747457722 0.51869786890271008
vp -0.3805731076469161 0.60743633232517402
vp -0.24802824029238885 0.6725301332357928
vp -0.10495751533344107 0.70908300506197741
vp 0.039487831389001186 0.71572026607110195
vp 0.1767112021215152 0.69468549656478673
cstype bezier
deg 1
curv2 3865 3866 3867 3868 3869 3870 3871 3872 3873 3874 3875 3876 3877 3878 3879 3880 3881 3882 3883 3884 3885 3886 3887 3888 3889 3890 3891 3892 3893 3894 3895 3896 3865
parm u 0 0.14074506948935789 0.28149013897871578 0.42223520846807366 0.56298027795743155 0.7037253474467895 0.84447041693614733 0.98521548642550516 1.1259605559148631 1.266705625404221 1.407450694893579 1.5481957643829367 1.6889408338722947 1.8296859033616526 1.9704309728510103 2.111176042340368 2.2519211118297262 2.3926661813190844 2.5334112508084421 2.6741563202977998 2.814901389787158 2.9556464592765157 3.0963915287658734 3.2371365982552316 3.3778816677445893 3.518626737233947 3.6593718067233052 3.8001168762126629 3.9408619457020206 4.0816070151913788 4.2223520846807361 4.3630971541700942 4.5038422236594524
end
v -278.31293263642596 11.205167862997968 21.642126602013811
v -287.93022362690704 11.205167862997968 26.037805563512833
v -273.91725367492694 11.205167862997968 31.25941759249493
v -283.53454466540802 11.205167862997968 35.655096553993957
cstype bspline
deg 1 1
surf -5.2876206352798505 5.2876206352798505 -5.2876206352798505 5.2876206352798505 1295 1296 1297 1298
parm u -5.2876206352798505 -5.2876206352798505 5.2876206352798505 5.2876206352798505
parm v -5.2876206352798505 -5.2876206352798505 5.2876206352798505 5.2876206352798505
trim 0 26.578480228423956 342
hole 0 4.5038422236594524 343
end
# - trim loop
vp 4.2300965082238804 0
vp 4.1594766054567476 0.76972127263437229
vp 3.9330942457116014 1.5570761456133617
vp 3.5405717894050786 2.3147500670605421
vp 2.9911299260386421 2.9911299260386421
vp 2.3147500670605421 3.5405717894050786
vp 1.5570761456133617 3.9330942457116014
vp 0.76972127263437251 4.1594766054567476
vp 0 4.2300965082238804
vp -0.76972127263437207 4.1594766054567476
vp -1.5570761456133613 3.9330942457116014
vp -2.3147500670605421 3.5405717894050786
vp -2.9911299260386421 2.9911299260386421
vp -3.5405717894050786 2.3147500670605421
vp -3.9330942457116014 1.5570761456133619
vp -4.1594766054567476 0.76972127263437262
vp -4.2300965082238804 0
vp -4.1594766054567476 -0.76972127263437196
vp -3.9330942457116014 -1.5570761456133613
vp -3.5405717894050786 -2.3147500670605421
vp -2.9911299260386426 -2.9911299260386421
vp -2.3147500670605425 -3.5405717894050786
vp -1.5570761456133622 -3.9330942457116014
vp -0.76972127263437307 -4.1594766054567476
vp 0 -4.2300965082238804
vp 0.76972127263437151 -4.1594766054567476
vp 1.5570761456133606 -3.9330942457116014
vp 2.3147500670605412 -3.5405717894050786
vp 2.9911299260386413 -2.9911299260386421
vp 3.5405717894050777 -2.3147500670605421
vp 3.9330942457116005 -1.5570761456133617
vp 4.1594766054567476 -0.76972127263437229
cstype bezier
deg 1
curv2 3897 3898 3899 3900 3901 3902 3903 3904 3905 3906 3907 3908 3909 3910 3911 3912 3913 3914 3915 3916 3917 3918 3919 3920 3921 3922 3923 3924 3925 3926 3927 3928 3897
parm u 0 0.83057750713824863 1.6611550142764973 2.4917325214147459 3.3223100285529945 4.1528875356912431 4.9834650428294918 5.8140425499677404 6.644620057105989 7.4751975642442376 8.3057750713824863 9.1363525785207358 9.9669300856589835 10.797507592797231 11.628085099935481 12.45866260707373 13.289240114211978 14.119817621350226 14.950395128488475 15.780972635626725 16.611550142764973 17.44212764990322 18.272705157041472 19.103282664179719 19.933860171317967 20.764437678456215 21.595015185594463 22.425592692732714 23.256170199870962 24.086747707009209 24.917325214147461 25.747902721285708 26.578480228423956
end
v -278.31293263642596 11.705119914477269 21.642126602013811
v -287.93022362690704 11.705119914477269 26.037805563512833
v -273.91725367492694 11.705119914477269 31.25941759249493
v -283.53454466540802 11.705119914477269 35.655096553993957
cstype bspline
deg 1 1
surf -5.2876206352798505 5.2876206352798505 -5.2876206352798505 5.2876206352798505 1299 1300 1301 1302
parm u -5.2876206352798505 -5.2876206352798505 5.2876206352798505 5.2876206352798505
parm v -5.2876206352798505 -5.2876206352798505 5.2876206352798505 5.2876206352798505
trim 0 26.578480228423956 344
end
# - trim loop
vp 4.5038422236594524 0.49999999999999972
vp 4.5038422236594524 8.2982877820565957
cstype bezier
deg 1
curv2 3929 3930
parm u 0.49999999999999978 8.2982877820565957
end
vp 4.5038422236594524 8.2982877820565957
vp 0 8.2982877820565957
cstype bezier
deg 1
curv2 3931 3932
parm u 0 4.5038422236594524
end
vp 0 8.2982877820565957
vp 0 0.50000000000000089
cstype bezier
deg 1
curv2 3933 3934
parm u 0 7.7982877820565948
end
vp 0 0.50000000000000089
vp 4.5038422236594524 0.49999999999999972
cstype bezier
deg 1
curv2 3935 3936
parm u 0 4.5038422236594524
end
v -280.9261510606745 11.705119914477269 29.365347531100312 1
v -281.64288701377086 11.705119914477265 29.36293512134282 0.70710678118654757
v -281.64047460401349 11.705119914477269 28.646199168246426 1
v -281.63806219425589 11.705119914477265 27.929463215150033 0.70710678118654757
v -280.92132624115953 11.705119914477269 27.931875624907505 1
v -280.20459028806312 11.705119914477265 27.93428803466498 0.70710678118654757
v -280.2070026978206 11.705119914477269 28.651023987761363 1
v -280.20941510757802 11.705119914477265 29.36775994085777 0.70710678118654757
v -280.9261510606745 11.705119914477269 29.365347531100312 1
v -280.9261510606745 3.4076279136676657 29.365347531100312 1
v -281.64288701377086 3.4076279136676666 29.36293512134282 0.70710678118654757
v -281.64047460401349 3.4076279136676657 28.646199168246426 1
v -281.63806219425589 3.4076279136676666 27.929463215150033 0.70710678118654757
v -280.92132624115953 3.4076279136676657 27.931875624907505 1
v -280.20459028806312 3.4076279136676666 27.93428803466498 0.70710678118654757
v -280.2070026978206 3.4076279136676657 28.651023987761363 1
v -280.20941510757802 3.4076279136676666 29.36775994085777 0.70710678118654757
v -280.9261510606745 3.4076279136676657 29.365347531100312 1
cstype rat bspline
deg 2 1
surf 0 4.5038422236594524 0 8.2982877820565957 1303 1304 1305 1306 1307 1308 1309 1310 1311 1312 1313 1314 1315 1316 1317 1318 1319 1320
parm u 0 0 0 1.1259605559148631 1.1259605559148631 2.2519211118297262 2.2519211118297262 3.3778816677445893 3.3778816677445893 4.5038422236594524 4.5038422236594524 4.5038422236594524
parm v 0 0 8.2982877820565957 8.2982877820565957
trim 0.49999999999999978 8.2982877820565957 345 0 4.5038422236594524 346 0 7.7982877820565948 347 0 4.5038422236594524 348
end
usemtl diffuse_170_230_123_255
# - trim loop
vp 0.71680875280139555 0
vp 0.70484189475760139 0.13043270865548445
vp 0.66648039245388924 0.26385350967383803
vp 0.59996570849700792 0.3922447408447633
vp 0.50686032991973851 0.50686032991973851
vp 0.3922447408447633 0.59996570849700792
vp 0.26385350967383808 0.66648039245388924
vp 0.13043270865548445 0.70484189475760139
vp 0 0.71680875280139555
vp -0.13043270865548437 0.70484189475760151
vp -0.26385350967383792 0.66648039245388946
vp -0.39224474084476318 0.59996570849700803
vp -0.50686032991973839 0.50686032991973851
vp -0.59996570849700792 0.39224474084476335
vp -0.66648039245388924 0.26385350967383808
vp -0.70484189475760139 0.13043270865548454
vp -0.71680875280139555 0
vp -0.70484189475760151 -0.13043270865548434
vp -0.66648039245388946 -0.26385350967383792
vp -0.59996570849700803 -0.39224474084476318
vp -0.50686032991973851 -0.50686032991973839
vp -0.39224474084476335 -0.59996570849700792
vp -0.26385350967383808 -0.66648039245388924
vp -0.13043270865548454 -0.70484189475760139
vp 0 -0.71680875280139555
vp 0.13043270865548429 -0.70484189475760139
vp 0.2638535096738378 -0.66648039245388924
vp 0.39224474084476307 -0.59996570849700792
vp 0.50686032991973828 -0.50686032991973851
vp 0.59996570849700781 -0.3922447408447633
vp 0.66648039245388913 -0.26385350967383803
vp 0.70484189475760139 -0.13043270865548445
cstype bezier
deg 1
curv2 3937 3938 3939 3940 3941 3942 3943 3944 3945 3946 3947 3948 3949 3950 3951 3952 3953 3954 3955 3956 3957 3958 3959 3960 3961 3962 3963 3964 3965 3966 3967 3968 3937
parm u 0 0.14074506948935789 0.28149013897871578 0.42223520846807366 0.56298027795743155 0.7037253474467895 0.84447041693614733 0.98521548642550516 1.1259605559148631 1.266705625404221 1.407450694893579 1.5481957643829367 1.6889408338722947 1.8296859033616526 1.9704309728510103 2.111176042340368 2.2519211118297262 2.3926661813190844 2.5334112508084421 2.6741563202977998 2.814901389787158 2.9556464592765157 3.0963915287658734 3.2371365982552316 3.3778816677445893 3.518626737233947 3.6593718067233052 3.8001168762126629 3.9408619457020206 4.0816070151913788 4.2223520846807361 4.3630971541700942 4.5038422236594524
end
v -276.99756089547981 4.9625436705241945 41.898502756569947
v -277.0013315416316 4.9625436705241945 43.018775817568304
v -278.11783395647814 4.9625436705241945 41.894732110418168
v -278.12160460262993 4.9625436705241945 43.015005171416526
cstype bspline
deg 1 1
surf -0.8960109410017445 0.8960109410017445 -0.8960109410017445 0.8960109410017445 1321 1322 1323 1324
parm u -0.8960109410017445 -0.8960109410017445 0.8960109410017445 0.8960109410017445
parm v -0.8960109410017445 -0.8960109410017445 0.8960109410017445 0.8960109410017445
trim 0 4.5038422236594524 349
end
# - trim loop
vp 0 0
vp 26.578480228423956 0
cstype bezier
deg 1
curv2 3969 3970
parm u 0 26.578480228423956
end
vp 26.578480228423956 0
vp 26.578480228423956 0.5
cstype bezier
deg 1
curv2 3971 3972
parm u 0 0.5
end
vp 26.578480228423956 0.5
vp 0 0.5
cstype bezier
deg 1
curv2 3973 3974
parm u 0 26.578480228423956
end
vp 0 0.5
vp 0 0
cstype bezier
deg 1
curv2 3975 3976
parm u 0 0.5
end
v -279.96470658186905 9.8376299053113385 43.55603984836181 1
v -278.86542069750044 9.8376299053113367 45.96116368117597 0.70710678118654757
v -276.46029686468631 9.8376299053113385 44.861877796807384 1
v -274.05517303187213 9.8376299053113367 43.762591912438786 0.70710678118654757
v -275.15445891624074 9.8376299053113385 41.357468079624645 1
v -276.2537448006093 9.8376299053113367 38.9523442468105 0.70710678118654757
v -278.65886863342348 9.8376299053113385 40.05163013117909 1
v -281.06399246623761 9.8376299053113367 41.150916015547686 0.70710678118654757
v -279.96470658186905 9.8376299053113385 43.55603984836181 1
v -279.96470658186905 10.150204047933032 43.55603984836181 1
v -278.86542069750044 10.15020404793303 45.96116368117597 0.70710678118654757
v -276.46029686468631 10.150204047933032 44.861877796807384 1
v -274.05517303187213 10.15020404793303 43.762591912438786 0.70710678118654757
v -275.15445891624074 10.150204047933032 41.357468079624645 1
v -276.2537448006093 10.15020404793303 38.9523442468105 0.70710678118654757
v -278.65886863342348 10.150204047933032 40.05163013117909 1
v -281.06399246623761 10.15020404793303 41.150916015547686 0.70710678118654757
v -279.96470658186905 10.150204047933032 43.55603984836181 1
cstype rat bspline
deg 2 1
surf 0 26.578480228423956 0 0.5 1325 1326 1327 1328 1329 1330 1331 1332 1333 1334 1335 1336 1337 1338 1339 1340 1341 1342
parm u 0 0 0 6.644620057105989 6.644620057105989 13.289240114211978 13.289240114211978 19.933860171317967 19.933860171317967 26.578480228423956 26.578480228423956 26.578480228423956
parm v 0 0 0.5 0.5
trim 0 26.578480228423956 350 0 0.5 351 0 26.578480228423956 352 0 0.5 353
end
# - trim loop
vp 4.2300965082238804 0
vp 4.1594766054567476 0.76972127263437229
vp 3.9330942457116014 1.5570761456133617
vp 3.5405717894050786 2.3147500670605421
vp 2.9911299260386421 2.9911299260386421
vp 2.3147500670605421 3.5405717894050786
vp 1.5570761456133617 3.9330942457116014
vp 0.76972127263437251 4.1594766054567476
vp 0 4.2300965082238804
vp -0.76972127263437207 4.1594766054567476
vp -1.5570761456133613 3.9330942457116014
vp -2.3147500670605421 3.5405717894050786
vp -2.9911299260386421 2.9911299260386421
vp -3.5405717894050786 2.3147500670605421
vp -3.9330942457116014 1.5570761456133619
vp -4.1594766054567476 0.76972127263437262
vp -4.2300965082238804 0
vp -4.1594766054567476 -0.76972127263437196
vp -3.9330942457116014 -1.5570761456133613
vp -3.5405717894050786 -2.3147500670605421
vp -2.9911299260386426 -2.9911299260386421
vp -2.3147500670605425 -3.5405717894050786
vp -1.5570761456133622 -3.9330942457116014
vp -0.76972127263437307 -4.1594766054567476
vp 0 -4.2300965082238804
vp 0.76972127263437151 -4.1594766054567476
vp 1.5570761456133606 -3.9330942457116014
vp 2.3147500670605412 -3.5405717894050786
vp 2.9911299260386413 -2.9911299260386421
vp 3.5405717894050777 -2.3147500670605421
vp 3.9330942457116005 -1.5570761456133617
vp 4.1594766054567476 -0.76972127263437229
cstype bezier
deg 1
curv2 3977 3978 3979 3980 3981 3982 3983 3984 3985 3986 3987 3988 3989 3990 3991 3992 3993 3994 3995 3996 3997 3998 3999 4000 4001 4002 4003 4004 4005 4006 4007 4008 3977
parm u 0 0.83057750713824863 1.6611550142764973 2.4917325214147459 3.3223100285529945 4.1528875356912431 4.9834650428294918 5.8140425499677404 6.644620057105989 7.4751975642442376 8.3057750713824863 9.1363525785207358 9.9669300856589835 10.797507592797231 11.628085099935481 12.45866260707373 13.289240114211978 14.119817621350226 14.950395128488475 15.780972635626725 16.611550142764973 17.44212764990322 18.272705157041472 19.103282664179719 19.933860171317967 20.764437678456215 21.595015185594463 22.425592692732714 23.256170199870962 24.086747707009209 24.917325214147461 25.747902721285708 26.578480228423956
end
# - hole loop
vp 0.30016816712680683 0.650933068399838
vp 0.41360273820559079 0.58544646471008022
vp 0.51869786890271452 0.49473963747457683
vp 0.60743633232517624 0.38057310764691582
vp 0.6725301332357928 0.24802824029238937
vp 0.70908300506197508 0.10495751533344291
vp 0.7157202660710974 -0.039487831388997571
vp 0.69468549656478029 -0.17671120212150951
vp 0.65093306839983001 -0.30016816712679883
vp 0.58544646471007444 -0.41360273820558768
vp 0.49473963747457278 -0.51869786890271596
vp 0.38057310764691299 -0.60743633232518146
vp 0.24802824029238704 -0.67253013323580091
vp 0.10495751533344032 -0.70908300506198474
vp -0.039487831389001124 -0.71572026607110739
vp -0.17671120212151459 -0.69468549656478928
vp -0.30016816712680594 -0.65093306839983711
vp -0.41360273820558935 -0.58544646471008277
vp -0.51869786890271297 -0.49473963747458227
vp -0.60743633232517502 -0.38057310764692315
vp -0.67253013323579258 -0.24802824029239745
vp -0.7090830050619763 -0.10495751533345048
vp -0.7157202660711004 0.039487831388991645
vp -0.69468549656478529 0.17671120212150618
vp -0.65093306839983711 0.30016816712679883
vp -0.58544646471008022 0.41360273820558435
vp -0.49473963747457722 0.51869786890271008
vp -0.3805731076469161 0.60743633232517402
vp -0.24802824029238885 0.6725301332357928
vp -0.10495751533344107 0.70908300506197741
vp 0.039487831389001186 0.71572026607110195
vp 0.1767112021215152 0.69468549656478673
cstype bezier
deg 1
curv2 4009 4010 4011 4012 4013 4014 4015 4016 4017 4018 4019 4020 4021 4022 4023 4024 4025 4026 4027 4028 4029 4030 4031 4032 4033 4034 4035 4036 4037 4038 4039 4040 4009
parm u 0 0.14074506948935789 0.28149013897871578 0.42223520846807366 0.56298027795743155 0.7037253474467895 0.84447041693614733 0.98521548642550516 1.1259605559148631 1.266705625404221 1.407450694893579 1.5481957643829367 1.6889408338722947 1.8296859033616526 1.9704309728510103 2.111176042340368 2.2519211118297262 2.3926661813190844 2.5334112508084421 2.6741563202977998 2.814901389787158 2.9556464592765157 3.0963915287658734 3.2371365982552316 3.3778816677445893 3.518626737233947 3.6593718067233052 3.8001168762126629 3.9408619457020206 4.0816070151913788 4.2223520846807361 4.3630971541700942 4.5038422236594524
end
v -275.92728531349792 9.8376299053113385 38.076241817514806
v -281.94009489553332 9.8376299053113385 40.824456528436272
v -273.17907060257642 9.8376299053113385 44.089051399550186
v -279.19188018461182 9.8376299053113385 46.837266110471653
cstype bspline
deg 1 1
surf -5.2876206352798505 5.2876206352798505 -5.2876206352798505 5.2876206352798505 1343 1344 1345 1346
parm u -5.2876206352798505 -5.2876206352798505 5.2876206352798505 5.2876206352798505
parm v -5.2876206352798505 -5.2876206352798505 5.2876206352798505 5.2876206352798505
trim 0 26.578480228423956 354
hole 0 4.5038422236594524 355
end
# - trim loop
vp 4.2300965082238804 0
vp 4.1594766054567476 0.76972127263437229
vp 3.9330942457116014 1.5570761456133617
vp 3.5405717894050786 2.3147500670605421
vp 2.9911299260386421 2.9911299260386421
vp 2.3147500670605421 3.5405717894050786
vp 1.5570761456133617 3.9330942457116014
vp 0.76972127263437251 4.1594766054567476
vp 0 4.2300965082238804
vp -0.76972127263437207 4.1594766054567476
vp -1.5570761456133613 3.9330942457116014
vp -2.3147500670605421 3.5405717894050786
vp -2.9911299260386421 2.9911299260386421
vp -3.5405717894050786 2.3147500670605421
vp -3.9330942457116014 1.5570761456133619
vp -4.1594766054567476 0.76972127263437262
vp -4.2300965082238804 0
vp -4.1594766054567476 -0.76972127263437196
vp -3.9330942457116014 -1.5570761456133613
vp -3.5405717894050786 -2.3147500670605421
vp -2.9911299260386426 -2.9911299260386421
vp -2.3147500670605425 -3.5405717894050786
vp -1.5570761456133622 -3.9330942457116014
vp -0.76972127263437307 -4.1594766054567476
vp 0 -4.2300965082238804
vp 0.76972127263437151 -4.1594766054567476
vp 1.5570761456133606 -3.9330942457116014
vp 2.3147500670605412 -3.5405717894050786
vp 2.9911299260386413 -2.9911299260386421
vp 3.5405717894050777 -2.3147500670605421
vp 3.9330942457116005 -1.5570761456133617
vp 4.1594766054567476 -0.76972127263437229
cstype bezier
deg 1
curv2 4041 4042 4043 4044 4045 4046 4047 4048 4049 4050 4051 4052 4053 4054 4055 4056 4057 4058 4059 4060 4061 4062 4063 4064 4065 4066 4067 4068 4069 4070 4071 4072 4041
parm u 0 0.83057750713824863 1.6611550142764973 2.4917325214147459 3.3223100285529945 4.1528875356912431 4.9834650428294918 5.8140425499677404 6.644620057105989 7.4751975642442376 8.3057750713824863 9.1363525785207358 9.9669300856589835 10.797507592797231 11.628085099935481 12.45866260707373 13.289240114211978 14.119817621350226 14.950395128488475 15.780972635626725 16.611550142764973 17.44212764990322 18.272705157041472 19.103282664179719 19.933860171317967 20.764437678456215 21.595015185594463 22.425592692732714 23.256170199870962 24.086747707009209 24.917325214147461 25.747902721285708 26.578480228423956
end
v -275.92728531349792 10.150204047933032 38.076241817514806
v -281.94009489553332 10.150204047933032 40.824456528436272
v -273.17907060257642 10.150204047933032 44.089051399550186
v -279.19188018461182 10.150204047933032 46.837266110471653
cstype bspline
deg 1 1
surf -5.2876206352798505 5.2876206352798505 -5.2876206352798505 5.2876206352798505 1347 1348 1349 1350
parm u -5.2876206352798505 -5.2876206352798505 5.2876206352798505 5.2876206352798505
parm v -5.2876206352798505 -5.2876206352798505 5.2876206352798505 5.2876206352798505
trim 0 26.578480228423956 356
end
# - trim loop
vp 4.5038422236594524 0.49999999999999972
vp 4.5038422236594524 8.2982877820565957
cstype bezier
deg 1
curv2 4073 4074
parm u 0.49999999999999978 8.2982877820565957
end
vp 4.5038422236594524 8.2982877820565957
vp 0 8.2982877820565957
cstype bezier
deg 1
curv2 4075 4076
parm u 0 4.5038422236594524
end
vp 0 8.2982877820565957
vp 0 0.50000000000000089
cstype bezier
deg 1
curv2 4077 4078
parm u 0 7.7982877820565948
end
vp 0 0.50000000000000089
vp 4.5038422236594524 0.49999999999999972
cstype bezier
deg 1
curv2 4079 4080
parm u 0 4.5038422236594524
end
v -277.56109100751559 10.150204047933032 42.90486318839259 1
v -278.00920023191492 10.15020404793303 42.903354929931865 0.70710678118654757
v -278.00769197345426 10.150204047933032 42.455245705532526 1
v -278.00618371499354 10.15020404793303 42.00713648113318 0.70710678118654757
v -277.55807449059415 10.150204047933032 42.0086447395939 1
v -277.10996526619482 10.15020404793303 42.01015299805461 0.70710678118654757
v -277.11147352465554 10.150204047933032 42.458262222453946 1
v -277.1129817831162 10.15020404793303 42.90637144685329 0.70710678118654757
v -277.56109100751559 10.150204047933032 42.90486318839259 1
v -277.56109100751559 4.9625436705241945 42.90486318839259 1
v -278.00920023191492 4.9625436705241945 42.903354929931865 0.70710678118654757
v -278.00769197345426 4.9625436705241945 42.455245705532526 1
v -278.00618371499354 4.9625436705241945 42.00713648113318 0.70710678118654757
v -277.55807449059415 4.9625436705241945 42.0086447395939 1
v -277.10996526619482 4.9625436705241945 42.01015299805461 0.70710678118654757
v -277.11147352465554 4.9625436705241945 42.458262222453946 1
v -277.1129817831162 4.9625436705241945 42.90637144685329 0.70710678118654757
v -277.56109100751559 4.9625436705241945 42.90486318839259 1
cstype rat bspline
deg 2 1
surf 0 4.5038422236594524 0 8.2982877820565957 1351 1352 1353 1354 1355 1356 1357 1358 1359 1360 1361 1362 1363 1364 1365 1366 1367 1368
parm u 0 0 0 1.1259605559148631 1.1259605559148631 2.2519211118297262 2.2519211118297262 3.3778816677445893 3.3778816677445893 4.5038422236594524 4.5038422236594524 4.5038422236594524
parm v 0 0 8.2982877820565957 8.2982877820565957
trim 0.49999999999999978 8.2982877820565957 357 0 4.5038422236594524 358 0 7.7982877820565948 359 0 4.5038422236594524 360
end
usemtl diffuse_170_230_123_255
# - trim loop
vp 0.71680875280139555 0
vp 0.70484189475760139 0.13043270865548445
vp 0.66648039245388924 0.26385350967383803
vp 0.59996570849700792 0.3922447408447633
vp 0.50686032991973851 0.50686032991973851
vp 0.3922447408447633 0.59996570849700792
vp 0.26385350967383808 0.66648039245388924
vp 0.13043270865548445 0.70484189475760139
vp 0 0.71680875280139555
vp -0.13043270865548437 0.70484189475760151
vp -0.26385350967383792 0.66648039245388946
vp -0.39224474084476318 0.59996570849700803
vp -0.50686032991973839 0.50686032991973851
vp -0.59996570849700792 0.39224474084476335
vp -0.66648039245388924 0.26385350967383808
vp -0.70484189475760139 0.13043270865548454
vp -0.71680875280139555 0
vp -0.70484189475760151 -0.13043270865548434
vp -0.66648039245388946 -0.26385350967383792
vp -0.59996570849700803 -0.39224474084476318
vp -0.50686032991973851 -0.50686032991973839
vp -0.39224474084476335 -0.59996570849700792
vp -0.26385350967383808 -0.66648039245388924
vp -0.13043270865548454 -0.70484189475760139
vp 0 -0.71680875280139555
vp 0.13043270865548429 -0.70484189475760139
vp 0.2638535096738378 -0.66648039245388924
vp 0.39224474084476307 -0.59996570849700792
vp 0.50686032991973828 -0.50686032991973851
vp 0.59996570849700781 -0.3922447408447633
vp 0.66648039245388913 -0.26385350967383803
vp 0.70484189475760139 -0.13043270865548445
cstype bezier
deg 1
curv2 4081 4082 4083 4084 4085 4086 4087 4088 4089 4090 4091 4092 4093 4094 4095 4096 4097 4098 4099 4100 4101 4102 4103 4104 4105 4106 4107 4108 4109 4110 4111 4112 4081
parm u 0 0.14074506948935789 0.28149013897871578 0.42223520846807366 0.56298027795743155 0.7037253474467895 0.84447041693614733 0.98521548642550516 1.1259605559148631 1.266705625404221 1.407450694893579 1.5481957643829367 1.6889408338722947 1.8296859033616526 1.9704309728510103 2.111176042340368 2.2519211118297262 2.3926661813190844 2.5334112508084421 2.6741563202977998 2.814901389787158 2.9556464592765157 3.0963915287658734 3.2371365982552316 3.3778816677445893 3.518626737233947 3.6593718067233052 3.8001168762126629 3.9408619457020206 4.0816070151913788 4.2223520846807361 4.3630971541700942 4.5038422236594524
end
v -271.25169368365272 4.9625436705241945 79.009374346983748
v -271.25546432980451 4.9625436705241945 80.129647407982091
v -272.37196674465105 4.9625436705241945 79.005603700831983
v -272.37573739080284 4.9625436705241945 80.125876761830327
cstype bspline
deg 1 1
surf -0.8960109410017445 0.8960109410017445 -0.8960109410017445 0.8960109410017445 1369 1370 1371 1372
parm u -0.8960109410017445 -0.8960109410017445 0.8960109410017445 0.8960109410017445
parm v -0.8960109410017445 -0.8960109410017445 0.8960109410017445 0.8960109410017445
trim 0 4.5038422236594524 361
end
# - trim loop
vp 0 0
vp 26.578480228423956 0
cstype bezier
deg 1
curv2 4113 4114
parm u 0 26.578480228423956
end
vp 26.578480228423956 0
vp 26.578480228423956 0.5
cstype bezier
deg 1
curv2 4115 4116
parm u 0 0.5
end
vp 26.578480228423956 0.5
vp 0 0.5
cstype bezier
deg 1
curv2 4117 4118
parm u 0 26.578480228423956
end
vp 0 0.5
vp 0 0
cstype bezier
deg 1
curv2 4119 4120
parm u 0 0.5
end
v -274.21883937004196 9.8376299053113385 80.66691143877561 1
v -273.11955348567335 9.8376299053113367 83.07203527158977 0.70710678118654757
v -270.71442965285922 9.8376299053113385 81.97274938722119 1
v -268.30930582004504 9.8376299053113367 80.87346350285259 0.70710678118654757
v -269.40859170441365 9.8376299053113385 78.46833967003845 1
v -270.50787758878221 9.8376299053113367 76.0632158372243 0.70710678118654757
v -272.91300142159639 9.8376299053113385 77.16250172159289 1
v -275.31812525441052 9.8376299053113367 78.26178760596149 0.70710678118654757
v -274.21883937004196 9.8376299053113385 80.66691143877561 1
v -274.21883937004196 10.150204047933032 80.66691143877561 1
v -273.11955348567335 10.15020404793303 83.07203527158977 0.70710678118654757
v -270.71442965285922 10.150204047933032 81.97274938722119 1
v -268.30930582004504 10.15020404793303 80.87346350285259 0.70710678118654757
v -269.40859170441365 10.150204047933032 78.46833967003845 1
v -270.50787758878221 10.15020404793303 76.0632158372243 0.70710678118654757
v -272.91300142159639 10.150204047933032 77.16250172159289 1
v -275.31812525441052 10.15020404793303 78.26178760596149 0.70710678118654757
v -274.21883937004196 10.150204047933032 80.66691143877561 1
cstype rat bspline
deg 2 1
surf 0 26.578480228423956 0 0.5 1373 1374 1375 1376 1377 1378 1379 1380 1381 1382 1383 1384 1385 1386 1387 1388 1389 1390
parm u 0 0 0 6.644620057105989 6.644620057105989 13.289240114211978 13.289240114211978 19.933860171317967 19.933860171317967 26.578480228423956 26.578480228423956 26.578480228423956
parm v 0 0 0.5 0.5
trim 0 26.578480228423956 362 0 0.5 363 0 26.578480228423956 364 0 0.5 365
end
# - trim loop
vp 4.2300965082238804 0
vp 4.1594766054567476 0.76972127263437229
vp 3.9330942457116014 1.5570761456133617
vp 3.5405717894050786 2.3147500670605421
vp 2.9911299260386421 2.9911299260386421
vp 2.3147500670605421 3.5405717894050786
vp 1.5570761456133617 3.9330942457116014
vp 0.76972127263437251 4.1594766054567476
vp 0 4.2300965082238804
vp -0.76972127263437207 4.1594766054567476
vp -1.5570761456133613 3.9330942457116014
vp -2.3147500670605421 3.5405717894050786
vp -2.9911299260386421 2.9911299260386421
vp -3.5405717894050786 2.3147500670605421
vp -3.9330942457116014 1.5570761456133619
vp -4.1594766054567476 0.76972127263437262
vp -4.2300965082238804 0
vp -4.1594766054567476 -0.76972127263437196
vp -3.9330942457116014 -1.5570761456133613
vp -3.5405717894050786 -2.3147500670605421
vp -2.9911299260386426 -2.9911299260386421
vp -2.3147500670605425 -3.5405717894050786
vp -1.5570761456133622 -3.9330942457116014
vp -0.76972127263437307 -4.1594766054567476
vp 0 -4.2300965082238804
vp 0.76972127263437151 -4.1594766054567476
vp 1.5570761456133606 -3.9330942457116014
vp 2.3147500670605412 -3.5405717894050786
vp 2.9911299260386413 -2.9911299260386421
vp 3.5405717894050777 -2.3147500670605421
vp 3.9330942457116005 -1.5570761456133617
vp 4.1594766054567476 -0.76972127263437229
cstype bezier
deg 1
curv2 4121 4122 4123 4124 4125 4126 4127 4128 4129 4130 4131 4132 4133 4134 4135 4136 4137 4138 4139 4140 4141 4142 4143 4144 4145 4146 4147 4148 4149 4150 4151 4152 4121
parm u 0 0.83057750713824863 1.6611550142764973 2.4917325214147459 3.3223100285529945 4.1528875356912431 4.9834650428294918 5.8140425499677404 6.644620057105989 7.4751975642442376 8.3057750713824863 9.1363525785207358 9.9669300856589835 10.797507592797231 11.628085099935481 12.45866260707373 13.289240114211978 14.119817621350226 14.950395128488475 15.780972635626725 16.611550142764973 17.44212764990322 18.272705157041472 19.103282664179719 19.933860171317967 20.764437678456215 21.595015185594463 22.425592692732714 23.256170199870962 24.086747707009209 24.917325214147461 25.747902721285708 26.578480228423956
end
# - hole loop
vp 0.30016816712680683 0.650933068399838
vp 0.41360273820559079 0.58544646471008022
vp 0.51869786890271452 0.49473963747457683
vp 0.60743633232517624 0.38057310764691582
vp 0.6725301332357928 0.24802824029238937
vp 0.70908300506197508 0.10495751533344291
vp 0.7157202660710974 -0.039487831388997571
vp 0.69468549656478029 -0.17671120212150951
vp 0.65093306839983001 -0.30016816712679883
vp 0.58544646471007444 -0.41360273820558768
vp 0.49473963747457278 -0.51869786890271596
vp 0.38057310764691299 -0.60743633232518146
vp 0.24802824029238704 -0.67253013323580091
vp 0.10495751533344032 -0.70908300506198474
vp -0.039487831389001124 -0.71572026607110739
vp -0.17671120212151459 -0.69468549656478928
vp -0.30016816712680594 -0.65093306839983711
vp -0.41360273820558935 -0.58544646471008277
vp -0.51869786890271297 -0.49473963747458227
vp -0.60743633232517502 -0.38057310764692315
vp -0.67253013323579258 -0.24802824029239745
vp -0.7090830050619763 -0.10495751533345048
vp -0.7157202660711004 0.039487831388991645
vp -0.69468549656478529 0.17671120212150618
vp -0.65093306839983711 0.30016816712679883
vp -0.58544646471008022 0.41360273820558435
vp -0.49473963747457722 0.51869786890271008
vp -0.3805731076469161 0.60743633232517402
vp -0.24802824029238885 0.6725301332357928
vp -0.10495751533344107 0.70908300506197741
vp 0.039487831389001186 0.71572026607110195
vp 0.1767112021215152 0.69468549656478673
cstype bezier
deg 1
curv2 4153 4154 4155 4156 4157 4158 4159 4160 4161 4162 4163 4164 4165 4166 4167 4168 4169 4170 4171 4172 4173 4174 4175 4176 4177 4178 4179 4180 4181 4182 4183 4184 4153
parm u 0 0.14074506948935789 0.28149013897871578 0.42223520846807366 0.56298027795743155 0.7037253474467895 0.84447041693614733 0.98521548642550516 1.1259605559148631 1.266705625404221 1.407450694893579 1.5481957643829367 1.6889408338722947 1.8296859033616526 1.9704309728510103 2.111176042340368 2.2519211118297262 2.3926661813190844 2.5334112508084421 2.6741563202977998 2.814901389787158 2.9556464592765157 3.0963915287658734 3.2371365982552316 3.3778816677445893 3.518626737233947 3.6593718067233052 3.8001168762126629 3.9408619457020206 4.0816070151913788 4.2223520846807361 4.3630971541700942 4.5038422236594524
end
v -270.18141810167083 9.8376299053113385 75.187113407928607
v -276.19422768370623 9.8376299053113385 77.93532811885008
v -267.43320339074933 9.8376299053113385 81.19992298996398
v -273.44601297278473 9.8376299053113385 83.948137700885454
cstype bspline
deg 1 1
surf -5.2876206352798505 5.2876206352798505 -5.2876206352798505 5.2876206352798505 1391 1392 1393 1394
parm u -5.2876206352798505 -5.2876206352798505 5.2876206352798505 5.2876206352798505
parm v -5.2876206352798505 -5.2876206352798505 5.2876206352798505 5.2876206352798505
trim 0 26.578480228423956 366
hole 0 4.5038422236594524 367
end
# - trim loop
vp 4.2300965082238804 0
vp 4.1594766054567476 0.76972127263437229
vp 3.9330942457116014 1.5570761456133617
vp 3.5405717894050786 2.3147500670605421
vp 2.9911299260386421 2.9911299260386421
vp 2.3147500670605421 3.5405717894050786
vp 1.5570761456133617 3.9330942457116014
vp 0.76972127263437251 4.1594766054567476
vp 0 4.2300965082238804
vp -0.76972127263437207 4.1594766054567476
vp -1.5570761456133613 3.9330942457116014
vp -2.3147500670605421 3.5405717894050786
vp -2.9911299260386421 2.9911299260386421
vp -3.5405717894050786 2.3147500670605421
vp -3.9330942457116014 1.5570761456133619
vp -4.1594766054567476 0.76972127263437262
vp -4.2300965082238804 0
vp -4.1594766054567476 -0.76972127263437196
vp -3.9330942457116014 -1.5570761456133613
vp -3.5405717894050786 -2.3147500670605421
vp -2.9911299260386426 -2.9911299260386421
vp -2.3147500670605425 -3.5405717894050786
vp -1.5570761456133622 -3.9330942457116014
vp -0.76972127263437307 -4.1594766054567476
vp 0 -4.2300965082238804
vp 0.76972127263437151 -4.1594766054567476
vp 1.5570761456133606 -3.9330942457116014
vp 2.3147500670605412 -3.5405717894050786
vp 2.9911299260386413 -2.9911299260386421
vp 3.5405717894050777 -2.3147500670605421
vp 3.9330942457116005 -1.5570761456133617
vp 4.1594766054567476 -0.76972127263437229
cstype bezier
deg 1
curv2 4185 4186 4187 4188 4189 4190 4191 4192 4193 4194 4195 4196 4197 4198 4199 4200 4201 4202 4203 4204 4205 4206 4207 4208 4209 4210 4211 4212 4213 4214 4215 4216 4185
parm u 0 0.83057750713824863 1.6611550142764973 2.4917325214147459 3.3223100285529945 4.1528875356912431 4.9834650428294918 5.8140425499677404 6.644620057105989 7.4751975642442376 8.3057750713824863 9.1363525785207358 9.9669300856589835 10.797507592797231 11.628085099935481 12.45866260707373 13.289240114211978 14.119817621350226 14.950395128488475 15.780972635626725 16.611550142764973 17.44212764990322 18.272705157041472 19.103282664179719 19.933860171317967 20.764437678456215 21.595015185594463 22.425592692732714 23.256170199870962 24.086747707009209 24.917325214147461 25.747902721285708 26.578480228423956
end
v -270.18141810167083 10.150204047933032 75.187113407928607
v -276.19422768370623 10.150204047933032 77.93532811885008
v -267.43320339074933 10.150204047933032 81.19992298996398
v -273.44601297278473 10.150204047933032 83.948137700885454
cstype bspline
deg 1 1
surf -5.2876206352798505 5.2876206352798505 -5.2876206352798505 5.2876206352798505 1395 1396 1397 1398
parm u -5.2876206352798505 -5.2876206352798505 5.2876206352798505 5.2876206352798505
parm v -5.2876206352798505 -5.2876206352798505 5.2876206352798505 5.2876206352798505
trim 0 26.578480228423956 368
end
# - trim loop
vp 4.5038422236594524 0.49999999999999972
vp 4.5038422236594524 8.2982877820565957
cstype bezier
deg 1
curv2 4217 4218
parm u 0.49999999999999978 8.2982877820565957
end
vp 4.5038422236594524 8.2982877820565957
vp 0 8.2982877820565957
cstype bezier
deg 1
curv2 4219 4220
parm u 0 4.5038422236594524
end
vp 0 8.2982877820565957
vp 0 0.50000000000000089
cstype bezier
deg 1
curv2 4221 4222
parm u 0 7.7982877820565948
end
vp 0 0.50000000000000089
vp 4.5038422236594524 0.49999999999999972
cstype bezier
deg 1
curv2 4223 4224
parm u 0 4.5038422236594524
end
v -271.8152237956885 10.150204047933032 80.01573477880639 1
v -272.26333302008783 10.15020404793303 80.01422652034566 0.70710678118654757
v -272.26182476162717 10.150204047933032 79.56611729594633 1
v -272.26031650316639 10.15020404793303 79.11800807154698 0.70710678118654757
v -271.81220727876706 10.150204047933032 79.1195163300077 1
v -271.36409805436773 10.15020404793303 79.1210245884684 0.70710678118654757
v -271.36560631282845 10.150204047933032 79.56913381286775 1
v -271.36711457128911 10.15020404793303 80.0172430372671 0.70710678118654757
v -271.8152237956885 10.150204047933032 80.01573477880639 1
v -271.8152237956885 4.9625436705241945 80.01573477880639 1
v -272.26333302008783 4.9625436705241945 80.01422652034566 0.70710678118654757
v -272.26182476162717 4.9625436705241945 79.56611729594633 1
v -272.26031650316639 4.9625436705241945 79.11800807154698 0.70710678118654757
v -271.81220727876706 4.9625436705241945 79.1195163300077 1
v -271.36409805436773 4.9625436705241945 79.1210245884684 0.70710678118654757
v -271.36560631282845 4.9625436705241945 79.56913381286775 1
v -271.36711457128911 4.9625436705241945 80.0172430372671 0.70710678118654757
v -271.8152237956885 4.9625436705241945 80.01573477880639 1
cstype rat bspline
deg 2 1
surf 0 4.5038422236594524 0 8.2982877820565957 1399 1400 1401 1402 1403 1404 1405 1406 1407 1408 1409 1410 1411 1412 1413 1414 1415 1416
parm u 0 0 0 1.1259605559148631 1.1259605559148631 2.2519211118297262 2.2519211118297262 3.3778816677445893 3.3778816677445893 4.5038422236594524 4.5038422236594524 4.5038422236594524
parm v 0 0 8.2982877820565957 8.2982877820565957
trim 0.49999999999999978 8.2982877820565957 369 0 4.5038422236594524 370 0 7.7982877820565948 371 0 4.5038422236594524 372
end
usemtl diffuse_170_230_123_255
# - trim loop
vp 0.71680875280139555 0
vp 0.70484189475760139 0.13043270865548445
vp 0.66648039245388924 0.26385350967383803
vp 0.59996570849700792 0.3922447408447633
vp 0.50686032991973851 0.50686032991973851
vp 0.3922447408447633 0.59996570849700792
vp 0.26385350967383808 0.66648039245388924
vp 0.13043270865548445 0.70484189475760139
vp 0 0.71680875280139555
vp -0.13043270865548437 0.70484189475760151
vp -0.26385350967383792 0.66648039245388946
vp -0.39224474084476318 0.59996570849700803
vp -0.50686032991973839 0.50686032991973851
vp -0.59996570849700792 0.39224474084476335
vp -0.66648039245388924 0.26385350967383808
vp -0.70484189475760139 0.13043270865548454
vp -0.71680875280139555 0
vp -0.70484189475760151 -0.13043270865548434
vp -0.66648039245388946 -0.26385350967383792
vp -0.59996570849700803 -0.39224474084476318
vp -0.50686032991973851 -0.50686032991973839
vp -0.39224474084476335 -0.59996570849700792
vp -0.26385350967383808 -0.66648039245388924
vp -0.13043270865548454 -0.70484189475760139
vp 0 -0.71680875280139555
vp 0.13043270865548429 -0.70484189475760139
vp 0.2638535096738378 -0.66648039245388924
vp 0.39224474084476307 -0.59996570849700792
vp 0.50686032991973828 -0.50686032991973851
vp 0.59996570849700781 -0.3922447408447633
vp 0.66648039245388913 -0.26385350967383803
vp 0.70484189475760139 -0.13043270865548445
cstype bezier
deg 1
curv2 4225 4226 4227 4228 4229 4230 4231 4232 4233 4234 4235 4236 4237 4238 4239 4240 4241 4242 4243 4244 4245 4246 4247 4248 4249 4250 4251 4252 4253 4254 4255 4256 4225
parm u 0 0.14074506948935789 0.28149013897871578 0.42223520846807366 0.56298027795743155 0.7037253474467895 0.84447041693614733 0.98521548642550516 1.1259605559148631 1.266705625404221 1.407450694893579 1.5481957643829367 1.6889408338722947 1.8296859033616526 1.9704309728510103 2.111176042340368 2.2519211118297262 2.3926661813190844 2.5334112508084421 2.6741563202977998 2.814901389787158 2.9556464592765157 3.0963915287658734 3.2371365982552316 3.3778816677445893 3.518626737233947 3.6593718067233052 3.8001168762126629 3.9408619457020206 4.0816070151913788 4.2223520846807361 4.3630971541700942 4.5038422236594524
end
v -269.49792235770076 4.9625436705241945 89.833175220762996
v -269.50169300385255 4.9625436705241945 90.953448281761339
v -270.61819541869909 4.9625436705241945 89.829404574611232
v -270.62196606485088 4.9625436705241945 90.949677635609575
cstype bspline
deg 1 1
surf -0.8960109410017445 0.8960109410017445 -0.8960109410017445 0.8960109410017445 1417 1418 1419 1420
parm u -0.8960109410017445 -0.8960109410017445 0.8960109410017445 0.8960109410017445
parm v -0.8960109410017445 -0.8960109410017445 0.8960109410017445 0.8960109410017445
trim 0 4.5038422236594524 373
end
# - trim loop
vp 0 0
vp 26.578480228423956 0
cstype bezier
deg 1
curv2 4257 4258
parm u 0 26.578480228423956
end
vp 26.578480228423956 0
vp 26.578480228423956 0.5
cstype bezier
deg 1
curv2 4259 4260
parm u 0 0.5
end
vp 26.578480228423956 0.5
vp 0 0.5
cstype bezier
deg 1
curv2 4261 4262
parm u 0 26.578480228423956
end
vp 0 0.5
vp 0 0
cstype bezier
deg 1
curv2 4263 4264
parm u 0 0.5
end
v -272.46506804409 9.8376299053113385 91.49071231255486 1
v -271.36578215972139 9.8376299053113367 93.89583614536902 0.70710678118654757
v -268.96065832690726 9.8376299053113385 92.79655026100043 1
v -266.55553449409308 9.8376299053113367 91.69726437663184 0.70710678118654757
v -267.65482037846169 9.8376299053113385 89.2921405438177 1
v -268.75410626283025 9.8376299053113367 86.88701671100354 0.70710678118654757
v -271.15923009564443 9.8376299053113385 87.98630259537214 1
v -273.56435392845856 9.8376299053113367 89.08558847974074 0.70710678118654757
v -272.46506804409 9.8376299053113385 91.49071231255486 1
v -272.46506804409 10.150204047933032 91.49071231255486 1
v -271.36578215972139 10.15020404793303 93.89583614536902 0.70710678118654757
v -268.96065832690726 10.150204047933032 92.79655026100043 1
v -266.55553449409308 10.15020404793303 91.69726437663184 0.70710678118654757
v -267.65482037846169 10.150204047933032 89.2921405438177 1
v -268.75410626283025 10.15020404793303 86.88701671100354 0.70710678118654757
v -271.15923009564443 10.150204047933032 87.98630259537214 1
v -273.56435392845856 10.15020404793303 89.08558847974074 0.70710678118654757
v -272.46506804409 10.150204047933032 91.49071231255486 1
cstype rat bspline
deg 2 1
surf 0 26.578480228423956 0 0.5 1421 1422 1423 1424 1425 1426 1427 1428 1429 1430 1431 1432 1433 1434 1435 1436 1437 1438
parm u 0 0 0 6.644620057105989 6.644620057105989 13.289240114211978 13.289240114211978 19.933860171317967 19.933860171317967 26.578480228423956 26.578480228423956 26.578480228423956
parm v 0 0 0.5 0.5
trim 0 26.578480228423956 374 0 0.5 375 0 26.578480228423956 376 0 0.5 377
end
# - trim loop
vp 4.2300965082238804 0
vp 4.1594766054567476 0.76972127263437229
vp 3.9330942457116014 1.5570761456133617
vp 3.5405717894050786 2.3147500670605421
vp 2.9911299260386421 2.9911299260386421
vp 2.3147500670605421 3.5405717894050786
vp 1.5570761456133617 3.9330942457116014
vp 0.76972127263437251 4.1594766054567476
vp 0 4.2300965082238804
vp -0.76972127263437207 4.1594766054567476
vp -1.5570761456133613 3.9330942457116014
vp -2.3147500670605421 3.5405717894050786
vp -2.9911299260386421 2.9911299260386421
vp -3.5405717894050786 2.3147500670605421
vp -3.9330942457116014 1.5570761456133619
vp -4.1594766054567476 0.76972127263437262
vp -4.2300965082238804 0
vp -4.1594766054567476 -0.76972127263437196
vp -3.9330942457116014 -1.5570761456133613
vp -3.5405717894050786 -2.3147500670605421
vp -2.9911299260386426 -2.9911299260386421
vp -2.3147500670605425 -3.5405717894050786
vp -1.5570761456133622 -3.9330942457116014
vp -0.76972127263437307 -4.1594766054567476
vp 0 -4.2300965082238804
vp 0.76972127263437151 -4.1594766054567476
vp 1.5570761456133606 -3.9330942457116014
vp 2.3147500670605412 -3.5405717894050786
vp 2.9911299260386413 -2.9911299260386421
vp 3.5405717894050777 -2.3147500670605421
vp 3.9330942457116005 -1.5570761456133617
vp 4.1594766054567476 -0.76972127263437229
cstype bezier
deg 1
curv2 4265 4266 4267 4268 4269 4270 4271 4272 4273 4274 4275 4276 4277 4278 4279 4280 4281 4282 4283 4284 4285 4286 4287 4288 4289 4290 4291 4292 4293 4294 4295 4296 4265
parm u 0 0.83057750713824863 1.6611550142764973 2.4917325214147459 3.3223100285529945 4.1528875356912431 4.9834650428294918 5.8140425499677404 6.644620057105989 7.4751975642442376 8.3057750713824863 9.1363525785207358 9.9669300856589835 10.797507592797231 11.628085099935481 12.45866260707373 13.289240114211978 14.119817621350226 14.950395128488475 15.780972635626725 16.611550142764973 17.44212764990322 18.272705157041472 19.103282664179719 19.933860171317967 20.764437678456215 21.595015185594463 22.425592692732714 23.256170199870962 24.086747707009209 24.917325214147461 25.747902721285708 26.578480228423956
end
# - hole loop
vp 0.30016816712680683 0.650933068399838
vp 0.41360273820559079 0.58544646471008022
vp 0.51869786890271452 0.49473963747457683
vp 0.60743633232517624 0.38057310764691582
vp 0.6725301332357928 0.24802824029238937
vp 0.70908300506197508 0.10495751533344291
vp 0.7157202660710974 -0.039487831388997571
vp 0.69468549656478029 -0.17671120212150951
vp 0.65093306839983001 -0.30016816712679883
vp 0.58544646471007444 -0.41360273820558768
vp 0.49473963747457278 -0.51869786890271596
vp 0.38057310764691299 -0.60743633232518146
vp 0.24802824029238704 -0.67253013323580091
vp 0.10495751533344032 -0.70908300506198474
vp -0.039487831389001124 -0.71572026607110739
vp -0.17671120212151459 -0.69468549656478928
vp -0.30016816712680594 -0.65093306839983711
vp -0.41360273820558935 -0.58544646471008277
vp -0.51869786890271297 -0.49473963747458227
vp -0.60743633232517502 -0.38057310764692315
vp -0.67253013323579258 -0.24802824029239745
vp -0.7090830050619763 -0.10495751533345048
vp -0.7157202660711004 0.039487831388991645
vp -0.69468549656478529 0.17671120212150618
vp -0.65093306839983711 0.30016816712679883
vp -0.58544646471008022 0.41360273820558435
vp -0.49473963747457722 0.51869786890271008
vp -0.3805731076469161 0.60743633232517402
vp -0.24802824029238885 0.6725301332357928
vp -0.10495751533344107 0.70908300506197741
vp 0.039487831389001186 0.71572026607110195
vp 0.1767112021215152 0.69468549656478673
cstype bezier
deg 1
curv2 4297 4298 4299 4300 4301 4302 4303 4304 4305 4306 4307 4308 4309 4310 4311 4312 4313 4314 4315 4316 4317 4318 4319 4320 4321 4322 4323 4324 4325 4326 4327 4328 4297
parm u 0 0.14074506948935789 0.28149013897871578 0.42223520846807366 0.56298027795743155 0.7037253474467895 0.84447041693614733 0.98521548642550516 1.1259605559148631 1.266705625404221 1.407450694893579 1.5481957643829367 1.6889408338722947 1.8296859033616526 1.9704309728510103 2.111176042340368 2.2519211118297262 2.3926661813190844 2.5334112508084421 2.6741563202977998 2.814901389787158 2.9556464592765157 3.0963915287658734 3.2371365982552316 3.3778816677445893 3.518626737233947 3.6593718067233052 3.8001168762126629 3.9408619457020206 4.0816070151913788 4.2223520846807361 4.3630971541700942 4.5038422236594524
end
v -268.42764677571887 9.8376299053113385 86.010914281707855
v -274.44045635775427 9.8376299053113385 88.759128992629329
v -265.67943206479737 9.8376299053113385 92.023723863743228
v -271.69224164683277 9.8376299053113385 94.771938574664702
cstype bspline
deg 1 1
surf -5.2876206352798505 5.2876206352798505 -5.2876206352798505 5.2876206352798505 1439 1440 1441 1442
parm u -5.2876206352798505 -5.2876206352798505 5.2876206352798505 5.2876206352798505
parm v -5.2876206352798505 -5.2876206352798505 5.2876206352798505 5.2876206352798505
trim 0 26.578480228423956 378
hole 0 4.5038422236594524 379
end
# - trim loop
vp 4.2300965082238804 0
vp 4.1594766054567476 0.76972127263437229
vp 3.9330942457116014 1.5570761456133617
vp 3.5405717894050786 2.3147500670605421
vp 2.9911299260386421 2.9911299260386421
vp 2.3147500670605421 3.5405717894050786
vp 1.5570761456133617 3.9330942457116014
vp 0.76972127263437251 4.1594766054567476
vp 0 4.2300965082238804
vp -0.76972127263437207 4.1594766054567476
vp -1.5570761456133613 3.9330942457116014
vp -2.3147500670605421 3.5405717894050786
vp -2.9911299260386421 2.9911299260386421
vp -3.5405717894050786 2.3147500670605421
vp -3.9330942457116014 1.5570761456133619
vp -4.1594766054567476 0.76972127263437262
vp -4.2300965082238804 0
vp -4.1594766054567476 -0.76972127263437196
vp -3.9330942457116014 -1.5570761456133613
vp -3.5405717894050786 -2.3147500670605421
vp -2.9911299260386426 -2.9911299260386421
vp -2.3147500670605425 -3.5405717894050786
vp -1.5570761456133622 -3.9330942457116014
vp -0.76972127263437307 -4.1594766054567476
vp 0 -4.2300965082238804
vp 0.76972127263437151 -4.1594766054567476
vp 1.5570761456133606 -3.9330942457116014
vp 2.3147500670605412 -3.5405717894050786
vp 2.9911299260386413 -2.9911299260386421
vp 3.5405717894050777 -2.3147500670605421
vp 3.9330942457116005 -1.5570761456133617
vp 4.1594766054567476 -0.76972127263437229
cstype bezier
deg 1
curv2 4329 4330 4331 4332 4333 4334 4335 4336 4337 4338 4339 4340 4341 4342 4343 4344 4345 4346 4347 4348 4349 4350 4351 4352 4353 4354 4355 4356 4357 4358 4359 4360 4329
parm u 0 0.83057750713824863 1.6611550142764973 2.4917325214147459 3.3223100285529945 4.1528875356912431 4.9834650428294918 5.8140425499677404 6.644620057105989 7.4751975642442376 8.3057750713824863 9.1363525785207358 9.9669300856589835 10.797507592797231 11.628085099935481 12.45866260707373 13.289240114211978 14.119817621350226 14.950395128488475 15.780972635626725 16.611550142764973 17.44212764990322 18.272705157041472 19.103282664179719 19.933860171317967 20.764437678456215 21.595015185594463 22.425592692732714 23.256170199870962 24.086747707009209 24.917325214147461 25.747902721285708 26.578480228423956
end
v -268.42764677571887 10.150204047933032 86.010914281707855
v -274.44045635775427 10.150204047933032 88.759128992629329
v -265.67943206479737 10.150204047933032 92.023723863743228
v -271.69224164683277 10.150204047933032 94.771938574664702
cstype bspline
deg 1 1
surf -5.2876206352798505 5.2876206352798505 -5.2876206352798505 5.2876206352798505 1443 1444 1445 1446
parm u -5.2876206352798505 -5.2876206352798505 5.2876206352798505 5.2876206352798505
parm v -5.2876206352798505 -5.2876206352798505 5.2876206352798505 5.2876206352798505
trim 0 26.578480228423956 380
end
# - trim loop
vp 4.5038422236594524 0.49999999999999972
vp 4.5038422236594524 8.2982877820565957
cstype bezier
deg 1
curv2 4361 4362
parm u 0.49999999999999978 8.2982877820565957
end
vp 4.5038422236594524 8.2982877820565957
vp 0 8.2982877820565957
cstype bezier
deg 1
curv2 4363 4364
parm u 0 4.5038422236594524
end
vp 0 8.2982877820565957
vp 0 0.50000000000000089
cstype bezier
deg 1
curv2 4365 4366
parm u 0 7.7982877820565948
end
vp 0 0.50000000000000089
vp 4.5038422236594524 0.49999999999999972
cstype bezier
deg 1
curv2 4367 4368
parm u 0 4.5038422236594524
end
v -270.06145246973654 10.150204047933032 90.83953565258564 1
v -270.50956169413587 10.15020404793303 90.83802739412491 0.70710678118654757
v -270.50805343567521 10.150204047933032 90.38991816972558 1
v -270.50654517721443 10.15020404793303 89.94180894532623 0.70710678118654757
v -270.0584359528151 10.150204047933032 89.94331720378695 1
v -269.61032672841577 10.15020404793303 89.94482546224765 0.70710678118654757
v -269.61183498687649 10.150204047933032 90.392934686647 1
v -269.61334324533715 10.15020404793303 90.84104391104634 0.70710678118654757
v -270.06145246973654 10.150204047933032 90.83953565258564 1
v -270.06145246973654 4.9625436705241945 90.83953565258564 1
v -270.50956169413587 4.9625436705241945 90.83802739412491 0.70710678118654757
v -270.50805343567521 4.9625436705241945 90.38991816972558 1
v -270.50654517721443 4.9625436705241945 89.94180894532623 0.70710678118654757
v -270.0584359528151 4.9625436705241945 89.94331720378695 1
v -269.61032672841577 4.9625436705241945 89.94482546224765 0.70710678118654757
v -269.61183498687649 4.9625436705241945 90.392934686647 1
v -269.61334324533715 4.9625436705241945 90.84104391104634 0.70710678118654757
v -270.06145246973654 4.9625436705241945 90.83953565258564 1
cstype rat bspline
deg 2 1
surf 0 4.5038422236594524 0 8.2982877820565957 1447 1448 1449 1450 1451 1452 1453 1454 1455 1456 1457 1458 1459 1460 1461 1462 1463 1464
parm u 0 0 0 1.1259605559148631 1.1259605559148631 2.2519211118297262 2.2519211118297262 3.3778816677445893 3.3778816677445893 4.5038422236594524 4.5038422236594524 4.5038422236594524
parm v 0 0 8.2982877820565957 8.2982877820565957
trim 0.49999999999999978 8.2982877820565957 381 0 4.5038422236594524 382 0 7.7982877820565948 383 0 4.5038422236594524 384
end
usemtl diffuse_170_230_123_255
# - trim loop
vp 0.71680875280139555 0
vp 0.70484189475760139 0.13043270865548445
vp 0.66648039245388924 0.26385350967383803
vp 0.59996570849700792 0.3922447408447633
vp 0.50686032991973851 0.50686032991973851
vp 0.3922447408447633 0.59996570849700792
vp 0.26385350967383808 0.66648039245388924
vp 0.13043270865548445 0.70484189475760139
vp 0 0.71680875280139555
vp -0.13043270865548437 0.70484189475760151
vp -0.26385350967383792 0.66648039245388946
vp -0.39224474084476318 0.59996570849700803
vp -0.50686032991973839 0.50686032991973851
vp -0.59996570849700792 0.39224474084476335
vp -0.66648039245388924 0.26385350967383808
vp -0.70484189475760139 0.13043270865548454
vp -0.71680875280139555 0
vp -0.70484189475760151 -0.13043270865548434
vp -0.66648039245388946 -0.26385350967383792
vp -0.59996570849700803 -0.39224474084476318
vp -0.50686032991973851 -0.50686032991973839
vp -0.39224474084476335 -0.59996570849700792
vp -0.26385350967383808 -0.66648039245388924
vp -0.13043270865548454 -0.70484189475760139
vp 0 -0.71680875280139555
vp 0.13043270865548429 -0.70484189475760139
vp 0.2638535096738378 -0.66648039245388924
vp 0.39224474084476307 -0.59996570849700792
vp 0.50686032991973828 -0.50686032991973851
vp 0.59996570849700781 -0.3922447408447633
vp 0.66648039245388913 -0.26385350967383803
vp 0.70484189475760139 -0.13043270865548445
cstype bezier
deg 1
curv2 4369 4370 4371 4372 4373 4374 4375 4376 4377 4378 4379 4380 4381 4382 4383 4384 4385 4386 4387 4388 4389 4390 4391 4392 4393 4394 4395 4396 4397 4398 4399 4400 4369
parm u 0 0.14074506948935789 0.28149013897871578 0.42223520846807366 0.56298027795743155 0.7037253474467895 0.84447041693614733 0.98521548642550516 1.1259605559148631 1.266705625404221 1.407450694893579 1.5481957643829367 1.6889408338722947 1.8296859033616526 1.9704309728510103 2.111176042340368 2.2519211118297262 2.3926661813190844 2.5334112508084421 2.6741563202977998 2.814901389787158 2.9556464592765157 3.0963915287658734 3.2371365982552316 3.3778816677445893 3.518626737233947 3.6593718067233052 3.8001168762126629 3.9408619457020206 4.0816070151913788 4.2223520846807361 4.3630971541700942 4.5038422236594524
end
v -266.5633420496838 4.9625436705241945 102.98457572158767
v -266.56711269583559 4.9625436705241945 104.10484878258602
v -267.68361511068213 4.9625436705241945 102.98080507543591
v -267.68738575683392 4.9625436705241945 104.10107813643425
cstype bspline
deg 1 1
surf -0.8960109410017445 0.8960109410017445 -0.8960109410017445 0.8960109410017445 1465 1466 1467 1468
parm u -0.8960109410017445 -0.8960109410017445 0.8960109410017445 0.8960109410017445
parm v -0.8960109410017445 -0.8960109410017445 0.8960109410017445 0.8960109410017445
trim 0 4.5038422236594524 385
end
# - trim loop
vp 0 0
vp 26.578480228423956 0
cstype bezier
deg 1
curv2 4401 4402
parm u 0 26.578480228423956
end
vp 26.578480228423956 0
vp 26.578480228423956 0.5
cstype bezier
deg 1
curv2 4403 4404
parm u 0 0.5
end
vp 26.578480228423956 0.5
vp 0 0.5
cstype bezier
deg 1
curv2 4405 4406
parm u 0 26.578480228423956
end
vp 0 0.5
vp 0 0
cstype bezier
deg 1
curv2 4407 4408
parm u 0 0.5
end
v -269.53048773607304 9.8376299053113385 104.64211281337954 1
v -268.43120185170443 9.8376299053113367 107.0472366461937 0.70710678118654757
v -266.0260780188903 9.8376299053113385 105.94795076182511 1
v -263.62095418607612 9.8376299053113367 104.84866487745651 0.70710678118654757
v -264.72024007044473 9.8376299053113385 102.44354104464237 1
v -265.81952595481329 9.8376299053113367 100.03841721182823 0.70710678118654757
v -268.22464978762747 9.8376299053113385 101.13770309619682 1
v -270.6297736204416 9.8376299053113367 102.23698898056541 0.70710678118654757
v -269.53048773607304 9.8376299053113385 104.64211281337954 1
v -269.53048773607304 10.150204047933032 104.64211281337954 1
v -268.43120185170443 10.15020404793303 107.0472366461937 0.70710678118654757
v -266.0260780188903 10.150204047933032 105.94795076182511 1
v -263.62095418607612 10.15020404793303 104.84866487745651 0.70710678118654757
v -264.72024007044473 10.150204047933032 102.44354104464237 1
v -265.81952595481329 10.15020404793303 100.03841721182823 0.70710678118654757
v -268.22464978762747 10.150204047933032 101.13770309619682 1
v -270.6297736204416 10.15020404793303 102.23698898056541 0.70710678118654757
v -269.53048773607304 10.150204047933032 104.64211281337954 1
cstype rat bspline
deg 2 1
surf 0 26.578480228423956 0 0.5 1469 1470 1471 1472 1473 1474 1475 1476 1477 1478 1479 1480 1481 1482 1483 1484 1485 1486
parm u 0 0 0 6.644620057105989 6.644620057105989 13.289240114211978 13.289240114211978 19.933860171317967 19.933860171317967 26.578480228423956 26.578480228423956 26.578480228423956
parm v 0 0 0.5 0.5
trim 0 26.578480228423956 386 0 0.5 387 0 26.578480228423956 388 0 0.5 389
end
# - trim loop
vp 4.2300965082238804 0
vp 4.1594766054567476 0.76972127263437229
vp 3.9330942457116014 1.5570761456133617
vp 3.5405717894050786 2.3147500670605421
vp 2.9911299260386421 2.9911299260386421
vp 2.3147500670605421 3.5405717894050786
vp 1.5570761456133617 3.9330942457116014
vp 0.76972127263437251 4.1594766054567476
vp 0 4.2300965082238804
vp -0.76972127263437207 4.1594766054567476
vp -1.5570761456133613 3.9330942457116014
vp -2.3147500670605421 3.5405717894050786
vp -2.9911299260386421 2.9911299260386421
vp -3.5405717894050786 2.3147500670605421
vp -3.9330942457116014 1.5570761456133619
vp -4.1594766054567476 0.76972127263437262
vp -4.2300965082238804 0
vp -4.1594766054567476 -0.76972127263437196
vp -3.9330942457116014 -1.5570761456133613
vp -3.5405717894050786 -2.3147500670605421
vp -2.9911299260386426 -2.9911299260386421
vp -2.3147500670605425 -3.5405717894050786
vp -1.5570761456133622 -3.9330942457116014
vp -0.76972127263437307 -4.1594766054567476
vp 0 -4.2300965082238804
vp 0.76972127263437151 -4.1594766054567476
vp 1.5570761456133606 -3.9330942457116014
vp 2.3147500670605412 -3.5405717894050786
vp 2.9911299260386413 -2.9911299260386421
vp 3.5405717894050777 -2.3147500670605421
vp 3.9330942457116005 -1.5570761456133617
vp 4.1594766054567476 -0.76972127263437229
cstype bezier
deg 1
curv2 4409 4410 4411 4412 4413 4414 4415 4416 4417 4418 4419 4420 4421 4422 4423 4424 4425 4426 4427 4428 4429 4430 4431 4432 4433 4434 4435 4436 4437 4438 4439 4440 4409
parm u 0 0.83057750713824863 1.6611550142764973 2.4917325214147459 3.3223100285529945 4.1528875356912431 4.9834650428294918 5.8140425499677404 6.644620057105989 7.4751975642442376 8.3057750713824863 9.1363525785207358 9.9669300856589835 10.797507592797231 11.628085099935481 12.45866260707373 13.289240114211978 14.119817621350226 14.950395128488475 15.780972635626725 16.611550142764973 17.44212764990322 18.272705157041472 19.103282664179719 19.933860171317967 20.764437678456215 21.595015185594463 22.425592692732714 23.256170199870962 24.086747707009209 24.917325214147461 25.747902721285708 26.578480228423956
end
# - hole loop
vp 0.30016816712680683 0.650933068399838
vp 0.41360273820559079 0.58544646471008022
vp 0.51869786890271452 0.49473963747457683
vp 0.60743633232517624 0.38057310764691582
vp 0.6725301332357928 0.24802824029238937
vp 0.70908300506197508 0.10495751533344291
vp 0.7157202660710974 -0.039487831388997571
vp 0.69468549656478029 -0.17671120212150951
vp 0.65093306839983001 -0.30016816712679883
vp 0.58544646471007444 -0.41360273820558768
vp 0.49473963747457278 -0.51869786890271596
vp 0.38057310764691299 -0.60743633232518146
vp 0.24802824029238704 -0.67253013323580091
vp 0.10495751533344032 -0.70908300506198474
vp -0.039487831389001124 -0.71572026607110739
vp -0.17671120212151459 -0.69468549656478928
vp -0.30016816712680594 -0.65093306839983711
vp -0.41360273820558935 -0.58544646471008277
vp -0.51869786890271297 -0.49473963747458227
vp -0.60743633232517502 -0.38057310764692315
vp -0.67253013323579258 -0.24802824029239745
vp -0.7090830050619763 -0.10495751533345048
vp -0.7157202660711004 0.039487831388991645
vp -0.69468549656478529 0.17671120212150618
vp -0.65093306839983711 0.30016816712679883
vp -0.58544646471008022 0.41360273820558435
vp -0.49473963747457722 0.51869786890271008
vp -0.3805731076469161 0.60743633232517402
vp -0.24802824029238885 0.6725301332357928
vp -0.10495751533344107 0.70908300506197741
vp 0.039487831389001186 0.71572026607110195
vp 0.1767112021215152 0.69468549656478673
cstype bezier
deg 1
curv2 4441 4442 4443 4444 4445 4446 4447 4448 4449 4450 4451 4452 4453 4454 4455 4456 4457 4458 4459 4460 4461 4462 4463 4464 4465 4466 4467 4468 4469 4470 4471 4472 4441
parm u 0 0.14074506948935789 0.28149013897871578 0.42223520846807366 0.56298027795743155 0.7037253474467895 0.84447041693614733 0.98521548642550516 1.1259605559148631 1.266705625404221 1.407450694893579 1.5481957643829367 1.6889408338722947 1.8296859033616526 1.9704309728510103 2.111176042340368 2.2519211118297262 2.3926661813190844 2.5334112508084421 2.6741563202977998 2.814901389787158 2.9556464592765157 3.0963915287658734 3.2371365982552316 3.3778816677445893 3.518626737233947 3.6593718067233052 3.8001168762126629 3.9408619457020206 4.0816070151913788 4.2223520846807361 4.3630971541700942 4.5038422236594524
end
v -265.49306646770191 9.8376299053113385 99.162314782532533
v -271.50587604973731 9.8376299053113385 101.91052949345401
v -262.74485175678041 9.8376299053113385 105.17512436456791
v -268.75766133881581 9.8376299053113385 107.92333907548938
cstype bspline
deg 1 1
surf -5.2876206352798505 5.2876206352798505 -5.2876206352798505 5.2876206352798505 1487 1488 1489 1490
parm u -5.2876206352798505 -5.2876206352798505 5.2876206352798505 5.2876206352798505
parm v -5.2876206352798505 -5.2876206352798505 5.2876206352798505 5.2876206352798505
trim 0 26.578480228423956 390
hole 0 4.5038422236594524 391
end
# - trim loop
vp 4.2300965082238804 0
vp 4.1594766054567476 0.76972127263437229
vp 3.9330942457116014 1.5570761456133617
vp 3.5405717894050786 2.3147500670605421
vp 2.9911299260386421 2.9911299260386421
vp 2.3147500670605421 3.5405717894050786
vp 1.5570761456133617 3.9330942457116014
vp 0.76972127263437251 4.1594766054567476
vp 0 4.2300965082238804
vp -0.76972127263437207 4.1594766054567476
vp -1.5570761456133613 3.9330942457116014
vp -2.3147500670605421 3.5405717894050786
vp -2.9911299260386421 2.9911299260386421
vp -3.5405717894050786 2.3147500670605421
vp -3.9330942457116014 1.5570761456133619
vp -4.1594766054567476 0.76972127263437262
vp -4.2300965082238804 0
vp -4.1594766054567476 -0.76972127263437196
vp -3.9330942457116014 -1.5570761456133613
vp -3.5405717894050786 -2.3147500670605421
vp -2.9911299260386426 -2.9911299260386421
vp -2.3147500670605425 -3.5405717894050786
vp -1.5570761456133622 -3.9330942457116014
vp -0.76972127263437307 -4.1594766054567476
vp 0 -4.2300965082238804
vp 0.76972127263437151 -4.1594766054567476
vp 1.5570761456133606 -3.9330942457116014
vp 2.3147500670605412 -3.5405717894050786
vp 2.9911299260386413 -2.9911299260386421
vp 3.5405717894050777 -2.3147500670605421
vp 3.9330942457116005 -1.5570761456133617
vp 4.1594766054567476 -0.76972127263437229
cstype bezier
deg 1
curv2 4473 4474 4475 4476 4477 4478 4479 4480 4481 4482 4483 4484 4485 4486 4487 4488 4489 4490 4491 4492 4493 4494 4495 4496 4497 4498 4499 4500 4501 4502 4503 4504 4473
parm u 0 0.83057750713824863 1.6611550142764973 2.4917325214147459 3.3223100285529945 4.1528875356912431 4.9834650428294918 5.8140425499677404 6.644620057105989 7.4751975642442376 8.3057750713824863 9.1363525785207358 9.9669300856589835 10.797507592797231 11.628085099935481 12.45866260707373 13.289240114211978 14.119817621350226 14.950395128488475 15.780972635626725 16.611550142764973 17.44212764990322 18.272705157041472 19.103282664179719 19.933860171317967 20.764437678456215 21.595015185594463 22.425592692732714 23.256170199870962 24.086747707009209 24.917325214147461 25.747902721285708 26.578480228423956
end
v -265.49306646770191 10.150204047933032 99.162314782532533
v -271.50587604973731 10.150204047933032 101.91052949345401
v -262.74485175678041 10.150204047933032 105.17512436456791
v -268.75766133881581 10.150204047933032 107.92333907548938
cstype bspline
deg 1 1
surf -5.2876206352798505 5.2876206352798505 -5.2876206352798505 5.2876206352798505 1491 1492 1493 1494
parm u -5.2876206352798505 -5.2876206352798505 5.2876206352798505 5.2876206352798505
parm v -5.2876206352798505 -5.2876206352798505 5.2876206352798505 5.2876206352798505
trim 0 26.578480228423956 392
end
# - trim loop
vp 4.5038422236594524 0.49999999999999972
vp 4.5038422236594524 8.2982877820565957
cstype bezier
deg 1
curv2 4505 4506
parm u 0.49999999999999978 8.2982877820565957
end
vp 4.5038422236594524 8.2982877820565957
vp 0 8.2982877820565957
cstype bezier
deg 1
curv2 4507 4508
parm u 0 4.5038422236594524
end
vp 0 8.2982877820565957
vp 0 0.50000000000000089
cstype bezier
deg 1
curv2 4509 4510
parm u 0 7.7982877820565948
end
vp 0 0.50000000000000089
vp 4.5038422236594524 0.49999999999999972
cstype bezier
deg 1
curv2 4511 4512
parm u 0 4.5038422236594524
end
v -267.12687216171958 10.150204047933032 103.99093615341032 1
v -267.57498138611891 10.15020404793303 103.98942789494959 0.70710678118654757
v -267.57347312765825 10.150204047933032 103.54131867055025 1
v -267.57196486919753 10.15020404793303 103.09320944615091 0.70710678118654757
v -267.12385564479814 10.150204047933032 103.09471770461163 1
v -266.67574642039881 10.15020404793303 103.09622596307234 0.70710678118654757
v -266.67725467885953 10.150204047933032 103.54433518747167 1
v -266.67876293732019 10.15020404793303 103.99244441187102 0.70710678118654757
v -267.12687216171958 10.150204047933032 103.99093615341032 1
v -267.12687216171958 4.9625436705241945 103.99093615341032 1
v -267.57498138611891 4.9625436705241945 103.98942789494959 0.70710678118654757
v -267.57347312765825 4.9625436705241945 103.54131867055025 1
v -267.57196486919753 4.9625436705241945 103.09320944615091 0.70710678118654757
v -267.12385564479814 4.9625436705241945 103.09471770461163 1
v -266.67574642039881 4.9625436705241945 103.09622596307234 0.70710678118654757
v -266.67725467885953 4.9625436705241945 103.54433518747167 1
v -266.67876293732019 4.9625436705241945 103.99244441187102 0.70710678118654757
v -267.12687216171958 4.9625436705241945 103.99093615341032 1
cstype rat bspline
deg 2 1
surf 0 4.5038422236594524 0 8.2982877820565957 1495 1496 1497 1498 1499 1500 1501 1502 1503 1504 1505 1506 1507 1508 1509 1510 1511 1512
parm u 0 0 0 1.1259605559148631 1.1259605559148631 2.2519211118297262 2.2519211118297262 3.3778816677445893 3.3778816677445893 4.5038422236594524 4.5038422236594524 4.5038422236594524
parm v 0 0 8.2982877820565957 8.2982877820565957
trim 0.49999999999999978 8.2982877820565957 393 0 4.5038422236594524 394 0 7.7982877820565948 395 0 4.5038422236594524 396
end
usemtl diffuse_170_230_123_255
# - trim loop
vp 0.71680875280139555 0
vp 0.70484189475760139 0.13043270865548445
vp 0.66648039245388924 0.26385350967383803
vp 0.59996570849700792 0.3922447408447633
vp 0.50686032991973851 0.50686032991973851
vp 0.3922447408447633 0.59996570849700792
vp 0.26385350967383808 0.66648039245388924
vp 0.13043270865548445 0.70484189475760139
vp 0 0.71680875280139555
vp -0.13043270865548437 0.70484189475760151
vp -0.26385350967383792 0.66648039245388946
vp -0.39224474084476318 0.59996570849700803
vp -0.50686032991973839 0.50686032991973851
vp -0.59996570849700792 0.39224474084476335
vp -0.66648039245388924 0.26385350967383808
vp -0.70484189475760139 0.13043270865548454
vp -0.71680875280139555 0
vp -0.70484189475760151 -0.13043270865548434
vp -0.66648039245388946 -0.26385350967383792
vp -0.59996570849700803 -0.39224474084476318
vp -0.50686032991973851 -0.50686032991973839
vp -0.39224474084476335 -0.59996570849700792
vp -0.26385350967383808 -0.66648039245388924
vp -0.13043270865548454 -0.70484189475760139
vp 0 -0.71680875280139555
vp 0.13043270865548429 -0.70484189475760139
vp 0.2638535096738378 -0.66648039245388924
vp 0.39224474084476307 -0.59996570849700792
vp 0.50686032991973828 -0.50686032991973851
vp 0.59996570849700781 -0.3922447408447633
vp 0.66648039245388913 -0.26385350967383803
vp 0.70484189475760139 -0.13043270865548445
cstype bezier
deg 1
curv2 4513 4514 4515 4516 4517 4518 4519 4520 4521 4522 4523 4524 4525 4526 4527 4528 4529 4530 4531 4532 4533 4534 4535 4536 4537 4538 4539 4540 4541 4542 4543 4544 4513
parm u 0 0.14074506948935789 0.28149013897871578 0.42223520846807366 0.56298027795743155 0.7037253474467895 0.84447041693614733 0.98521548642550516 1.1259605559148631 1.266705625404221 1.407450694893579 1.5481957643829367 1.6889408338722947 1.8296859033616526 1.9704309728510103 2.111176042340368 2.2519211118297262 2.3926661813190844 2.5334112508084421 2.6741563202977998 2.814901389787158 2.9556464592765157 3.0963915287658734 3.2371365982552316 3.3778816677445893 3.518626737233947 3.6593718067233052 3.8001168762126629 3.9408619457020206 4.0816070151913788 4.2223520846807361 4.3630971541700942 4.5038422236594524
end
v -49.017763563796571 4.9625436705241945 -280.55292233380686
v -49.021534209948349 4.9625436705241945 -279.43264927280853
v -50.138036624794928 4.9625436705241945 -280.55669297995865
v -50.141807270946707 4.9625436705241945 -279.43641991896033
cstype bspline
deg 1 1
surf -0.8960109410017445 0.8960109410017445 -0.8960109410017445 0.8960109410017445 1513 1514 1515 1516
parm u -0.8960109410017445 -0.8960109410017445 0.8960109410017445 0.8960109410017445
parm v -0.8960109410017445 -0.8960109410017445 0.8960109410017445 0.8960109410017445
trim 0 4.5038422236594524 397
end
# - trim loop
vp 0 0
vp 26.578480228423956 0
cstype bezier
deg 1
curv2 4545 4546
parm u 0 26.578480228423956
end
vp 26.578480228423956 0
vp 26.578480228423956 0.5
cstype bezier
deg 1
curv2 4547 4548
parm u 0 0.5
end
vp 26.578480228423956 0.5
vp 0 0.5
cstype bezier
deg 1
curv2 4549 4550
parm u 0 26.578480228423956
end
vp 0 0.5
vp 0 0
cstype bezier
deg 1
curv2 4551 4552
parm u 0 0.5
end
v -51.984909250185794 9.8376299053113385 -278.89538524201504 1
v -50.885623365817196 9.8376299053113367 -276.4902614092008 0.70710678118654757
v -48.480499533003055 9.8376299053113385 -277.58954729356947 1
v -46.075375700188907 9.8376299053113367 -278.68883317793797 0.70710678118654757
v -47.174661584557484 9.8376299053113385 -281.0939570107522 1
v -48.273947468926082 9.8376299053113367 -283.4990808435663 0.70710678118654757
v -50.67907130174023 9.8376299053113385 -282.3997949591977 1
v -53.084195134554378 9.8376299053113367 -281.3005090748291 0.70710678118654757
v -51.984909250185794 9.8376299053113385 -278.89538524201504 1
v -51.984909250185794 10.150204047933032 -278.89538524201504 1
v -50.885623365817196 10.15020404793303 -276.4902614092008 0.70710678118654757
v -48.480499533003055 10.150204047933032 -277.58954729356947 1
v -46.075375700188907 10.15020404793303 -278.68883317793797 0.70710678118654757
v -47.174661584557484 10.150204047933032 -281.0939570107522 1
v -48.273947468926082 10.15020404793303 -283.4990808435663 0.70710678118654757
v -50.67907130174023 10.150204047933032 -282.3997949591977 1
v -53.084195134554378 10.15020404793303 -281.3005090748291 0.70710678118654757
v -51.984909250185794 10.150204047933032 -278.89538524201504 1
cstype rat bspline
deg 2 1
surf 0 26.578480228423956 0 0.5 1517 1518 1519 1520 1521 1522 1523 1524 1525 1526 1527 1528 1529 1530 1531 1532 1533 1534
parm u 0 0 0 6.644620057105989 6.644620057105989 13.289240114211978 13.289240114211978 19.933860171317967 19.933860171317967 26.578480228423956 26.578480228423956 26.578480228423956
parm v 0 0 0.5 0.5
trim 0 26.578480228423956 398 0 0.5 399 0 26.578480228423956 400 0 0.5 401
end
# - trim loop
vp 4.2300965082238804 0
vp 4.1594766054567476 0.76972127263437229
vp 3.9330942457116014 1.5570761456133617
vp 3.5405717894050786 2.3147500670605421
vp 2.9911299260386421 2.9911299260386421
vp 2.3147500670605421 3.5405717894050786
vp 1.5570761456133617 3.9330942457116014
vp 0.76972127263437251 4.1594766054567476
vp 0 4.2300965082238804
vp -0.76972127263437207 4.1594766054567476
vp -1.5570761456133613 3.9330942457116014
vp -2.3147500670605421 3.5405717894050786
vp -2.9911299260386421 2.9911299260386421
vp -3.5405717894050786 2.3147500670605421
vp -3.9330942457116014 1.5570761456133619
vp -4.1594766054567476 0.76972127263437262
vp -4.2300965082238804 0
vp -4.1594766054567476 -0.76972127263437196
vp -3.9330942457116014 -1.5570761456133613
vp -3.5405717894050786 -2.3147500670605421
vp -2.9911299260386426 -2.9911299260386421
vp -2.3147500670605425 -3.5405717894050786
vp -1.5570761456133622 -3.9330942457116014
vp -0.76972127263437307 -4.1594766054567476
vp 0 -4.2300965082238804
vp 0.76972127263437151 -4.1594766054567476
vp 1.5570761456133606 -3.9330942457116014
vp 2.3147500670605412 -3.5405717894050786
vp 2.9911299260386413 -2.9911299260386421
vp 3.5405717894050777 -2.3147500670605421
vp 3.9330942457116005 -1.5570761456133617
vp 4.1594766054567476 -0.76972127263437229
cstype bezier
deg 1
curv2 4553 4554 4555 4556 4557 4558 4559 4560 4561 4562 4563 4564 4565 4566 4567 4568 4569 4570 4571 4572 4573 4574 4575 4576 4577 4578 4579 4580 4581 4582 4583 4584 4553
parm u 0 0.83057750713824863 1.6611550142764973 2.4917325214147459 3.3223100285529945 4.1528875356912431 4.9834650428294918 5.8140425499677404 6.644620057105989 7.4751975642442376 8.3057750713824863 9.1363525785207358 9.9669300856589835 10.797507592797231 11.628085099935481 12.45866260707373 13.289240114211978 14.119817621350226 14.950395128488475 15.780972635626725 16.611550142764973 17.44212764990322 18.272705157041472 19.103282664179719 19.933860171317967 20.764437678456215 21.595015185594463 22.425592692732714 23.256170199870962 24.086747707009209 24.917325214147461 25.747902721285708 26.578480228423956
end
# - hole loop
vp 0.30016816712680683 0.650933068399838
vp 0.41360273820559079 0.58544646471008022
vp 0.51869786890271452 0.49473963747457683
vp 0.60743633232517624 0.38057310764691582
vp 0.6725301332357928 0.24802824029238937
vp 0.70908300506197508 0.10495751533344291
vp 0.7157202660710974 -0.039487831388997571
vp 0.69468549656478029 -0.17671120212150951
vp 0.65093306839983001 -0.30016816712679883
vp 0.58544646471007444 -0.41360273820558768
vp 0.49473963747457278 -0.51869786890271596
vp 0.38057310764691299 -0.60743633232518146
vp 0.24802824029238704 -0.67253013323580091
vp 0.10495751533344032 -0.70908300506198474
vp -0.039487831389001124 -0.71572026607110739
vp -0.17671120212151459 -0.69468549656478928
vp -0.30016816712680594 -0.65093306839983711
vp -0.41360273820558935 -0.58544646471008277
vp -0.51869786890271297 -0.49473963747458227
vp -0.60743633232517502 -0.38057310764692315
vp -0.67253013323579258 -0.24802824029239745
vp -0.7090830050619763 -0.10495751533345048
vp -0.7157202660711004 0.039487831388991645
vp -0.69468549656478529 0.17671120212150618
vp -0.65093306839983711 0.30016816712679883
vp -0.58544646471008022 0.41360273820558435
vp -0.49473963747457722 0.51869786890271008
vp -0.3805731076469161 0.60743633232517402
vp -0.24802824029238885 0.6725301332357928
vp -0.10495751533344107 0.70908300506197741
vp 0.039487831389001186 0.71572026607110195
vp 0.1767112021215152 0.69468549656478673
cstype bezier
deg 1
curv2 4585 4586 4587 4588 4589 4590 4591 4592 4593 4594 4595 4596 4597 4598 4599 4600 4601 4602 4603 4604 4605 4606 4607 4608 4609 4610 4611 4612 4613 4614 4615 4616 4585
parm u 0 0.14074506948935789 0.28149013897871578 0.42223520846807366 0.56298027795743155 0.7037253474467895 0.84447041693614733 0.98521548642550516 1.1259605559148631 1.266705625404221 1.407450694893579 1.5481957643829367 1.6889408338722947 1.8296859033616526 1.9704309728510103 2.111176042340368 2.2519211118297262 2.3926661813190844 2.5334112508084421 2.6741563202977998 2.814901389787158 2.9556464592765157 3.0963915287658734 3.2371365982552316 3.3778816677445893 3.518626737233947 3.6593718067233052 3.8001168762126629 3.9408619457020206 4.0816070151913788 4.2223520846807361 4.3630971541700942 4.5038422236594524
end
v -47.947487981814682 9.8376299053113385 -284.37518327286205
v -53.960297563850062 9.8376299053113385 -281.62696856194054
v -45.199273270893215 9.8376299053113385 -278.36237369082664
v -51.212082852928596 9.8376299053113385 -275.61415897990514
cstype bspline
deg 1 1
surf -5.2876206352798505 5.2876206352798505 -5.2876206352798505 5.2876206352798505 1535 1536 1537 1538
parm u -5.2876206352798505 -5.2876206352798505 5.2876206352798505 5.2876206352798505
parm v -5.2876206352798505 -5.2876206352798505 5.2876206352798505 5.2876206352798505
trim 0 26.578480228423956 402
hole 0 4.5038422236594524 403
end
# - trim loop
vp 4.2300965082238804 0
vp 4.1594766054567476 0.76972127263437229
vp 3.9330942457116014 1.5570761456133617
vp 3.5405717894050786 2.3147500670605421
vp 2.9911299260386421 2.9911299260386421
vp 2.3147500670605421 3.5405717894050786
vp 1.5570761456133617 3.9330942457116014
vp 0.76972127263437251 4.1594766054567476
vp 0 4.2300965082238804
vp -0.76972127263437207 4.1594766054567476
vp -1.5570761456133613 3.9330942457116014
vp -2.3147500670605421 3.5405717894050786
vp -2.9911299260386421 2.9911299260386421
vp -3.5405717894050786 2.3147500670605421
vp -3.9330942457116014 1.5570761456133619
vp -4.1594766054567476 0.76972127263437262
vp -4.2300965082238804 0
vp -4.1594766054567476 -0.76972127263437196
vp -3.9330942457116014 -1.5570761456133613
vp -3.5405717894050786 -2.3147500670605421
vp -2.9911299260386426 -2.9911299260386421
vp -2.3147500670605425 -3.5405717894050786
vp -1.5570761456133622 -3.9330942457116014
vp -0.76972127263437307 -4.1594766054567476
vp 0 -4.2300965082238804
vp 0.76972127263437151 -4.1594766054567476
vp 1.5570761456133606 -3.9330942457116014
vp 2.3147500670605412 -3.5405717894050786
vp 2.9911299260386413 -2.9911299260386421
vp 3.5405717894050777 -2.3147500670605421
vp 3.9330942457116005 -1.5570761456133617
vp 4.1594766054567476 -0.76972127263437229
cstype bezier
deg 1
curv2 4617 4618 4619 4620 4621 4622 4623 4624 4625 4626 4627 4628 4629 4630 4631 4632 4633 4634 4635 4636 4637 4638 4639 4640 4641 4642 4643 4644 4645 4646 4647 4648 4617
parm u 0 0.83057750713824863 1.6611550142764973 2.4917325214147459 3.3223100285529945 4.1528875356912431 4.9834650428294918 5.8140425499677404 6.644620057105989 7.4751975642442376 8.3057750713824863 9.1363525785207358 9.9669300856589835 10.797507592797231 11.628085099935481 12.45866260707373 13.289240114211978 14.119817621350226 14.950395128488475 15.780972635626725 16.611550142764973 17.44212764990322 18.272705157041472 19.103282664179719 19.933860171317967 20.764437678456215 21.595015185594463 22.425592692732714 23.256170199870962 24.086747707009209 24.917325214147461 25.747902721285708 26.578480228423956
end
v -47.947487981814682 10.150204047933032 -284.37518327286205
v -53.960297563850062 10.150204047933032 -281.62696856194054
v -45.199273270893215 10.150204047933032 -278.36237369082664
v -51.212082852928596 10.150204047933032 -275.61415897990514
cstype bspline
deg 1 1
surf -5.2876206352798505 5.2876206352798505 -5.2876206352798505 5.2876206352798505 1539 1540 1541 1542
parm u -5.2876206352798505 -5.2876206352798505 5.2876206352798505 5.2876206352798505
parm v -5.2876206352798505 -5.2876206352798505 5.2876206352798505 5.2876206352798505
trim 0 26.578480228423956 404
end
# - trim loop
vp 4.5038422236594524 0.49999999999999972
vp 4.5038422236594524 8.2982877820565957
cstype bezier
deg 1
curv2 4649 4650
parm u 0.49999999999999978 8.2982877820565957
end
vp 4.5038422236594524 8.2982877820565957
vp 0 8.2982877820565957
cstype bezier
deg 1
curv2 4651 4652
parm u 0 4.5038422236594524
end
vp 0 8.2982877820565957
vp 0 0.50000000000000089
cstype bezier
deg 1
curv2 4653 4654
parm u 0 7.7982877820565948
end
vp 0 0.50000000000000089
vp 4.5038422236594524 0.49999999999999972
cstype bezier
deg 1
curv2 4655 4656
parm u 0 4.5038422236594524
end
v -49.581293675832349 10.150204047933032 -279.54656190198426 1
v -50.02940290023168 10.15020404793303 -279.5480701604449 0.70710678118654757
v -50.027894641770985 10.150204047933032 -279.9961793848443 1
v -50.026386383310268 10.15020404793303 -280.4442886092436 0.70710678118654757
v -49.578277158910929 10.150204047933032 -280.4427803507829 1
v -49.130167934511583 10.15020404793303 -280.44127209232215 0.70710678118654757
v -49.131676192972293 10.150204047933032 -279.9931628679229 1
v -49.13318445143301 10.15020404793303 -279.5450536435235 0.70710678118654757
v -49.581293675832349 10.150204047933032 -279.54656190198426 1
v -49.581293675832349 4.9625436705241945 -279.54656190198426 1
v -50.02940290023168 4.9625436705241945 -279.5480701604449 0.70710678118654757
v -50.027894641770985 4.9625436705241945 -279.9961793848443 1
v -50.026386383310268 4.9625436705241945 -280.4442886092436 0.70710678118654757
v -49.578277158910929 4.9625436705241945 -280.4427803507829 1
v -49.130167934511583 4.9625436705241945 -280.44127209232215 0.70710678118654757
v -49.131676192972293 4.9625436705241945 -279.9931628679229 1
v -49.13318445143301 4.9625436705241945 -279.5450536435235 0.70710678118654757
v -49.581293675832349 4.9625436705241945 -279.54656190198426 1
cstype rat bspline
deg 2 1
surf 0 4.5038422236594524 0 8.2982877820565957 1543 1544 1545 1546 1547 1548 1549 1550 1551 1552 1553 1554 1555 1556 1557 1558 1559 1560
parm u 0 0 0 1.1259605559148631 1.1259605559148631 2.2519211118297262 2.2519211118297262 3.3778816677445893 3.3778816677445893 4.5038422236594524 4.5038422236594524 4.5038422236594524
parm v 0 0 8.2982877820565957 8.2982877820565957
trim 0.49999999999999978 8.2982877820565957 405 0 4.5038422236594524 406 0 7.7982877820565948 407 0 4.5038422236594524 408
end
usemtl diffuse_170_230_123_255
# - trim loop
vp 0.71680875280139555 0
vp 0.70484189475760139 0.13043270865548445
vp 0.66648039245388924 0.26385350967383803
vp 0.59996570849700792 0.3922447408447633
vp 0.50686032991973851 0.50686032991973851
vp 0.3922447408447633 0.59996570849700792
vp 0.26385350967383808 0.66648039245388924
vp 0.13043270865548445 0.70484189475760139
vp 0 0.71680875280139555
vp -0.13043270865548437 0.70484189475760151
vp -0.26385350967383792 0.66648039245388946
vp -0.39224474084476318 0.59996570849700803
vp -0.50686032991973839 0.50686032991973851
vp -0.59996570849700792 0.39224474084476335
vp -0.66648039245388924 0.26385350967383808
vp -0.70484189475760139 0.13043270865548454
vp -0.71680875280139555 0
vp -0.70484189475760151 -0.13043270865548434
vp -0.66648039245388946 -0.26385350967383792
vp -0.59996570849700803 -0.39224474084476318
vp -0.50686032991973851 -0.50686032991973839
vp -0.39224474084476335 -0.59996570849700792
vp -0.26385350967383808 -0.66648039245388924
vp -0.13043270865548454 -0.70484189475760139
vp 0 -0.71680875280139555
vp 0.13043270865548429 -0.70484189475760139
vp 0.2638535096738378 -0.66648039245388924
vp 0.39224474084476307 -0.59996570849700792
vp 0.50686032991973828 -0.50686032991973851
vp 0.59996570849700781 -0.3922447408447633
vp 0.66648039245388913 -0.26385350967383803
vp 0.70484189475760139 -0.13043270865548445
cstype bezier
deg 1
curv2 4657 4658 4659 4660 4661 4662 4663 4664 4665 4666 4667 4668 4669 4670 4671 4672 4673 4674 4675 4676 4677 4678 4679 4680 4681 4682 4683 4684 4685 4686 4687 4688 4657
parm u 0 0.14074506948935789 0.28149013897871578 0.42223520846807366 0.56298027795743155 0.7037253474467895 0.84447041693614733 0.98521548642550516 1.1259605559148631 1.266705625404221 1.407450694893579 1.5481957643829367 1.6889408338722947 1.8296859033616526 1.9704309728510103 2.111176042340368 2.2519211118297262 2.3926661813190844 2.5334112508084421 2.6741563202977998 2.814901389787158 2.9556464592765157 3.0963915287658734 3.2371365982552316 3.3778816677445893 3.518626737233947 3.6593718067233052 3.8001168762126629 3.9408619457020206 4.0816070151913788 4.2223520846807361 4.3630971541700942 4.5038422236594524
end
v -47.459661924064463 4.9625436705241945 -269.02220132115667
v -47.463432570216241 4.9625436705241945 -267.90192826015834
v -48.57993498506282 4.9625436705241945 -269.02597196730846
v -48.583705631214599 4.9625436705241945 -267.90569890631014
cstype bspline
deg 1 1
surf -0.8960109410017445 0.8960109410017445 -0.8960109410017445 0.8960109410017445 1561 1562 1563 1564
parm u -0.8960109410017445 -0.8960109410017445 0.8960109410017445 0.8960109410017445
parm v -0.8960109410017445 -0.8960109410017445 0.8960109410017445 0.8960109410017445
trim 0 4.5038422236594524 409
end
# - trim loop
vp 0 0
vp 26.578480228423956 0
cstype bezier
deg 1
curv2 4689 4690
parm u 0 26.578480228423956
end
vp 26.578480228423956 0
vp 26.578480228423956 0.5
cstype bezier
deg 1
curv2 4691 4692
parm u 0 0.5
end
vp 26.578480228423956 0.5
vp 0 0.5
cstype bezier
deg 1
curv2 4693 4694
parm u 0 26.578480228423956
end
vp 0 0.5
vp 0 0
cstype bezier
deg 1
curv2 4695 4696
parm u 0 0.5
end
v -50.426807610453686 9.8376299053113385 -267.36466422936485 1
v -49.327521726085095 9.8376299053113367 -264.9595403965506 0.70710678118654757
v -46.922397893270947 9.8376299053113385 -266.0588262809193 1
v -44.517274060456792 9.8376299053113367 -267.15811216528783 0.70710678118654757
v -45.616559944825376 9.8376299053113385 -269.563235998102 1
v -46.715845829193974 9.8376299053113367 -271.9683598309161 0.70710678118654757
v -49.120969662008122 9.8376299053113385 -270.86907394654753 1
v -51.52609349482227 9.8376299053113367 -269.7697880621789 0.70710678118654757
v -50.426807610453686 9.8376299053113385 -267.36466422936485 1
v -50.426807610453686 10.150204047933032 -267.36466422936485 1
v -49.327521726085095 10.15020404793303 -264.9595403965506 0.70710678118654757
v -46.922397893270947 10.150204047933032 -266.0588262809193 1
v -44.517274060456792 10.15020404793303 -267.15811216528783 0.70710678118654757
v -45.616559944825376 10.150204047933032 -269.563235998102 1
v -46.715845829193974 10.15020404793303 -271.9683598309161 0.70710678118654757
v -49.120969662008122 10.150204047933032 -270.86907394654753 1
v -51.52609349482227 10.15020404793303 -269.7697880621789 0.70710678118654757
v -50.426807610453686 10.150204047933032 -267.36466422936485 1
cstype rat bspline
deg 2 1
surf 0 26.578480228423956 0 0.5 1565 1566 1567 1568 1569 1570 1571 1572 1573 1574 1575 1576 1577 1578 1579 1580 1581 1582
parm u 0 0 0 6.644620057105989 6.644620057105989 13.289240114211978 13.289240114211978 19.933860171317967 19.933860171317967 26.578480228423956 26.578480228423956 26.578480228423956
parm v 0 0 0.5 0.5
trim 0 26.578480228423956 410 0 0.5 411 0 26.578480228423956 412 0 0.5 413
end
# - trim loop
vp 4.2300965082238804 0
vp 4.1594766054567476 0.76972127263437229
vp 3.9330942457116014 1.5570761456133617
vp 3.5405717894050786 2.3147500670605421
vp 2.9911299260386421 2.9911299260386421
vp 2.3147500670605421 3.5405717894050786
vp 1.5570761456133617 3.9330942457116014
vp 0.76972127263437251 4.1594766054567476
vp 0 4.2300965082238804
vp -0.76972127263437207 4.1594766054567476
vp -1.5570761456133613 3.9330942457116014
vp -2.3147500670605421 3.5405717894050786
vp -2.9911299260386421 2.9911299260386421
vp -3.5405717894050786 2.3147500670605421
vp -3.9330942457116014 1.5570761456133619
vp -4.1594766054567476 0.76972127263437262
vp -4.2300965082238804 0
vp -4.1594766054567476 -0.76972127263437196
vp -3.9330942457116014 -1.5570761456133613
vp -3.5405717894050786 -2.3147500670605421
vp -2.9911299260386426 -2.9911299260386421
vp -2.3147500670605425 -3.5405717894050786
vp -1.5570761456133622 -3.9330942457116014
vp -0.76972127263437307 -4.1594766054567476
vp 0 -4.2300965082238804
vp 0.76972127263437151 -4.1594766054567476
vp 1.5570761456133606 -3.9330942457116014
vp 2.3147500670605412 -3.5405717894050786
vp 2.9911299260386413 -2.9911299260386421
vp 3.5405717894050777 -2.3147500670605421
vp 3.9330942457116005 -1.5570761456133617
vp 4.1594766054567476 -0.76972127263437229
cstype bezier
deg 1
curv2 4697 4698 4699 4700 4701 4702 4703 4704 4705 4706 4707 4708 4709 4710 4711 4712 4713 4714 4715 4716 4717 4718 4719 4720 4721 4722 4723 4724 4725 4726 4727 4728 4697
parm u 0 0.83057750713824863 1.6611550142764973 2.4917325214147459 3.3223100285529945 4.1528875356912431 4.9834650428294918 5.8140425499677404 6.644620057105989 7.4751975642442376 8.3057750713824863 9.1363525785207358 9.9669300856589835 10.797507592797231 11.628085099935481 12.45866260707373 13.289240114211978 14.119817621350226 14.950395128488475 15.780972635626725 16.611550142764973 17.44212764990322 18.272705157041472 19.103282664179719 19.933860171317967 20.764437678456215 21.595015185594463 22.425592692732714 23.256170199870962 24.086747707009209 24.917325214147461 25.747902721285708 26.578480228423956
end
# - hole loop
vp 0.30016816712680683 0.650933068399838
vp 0.41360273820559079 0.58544646471008022
vp 0.51869786890271452 0.49473963747457683
vp 0.60743633232517624 0.38057310764691582
vp 0.6725301332357928 0.24802824029238937
vp 0.70908300506197508 0.10495751533344291
vp 0.7157202660710974 -0.039487831388997571
vp 0.69468549656478029 -0.17671120212150951
vp 0.65093306839983001 -0.30016816712679883
vp 0.58544646471007444 -0.41360273820558768
vp 0.49473963747457278 -0.51869786890271596
vp 0.38057310764691299 -0.60743633232518146
vp 0.24802824029238704 -0.67253013323580091
vp 0.10495751533344032 -0.70908300506198474
vp -0.039487831389001124 -0.71572026607110739
vp -0.17671120212151459 -0.69468549656478928
vp -0.30016816712680594 -0.65093306839983711
vp -0.41360273820558935 -0.58544646471008277
vp -0.51869786890271297 -0.49473963747458227
vp -0.60743633232517502 -0.38057310764692315
vp -0.67253013323579258 -0.24802824029239745
vp -0.7090830050619763 -0.10495751533345048
vp -0.7157202660711004 0.039487831388991645
vp -0.69468549656478529 0.17671120212150618
vp -0.65093306839983711 0.30016816712679883
vp -0.58544646471008022 0.41360273820558435
vp -0.49473963747457722 0.51869786890271008
vp -0.3805731076469161 0.60743633232517402
vp -0.24802824029238885 0.6725301332357928
vp -0.10495751533344107 0.70908300506197741
vp 0.039487831389001186 0.71572026607110195
vp 0.1767112021215152 0.69468549656478673
cstype bezier
deg 1
curv2 4729 4730 4731 4732 4733 4734 4735 4736 4737 4738 4739 4740 4741 4742 4743 4744 4745 4746 4747 4748 4749 4750 4751 4752 4753 4754 4755 4756 4757 4758 4759 4760 4729
parm u 0 0.14074506948935789 0.28149013897871578 0.42223520846807366 0.56298027795743155 0.7037253474467895 0.84447041693614733 0.98521548642550516 1.1259605559148631 1.266705625404221 1.407450694893579 1.5481957643829367 1.6889408338722947 1.8296859033616526 1.9704309728510103 2.111176042340368 2.2519211118297262 2.3926661813190844 2.5334112508084421 2.6741563202977998 2.814901389787158 2.9556464592765157 3.0963915287658734 3.2371365982552316 3.3778816677445893 3.518626737233947 3.6593718067233052 3.8001168762126629 3.9408619457020206 4.0816070151913788 4.2223520846807361 4.3630971541700942 4.5038422236594524
end
v -46.389386342082574 9.8376299053113385 -272.84446226021186
v -52.402195924117954 9.8376299053113385 -270.09624754929035
v -43.641171631161107 9.8376299053113385 -266.83165267817645
v -49.653981213196488 9.8376299053113385 -264.08343796725495
cstype bspline
deg 1 1
surf -5.2876206352798505 5.2876206352798505 -5.2876206352798505 5.2876206352798505 1583 1584 1585 1586
parm u -5.2876206352798505 -5.2876206352798505 5.2876206352798505 5.2876206352798505
parm v -5.2876206352798505 -5.2876206352798505 5.2876206352798505 5.2876206352798505
trim 0 26.578480228423956 414
hole 0 4.5038422236594524 415
end
# - trim loop
vp 4.2300965082238804 0
vp 4.1594766054567476 0.76972127263437229
vp 3.9330942457116014 1.5570761456133617
vp 3.5405717894050786 2.3147500670605421
vp 2.9911299260386421 2.9911299260386421
vp 2.3147500670605421 3.5405717894050786
vp 1.5570761456133617 3.9330942457116014
vp 0.76972127263437251 4.1594766054567476
vp 0 4.2300965082238804
vp -0.76972127263437207 4.1594766054567476
vp -1.5570761456133613 3.9330942457116014
vp -2.3147500670605421 3.5405717894050786
vp -2.9911299260386421 2.9911299260386421
vp -3.5405717894050786 2.3147500670605421
vp -3.9330942457116014 1.5570761456133619
vp -4.1594766054567476 0.76972127263437262
vp -4.2300965082238804 0
vp -4.1594766054567476 -0.76972127263437196
vp -3.9330942457116014 -1.5570761456133613
vp -3.5405717894050786 -2.3147500670605421
vp -2.9911299260386426 -2.9911299260386421
vp -2.3147500670605425 -3.5405717894050786
vp -1.5570761456133622 -3.9330942457116014
vp -0.76972127263437307 -4.1594766054567476
vp 0 -4.2300965082238804
vp 0.76972127263437151 -4.1594766054567476
vp 1.5570761456133606 -3.9330942457116014
vp 2.3147500670605412 -3.5405717894050786
vp 2.9911299260386413 -2.9911299260386421
vp 3.5405717894050777 -2.3147500670605421
vp 3.9330942457116005 -1.5570761456133617
vp 4.1594766054567476 -0.76972127263437229
cstype bezier
deg 1
curv2 4761 4762 4763 4764 4765 4766 4767 4768 4769 4770 4771 4772 4773 4774 4775 4776 4777 4778 4779 4780 4781 4782 4783 4784 4785 4786 4787 4788 4789 4790 4791 4792 4761
parm u 0 0.83057750713824863 1.6611550142764973 2.4917325214147459 3.3223100285529945 4.1528875356912431 4.9834650428294918 5.8140425499677404 6.644620057105989 7.4751975642442376 8.3057750713824863 9.1363525785207358 9.9669300856589835 10.797507592797231 11.628085099935481 12.45866260707373 13.289240114211978 14.119817621350226 14.950395128488475 15.780972635626725 16.611550142764973 17.44212764990322 18.272705157041472 19.103282664179719 19.933860171317967 20.764437678456215 21.595015185594463 22.425592692732714 23.256170199870962 24.086747707009209 24.917325214147461 25.747902721285708 26.578480228423956
end
v -46.389386342082574 10.150204047933032 -272.84446226021186
v -52.402195924117954 10.150204047933032 -270.09624754929035
v -43.641171631161107 10.150204047933032 -266.83165267817645
v -49.653981213196488 10.150204047933032 -264.08343796725495
cstype bspline
deg 1 1
surf -5.2876206352798505 5.2876206352798505 -5.2876206352798505 5.2876206352798505 1587 1588 1589 1590
parm u -5.2876206352798505 -5.2876206352798505 5.2876206352798505 5.2876206352798505
parm v -5.2876206352798505 -5.2876206352798505 5.2876206352798505 5.2876206352798505
trim 0 26.578480228423956 416
end
# - trim loop
vp 4.5038422236594524 0.49999999999999972
vp 4.5038422236594524 8.2982877820565957
cstype bezier
deg 1
curv2 4793 4794
parm u 0.49999999999999978 8.2982877820565957
end
vp 4.5038422236594524 8.2982877820565957
vp 0 8.2982877820565957
cstype bezier
deg 1
curv2 4795 4796
parm u 0 4.5038422236594524
end
vp 0 8.2982877820565957
vp 0 0.50000000000000089
cstype bezier
deg 1
curv2 4797 4798
parm u 0 7.7982877820565948
end
vp 0 0.50000000000000089
vp 4.5038422236594524 0.49999999999999972
cstype bezier
deg 1
curv2 4799 4800
parm u 0 4.5038422236594524
end
v -48.023192036100241 10.150204047933032 -268.0158408893341 1
v -48.471301260499573 10.15020404793303 -268.01734914779473 0.70710678118654757
v -48.469793002038877 10.150204047933032 -268.4654583721941 1
v -48.46828474357816 10.15020404793303 -268.9135675965934 0.70710678118654757
v -48.020175519178821 10.150204047933032 -268.91205933813274 1
v -47.572066294779475 10.15020404793303 -268.91055107967196 0.70710678118654757
v -47.573574553240185 10.150204047933032 -268.4624418552727 1
v -47.575082811700902 10.15020404793303 -268.0143326308733 0.70710678118654757
v -48.023192036100241 10.150204047933032 -268.0158408893341 1
v -48.023192036100241 4.9625436705241945 -268.0158408893341 1
v -48.471301260499573 4.9625436705241945 -268.01734914779473 0.70710678118654757
v -48.469793002038877 4.9625436705241945 -268.4654583721941 1
v -48.46828474357816 4.9625436705241945 -268.9135675965934 0.70710678118654757
v -48.020175519178821 4.9625436705241945 -268.91205933813274 1
v -47.572066294779475 4.9625436705241945 -268.91055107967196 0.70710678118654757
v -47.573574553240185 4.9625436705241945 -268.4624418552727 1
v -47.575082811700902 4.9625436705241945 -268.0143326308733 0.70710678118654757
v -48.023192036100241 4.9625436705241945 -268.0158408893341 1
cstype rat bspline
deg 2 1
surf 0 4.5038422236594524 0 8.2982877820565957 1591 1592 1593 1594 1595 1596 1597 1598 1599 1600 1601 1602 1603 1604 1605 1606 1607 1608
parm u 0 0 0 1.1259605559148631 1.1259605559148631 2.2519211118297262 2.2519211118297262 3.3778816677445893 3.3778816677445893 4.5038422236594524 4.5038422236594524 4.5038422236594524
parm v 0 0 8.2982877820565957 8.2982877820565957
trim 0.49999999999999978 8.2982877820565957 417 0 4.5038422236594524 418 0 7.7982877820565948 419 0 4.5038422236594524 420
end
usemtl diffuse_170_230_123_255
# - trim loop
vp 0.71680875280139555 0
vp 0.70484189475760139 0.13043270865548445
vp 0.66648039245388924 0.26385350967383803
vp 0.59996570849700792 0.3922447408447633
vp 0.50686032991973851 0.50686032991973851
vp 0.3922447408447633 0.59996570849700792
vp 0.26385350967383808 0.66648039245388924
vp 0.13043270865548445 0.70484189475760139
vp 0 0.71680875280139555
vp -0.13043270865548437 0.70484189475760151
vp -0.26385350967383792 0.66648039245388946
vp -0.39224474084476318 0.59996570849700803
vp -0.50686032991973839 0.50686032991973851
vp -0.59996570849700792 0.39224474084476335
vp -0.66648039245388924 0.26385350967383808
vp -0.70484189475760139 0.13043270865548454
vp -0.71680875280139555 0
vp -0.70484189475760151 -0.13043270865548434
vp -0.66648039245388946 -0.26385350967383792
vp -0.59996570849700803 -0.39224474084476318
vp -0.50686032991973851 -0.50686032991973839
vp -0.39224474084476335 -0.59996570849700792
vp -0.26385350967383808 -0.66648039245388924
vp -0.13043270865548454 -0.70484189475760139
vp 0 -0.71680875280139555
vp 0.13043270865548429 -0.70484189475760139
vp 0.2638535096738378 -0.66648039245388924
vp 0.39224474084476307 -0.59996570849700792
vp 0.50686032991973828 -0.50686032991973851
vp 0.59996570849700781 -0.3922447408447633
vp 0.66648039245388913 -0.26385350967383803
vp 0.70484189475760139 -0.13043270865548445
cstype bezier
deg 1
curv2 4801 4802 4803 4804 4805 4806 4807 4808 4809 4810 4811 4812 4813 4814 4815 4816 4817 4818 4819 4820 4821 4822 4823 4824 4825 4826 4827 4828 4829 4830 4831 4832 4801
parm u 0 0.14074506948935789 0.28149013897871578 0.42223520846807366 0.56298027795743155 0.7037253474467895 0.84447041693614733 0.98521548642550516 1.1259605559148631 1.266705625404221 1.407450694893579 1.5481957643829367 1.6889408338722947 1.8296859033616526 1.9704309728510103 2.111176042340368 2.2519211118297262 2.3926661813190844 2.5334112508084421 2.6741563202977998 2.814901389787158 2.9556464592765157 3.0963915287658734 3.2371365982552316 3.3778816677445893 3.518626737233947 3.6593718067233052 3.8001168762126629 3.9408619457020206 4.0816070151913788 4.2223520846807361 4.3630971541700942 4.5038422236594524
end
v -44.665531840451969 4.9625436705241945 -258.50017840819481
v -44.669302486603748 4.9625436705241945 -257.37990534719648
v -45.785804901450327 4.9625436705241945 -258.50394905434661
v -45.789575547602105 4.9625436705241945 -257.38367599334828
cstype bspline
deg 1 1
surf -0.8960109410017445 0.8960109410017445 -0.8960109410017445 0.8960109410017445 1609 1610 1611 1612
parm u -0.8960109410017445 -0.8960109410017445 0.8960109410017445 0.8960109410017445
parm v -0.8960109410017445 -0.8960109410017445 0.8960109410017445 0.8960109410017445
trim 0 4.5038422236594524 421
end
# - trim loop
vp 0 0
vp 26.578480228423956 0
cstype bezier
deg 1
curv2 4833 4834
parm u 0 26.578480228423956
end
vp 26.578480228423956 0
vp 26.578480228423956 0.5
cstype bezier
deg 1
curv2 4835 4836
parm u 0 0.5
end
vp 26.578480228423956 0.5
vp 0 0.5
cstype bezier
deg 1
curv2 4837 4838
parm u 0 26.578480228423956
end
vp 0 0.5
vp 0 0
cstype bezier
deg 1
curv2 4839 4840
parm u 0 0.5
end
v -47.632677526841192 9.8376299053113385 -256.842641316403 1
v -46.533391642472601 9.8376299053113367 -254.43751748358878 0.70710678118654757
v -44.128267809658453 9.8376299053113385 -255.53680336795742 1
v -41.723143976844298 9.8376299053113367 -256.636089252326 0.70710678118654757
v -42.822429861212882 9.8376299053113385 -259.04121308514016 1
v -43.921715745581473 9.8376299053113367 -261.4463369179543 0.70710678118654757
v -46.326839578395628 9.8376299053113385 -260.34705103358567 1
v -48.731963411209776 9.8376299053113367 -259.24776514921706 0.70710678118654757
v -47.632677526841192 9.8376299053113385 -256.842641316403 1
v -47.632677526841192 10.150204047933032 -256.842641316403 1
v -46.533391642472601 10.15020404793303 -254.43751748358878 0.70710678118654757
v -44.128267809658453 10.150204047933032 -255.53680336795742 1
v -41.723143976844298 10.15020404793303 -256.636089252326 0.70710678118654757
v -42.822429861212882 10.150204047933032 -259.04121308514016 1
v -43.921715745581473 10.15020404793303 -261.4463369179543 0.70710678118654757
v -46.326839578395628 10.150204047933032 -260.34705103358567 1
v -48.731963411209776 10.15020404793303 -259.24776514921706 0.70710678118654757
v -47.632677526841192 10.150204047933032 -256.842641316403 1
cstype rat bspline
deg 2 1
surf 0 26.578480228423956 0 0.5 1613 1614 1615 1616 1617 1618 1619 1620 1621 1622 1623 1624 1625 1626 1627 1628 1629 1630
parm u 0 0 0 6.644620057105989 6.644620057105989 13.289240114211978 13.289240114211978 19.933860171317967 19.933860171317967 26.578480228423956 26.578480228423956 26.578480228423956
parm v 0 0 0.5 0.5
trim 0 26.578480228423956 422 0 0.5 423 0 26.578480228423956 424 0 0.5 425
end
# - trim loop
vp 4.2300965082238804 0
vp 4.1594766054567476 0.76972127263437229
vp 3.9330942457116014 1.5570761456133617
vp 3.5405717894050786 2.3147500670605421
vp 2.9911299260386421 2.9911299260386421
vp 2.3147500670605421 3.5405717894050786
vp 1.5570761456133617 3.9330942457116014
vp 0.76972127263437251 4.1594766054567476
vp 0 4.2300965082238804
vp -0.76972127263437207 4.1594766054567476
vp -1.5570761456133613 3.9330942457116014
vp -2.3147500670605421 3.5405717894050786
vp -2.9911299260386421 2.9911299260386421
vp -3.5405717894050786 2.3147500670605421
vp -3.9330942457116014 1.5570761456133619
vp -4.1594766054567476 0.76972127263437262
vp -4.2300965082238804 0
vp -4.1594766054567476 -0.76972127263437196
vp -3.9330942457116014 -1.5570761456133613
vp -3.5405717894050786 -2.3147500670605421
vp -2.9911299260386426 -2.9911299260386421
vp -2.3147500670605425 -3.5405717894050786
vp -1.5570761456133622 -3.9330942457116014
vp -0.76972127263437307 -4.1594766054567476
vp 0 -4.2300965082238804
vp 0.76972127263437151 -4.1594766054567476
vp 1.5570761456133606 -3.9330942457116014
vp 2.3147500670605412 -3.5405717894050786
vp 2.9911299260386413 -2.9911299260386421
vp 3.5405717894050777 -2.3147500670605421
vp 3.9330942457116005 -1.5570761456133617
vp 4.1594766054567476 -0.76972127263437229
cstype bezier
deg 1
curv2 4841 4842 4843 4844 4845 4846 4847 4848 4849 4850 4851 4852 4853 4854 4855 4856 4857 4858 4859 4860 4861 4862 4863 4864 4865 4866 4867 4868 4869 4870 4871 4872 4841
parm u 0 0.83057750713824863 1.6611550142764973 2.4917325214147459 3.3223100285529945 4.1528875356912431 4.9834650428294918 5.8140425499677404 6.644620057105989 7.4751975642442376 8.3057750713824863 9.1363525785207358 9.9669300856589835 10.797507592797231 11.628085099935481 12.45866260707373 13.289240114211978 14.119817621350226 14.950395128488475 15.780972635626725 16.611550142764973 17.44212764990322 18.272705157041472 19.103282664179719 19.933860171317967 20.764437678456215 21.595015185594463 22.425592692732714 23.256170199870962 24.086747707009209 24.917325214147461 25.747902721285708 26.578480228423956
end
# - hole loop
vp 0.30016816712680683 0.650933068399838
vp 0.41360273820559079 0.58544646471008022
vp 0.51869786890271452 0.49473963747457683
vp 0.60743633232517624 0.38057310764691582
vp 0.6725301332357928 0.24802824029238937
vp 0.70908300506197508 0.10495751533344291
vp 0.7157202660710974 -0.039487831388997571
vp 0.69468549656478029 -0.17671120212150951
vp 0.65093306839983001 -0.30016816712679883
vp 0.58544646471007444 -0.41360273820558768
vp 0.49473963747457278 -0.51869786890271596
vp 0.38057310764691299 -0.60743633232518146
vp 0.24802824029238704 -0.67253013323580091
vp 0.10495751533344032 -0.70908300506198474
vp -0.039487831389001124 -0.71572026607110739
vp -0.17671120212151459 -0.69468549656478928
vp -0.30016816712680594 -0.65093306839983711
vp -0.41360273820558935 -0.58544646471008277
vp -0.51869786890271297 -0.49473963747458227
vp -0.60743633232517502 -0.38057310764692315
vp -0.67253013323579258 -0.24802824029239745
vp -0.7090830050619763 -0.10495751533345048
vp -0.7157202660711004 0.039487831388991645
vp -0.69468549656478529 0.17671120212150618
vp -0.65093306839983711 0.30016816712679883
vp -0.58544646471008022 0.41360273820558435
vp -0.49473963747457722 0.51869786890271008
vp -0.3805731076469161 0.60743633232517402
vp -0.24802824029238885 0.6725301332357928
vp -0.10495751533344107 0.70908300506197741
vp 0.039487831389001186 0.71572026607110195
vp 0.1767112021215152 0.69468549656478673
cstype bezier
deg 1
curv2 4873 4874 4875 4876 4877 4878 4879 4880 4881 4882 4883 4884 4885 4886 4887 4888 4889 4890 4891 4892 4893 4894 4895 4896 4897 4898 4899 4900 4901 4902 4903 4904 4873
parm u 0 0.14074506948935789 0.28149013897871578 0.42223520846807366 0.56298027795743155 0.7037253474467895 0.84447041693614733 0.98521548642550516 1.1259605559148631 1.266705625404221 1.407450694893579 1.5481957643829367 1.6889408338722947 1.8296859033616526 1.9704309728510103 2.111176042340368 2.2519211118297262 2.3926661813190844 2.5334112508084421 2.6741563202977998 2.814901389787158 2.9556464592765157 3.0963915287658734 3.2371365982552316 3.3778816677445893 3.518626737233947 3.6593718067233052 3.8001168762126629 3.9408619457020206 4.0816070151913788 4.2223520846807361 4.3630971541700942 4.5038422236594524
end
v -43.59525625847008 9.8376299053113385 -262.32243934725
v -49.608065840505461 9.8376299053113385 -259.57422463632849
v -40.847041547548613 9.8376299053113385 -256.30962976521459
v -46.859851129583994 9.8376299053113385 -253.56141505429312
cstype bspline
deg 1 1
surf -5.2876206352798505 5.2876206352798505 -5.2876206352798505 5.2876206352798505 1631 1632 1633 1634
parm u -5.2876206352798505 -5.2876206352798505 5.2876206352798505 5.2876206352798505
parm v -5.2876206352798505 -5.2876206352798505 5.2876206352798505 5.2876206352798505
trim 0 26.578480228423956 426
hole 0 4.5038422236594524 427
end
# - trim loop
vp 4.2300965082238804 0
vp 4.1594766054567476 0.76972127263437229
vp 3.9330942457116014 1.5570761456133617
vp 3.5405717894050786 2.3147500670605421
vp 2.9911299260386421 2.9911299260386421
vp 2.3147500670605421 3.5405717894050786
vp 1.5570761456133617 3.9330942457116014
vp 0.76972127263437251 4.1594766054567476
vp 0 4.2300965082238804
vp -0.76972127263437207 4.1594766054567476
vp -1.5570761456133613 3.9330942457116014
vp -2.3147500670605421 3.5405717894050786
vp -2.9911299260386421 2.9911299260386421
vp -3.5405717894050786 2.3147500670605421
vp -3.9330942457116014 1.5570761456133619
vp -4.1594766054567476 0.76972127263437262
vp -4.2300965082238804 0
vp -4.1594766054567476 -0.76972127263437196
vp -3.9330942457116014 -1.5570761456133613
vp -3.5405717894050786 -2.3147500670605421
vp -2.9911299260386426 -2.9911299260386421
vp -2.3147500670605425 -3.5405717894050786
vp -1.5570761456133622 -3.9330942457116014
vp -0.76972127263437307 -4.1594766054567476
vp 0 -4.2300965082238804
vp 0.76972127263437151 -4.1594766054567476
vp 1.5570761456133606 -3.9330942457116014
vp 2.3147500670605412 -3.5405717894050786
vp 2.9911299260386413 -2.9911299260386421
vp 3.5405717894050777 -2.3147500670605421
vp 3.9330942457116005 -1.5570761456133617
vp 4.1594766054567476 -0.76972127263437229
cstype bezier
deg 1
curv2 4905 4906 4907 4908 4909 4910 4911 4912 4913 4914 4915 4916 4917 4918 4919 4920 4921 4922 4923 4924 4925 4926 4927 4928 4929 4930 4931 4932 4933 4934 4935 4936 4905
parm u 0 0.83057750713824863 1.6611550142764973 2.4917325214147459 3.3223100285529945 4.1528875356912431 4.9834650428294918 5.8140425499677404 6.644620057105989 7.4751975642442376 8.3057750713824863 9.1363525785207358 9.9669300856589835 10.797507592797231 11.628085099935481 12.45866260707373 13.289240114211978 14.119817621350226 14.950395128488475 15.780972635626725 16.611550142764973 17.44212764990322 18.272705157041472 19.103282664179719 19.933860171317967 20.764437678456215 21.595015185594463 22.425592692732714 23.256170199870962 24.086747707009209 24.917325214147461 25.747902721285708 26.578480228423956
end
v -43.59525625847008 10.150204047933032 -262.32243934725
v -49.608065840505461 10.150204047933032 -259.57422463632849
v -40.847041547548613 10.150204047933032 -256.30962976521459
v -46.859851129583994 10.150204047933032 -253.56141505429312
cstype bspline
deg 1 1
surf -5.2876206352798505 5.2876206352798505 -5.2876206352798505 5.2876206352798505 1635 1636 1637 1638
parm u -5.2876206352798505 -5.2876206352798505 5.2876206352798505 5.2876206352798505
parm v -5.2876206352798505 -5.2876206352798505 5.2876206352798505 5.2876206352798505
trim 0 26.578480228423956 428
end
# - trim loop
vp 4.5038422236594524 0.49999999999999972
vp 4.5038422236594524 8.2982877820565957
cstype bezier
deg 1
curv2 4937 4938
parm u 0.49999999999999978 8.2982877820565957
end
vp 4.5038422236594524 8.2982877820565957
vp 0 8.2982877820565957
cstype bezier
deg 1
curv2 4939 4940
parm u 0 4.5038422236594524
end
vp 0 8.2982877820565957
vp 0 0.50000000000000089
cstype bezier
deg 1
curv2 4941 4942
parm u 0 7.7982877820565948
end
vp 0 0.50000000000000089
vp 4.5038422236594524 0.49999999999999972
cstype bezier
deg 1
curv2 4943 4944
parm u 0 4.5038422236594524
end
v -45.229061952487747 10.150204047933032 -257.4938179763722 1
v -45.677171176887086 10.15020404793303 -257.4953262348329 0.70710678118654757
v -45.675662918426383 10.150204047933032 -257.94343545923226 1
v -45.674154659965666 10.15020404793303 -258.3915446836316 0.70710678118654757
v -45.226045435566327 10.150204047933032 -258.3900364251709 1
v -44.777936211166981 10.15020404793303 -258.38852816671016 0.70710678118654757
v -44.779444469627691 10.150204047933032 -257.9404189423108 1
v -44.780952728088408 10.15020404793303 -257.49230971791144 0.70710678118654757
v -45.229061952487747 10.150204047933032 -257.4938179763722 1
v -45.229061952487747 4.9625436705241945 -257.4938179763722 1
v -45.677171176887086 4.9625436705241945 -257.4953262348329 0.70710678118654757
v -45.675662918426383 4.9625436705241945 -257.94343545923226 1
v -45.674154659965666 4.9625436705241945 -258.3915446836316 0.70710678118654757
v -45.226045435566327 4.9625436705241945 -258.3900364251709 1
v -44.777936211166981 4.9625436705241945 -258.38852816671016 0.70710678118654757
v -44.779444469627691 4.9625436705241945 -257.9404189423108 1
v -44.780952728088408 4.9625436705241945 -257.49230971791144 0.70710678118654757
v -45.229061952487747 4.9625436705241945 -257.4938179763722 1
cstype rat bspline
deg 2 1
surf 0 4.5038422236594524 0 8.2982877820565957 1639 1640 1641 1642 1643 1644 1645 1646 1647 1648 1649 1650 1651 1652 1653 1654 1655 1656
parm u 0 0 0 1.1259605559148631 1.1259605559148631 2.2519211118297262 2.2519211118297262 3.3778816677445893 3.3778816677445893 4.5038422236594524 4.5038422236594524 4.5038422236594524
parm v 0 0 8.2982877820565957 8.2982877820565957
trim 0.49999999999999978 8.2982877820565957 429 0 4.5038422236594524 430 0 7.7982877820565948 431 0 4.5038422236594524 432
end
usemtl diffuse_170_230_123_255
# - trim loop
vp 0.71680875280139555 0
vp 0.70484189475760139 0.13043270865548445
vp 0.66648039245388924 0.26385350967383803
vp 0.59996570849700792 0.3922447408447633
vp 0.50686032991973851 0.50686032991973851
vp 0.3922447408447633 0.59996570849700792
vp 0.26385350967383808 0.66648039245388924
vp 0.13043270865548445 0.70484189475760139
vp 0 0.71680875280139555
vp -0.13043270865548437 0.70484189475760151
vp -0.26385350967383792 0.66648039245388946
vp -0.39224474084476318 0.59996570849700803
vp -0.50686032991973839 0.50686032991973851
vp -0.59996570849700792 0.39224474084476335
vp -0.66648039245388924 0.26385350967383808
vp -0.70484189475760139 0.13043270865548454
vp -0.71680875280139555 0
vp -0.70484189475760151 -0.13043270865548434
vp -0.66648039245388946 -0.26385350967383792
vp -0.59996570849700803 -0.39224474084476318
vp -0.50686032991973851 -0.50686032991973839
vp -0.39224474084476335 -0.59996570849700792
vp -0.26385350967383808 -0.66648039245388924
vp -0.13043270865548454 -0.70484189475760139
vp 0 -0.71680875280139555
vp 0.13043270865548429 -0.70484189475760139
vp 0.2638535096738378 -0.66648039245388924
vp 0.39224474084476307 -0.59996570849700792
vp 0.50686032991973828 -0.50686032991973851
vp 0.59996570849700781 -0.3922447408447633
vp 0.66648039245388913 -0.26385350967383803
vp 0.70484189475760139 -0.13043270865548445
cstype bezier
deg 1
curv2 4945 4946 4947 4948 4949 4950 4951 4952 4953 4954 4955 4956 4957 4958 4959 4960 4961 4962 4963 4964 4965 4966 4967 4968 4969 4970 4971 4972 4973 4974 4975 4976 4945
parm u 0 0.14074506948935789 0.28149013897871578 0.42223520846807366 0.56298027795743155 0.7037253474467895 0.84447041693614733 0.98521548642550516 1.1259605559148631 1.266705625404221 1.407450694893579 1.5481957643829367 1.6889408338722947 1.8296859033616526 1.9704309728510103 2.111176042340368 2.2519211118297262 2.3926661813190844 2.5334112508084421 2.6741563202977998 2.814901389787158 2.9556464592765157 3.0963915287658734 3.2371365982552316 3.3778816677445893 3.518626737233947 3.6593718067233052 3.8001168762126629 3.9408619457020206 4.0816070151913788 4.2223520846807361 4.3630971541700942 4.5038422236594524
end
v -42.640873321293128 4.9625436705241945 -246.05689437496017
v -42.644643967444907 4.9625436705241945 -244.93662131396181
v -43.761146382291486 4.9625436705241945 -246.06066502111196
v -43.764917028443264 4.9625436705241945 -244.9403919601136
cstype bspline
deg 1 1
surf -0.8960109410017445 0.8960109410017445 -0.8960109410017445 0.8960109410017445 1657 1658 1659 1660
parm u -0.8960109410017445 -0.8960109410017445 0.8960109410017445 0.8960109410017445
parm v -0.8960109410017445 -0.8960109410017445 0.8960109410017445 0.8960109410017445
trim 0 4.5038422236594524 433
end
# - trim loop
vp 0 0
vp 26.578480228423956 0
cstype bezier
deg 1
curv2 4977 4978
parm u 0 26.578480228423956
end
vp 26.578480228423956 0
vp 26.578480228423956 0.5
cstype bezier
deg 1
curv2 4979 4980
parm u 0 0.5
end
vp 26.578480228423956 0.5
vp 0 0.5
cstype bezier
deg 1
curv2 4981 4982
parm u 0 26.578480228423956
end
vp 0 0.5
vp 0 0
cstype bezier
deg 1
curv2 4983 4984
parm u 0 0.5
end
v -45.608019007682351 9.8376299053113385 -244.3993572831683 1
v -44.50873312331376 9.8376299053113367 -241.9942334503541 0.70710678118654757
v -42.103609290499612 9.8376299053113385 -243.09351933472274 1
v -39.698485457685457 9.8376299053113367 -244.1928052190913 0.70710678118654757
v -40.797771342054041 9.8376299053113385 -246.59792905190548 1
v -41.897057226422632 9.8376299053113367 -249.00305288471958 0.70710678118654757
v -44.302181059236787 9.8376299053113385 -247.90376700035102 1
v -46.707304892050942 9.8376299053113367 -246.80448111598238 0.70710678118654757
v -45.608019007682351 9.8376299053113385 -244.3993572831683 1
v -45.608019007682351 10.150204047933032 -244.3993572831683 1
v -44.50873312331376 10.15020404793303 -241.9942334503541 0.70710678118654757
v -42.103609290499612 10.150204047933032 -243.09351933472274 1
v -39.698485457685457 10.15020404793303 -244.1928052190913 0.70710678118654757
v -40.797771342054041 10.150204047933032 -246.59792905190548 1
v -41.897057226422632 10.15020404793303 -249.00305288471958 0.70710678118654757
v -44.302181059236787 10.150204047933032 -247.90376700035102 1
v -46.707304892050942 10.15020404793303 -246.80448111598238 0.70710678118654757
v -45.608019007682351 10.150204047933032 -244.3993572831683 1
cstype rat bspline
deg 2 1
surf 0 26.578480228423956 0 0.5 1661 1662 1663 1664 1665 1666 1667 1668 1669 1670 1671 1672 1673 1674 1675 1676 1677 1678
parm u 0 0 0 6.644620057105989 6.644620057105989 13.289240114211978 13.289240114211978 19.933860171317967 19.933860171317967 26.578480228423956 26.578480228423956 26.578480228423956
parm v 0 0 0.5 0.5
trim 0 26.578480228423956 434 0 0.5 435 0 26.578480228423956 436 0 0.5 437
end
# - trim loop
vp 4.2300965082238804 0
vp 4.1594766054567476 0.76972127263437229
vp 3.9330942457116014 1.5570761456133617
vp 3.5405717894050786 2.3147500670605421
vp 2.9911299260386421 2.9911299260386421
vp 2.3147500670605421 3.5405717894050786
vp 1.5570761456133617 3.9330942457116014
vp 0.76972127263437251 4.1594766054567476
vp 0 4.2300965082238804
vp -0.76972127263437207 4.1594766054567476
vp -1.5570761456133613 3.9330942457116014
vp -2.3147500670605421 3.5405717894050786
vp -2.9911299260386421 2.9911299260386421
vp -3.5405717894050786 2.3147500670605421
vp -3.9330942457116014 1.5570761456133619
vp -4.1594766054567476 0.76972127263437262
vp -4.2300965082238804 0
vp -4.1594766054567476 -0.76972127263437196
vp -3.9330942457116014 -1.5570761456133613
vp -3.5405717894050786 -2.3147500670605421
vp -2.9911299260386426 -2.9911299260386421
vp -2.3147500670605425 -3.5405717894050786
vp -1.5570761456133622 -3.9330942457116014
vp -0.76972127263437307 -4.1594766054567476
vp 0 -4.2300965082238804
vp 0.76972127263437151 -4.1594766054567476
vp 1.5570761456133606 -3.9330942457116014
vp 2.3147500670605412 -3.5405717894050786
vp 2.9911299260386413 -2.9911299260386421
vp 3.5405717894050777 -2.3147500670605421
vp 3.9330942457116005 -1.5570761456133617
vp 4.1594766054567476 -0.76972127263437229
cstype bezier
deg 1
curv2 4985 4986 4987 4988 4989 4990 4991 4992 4993 4994 4995 4996 4997 4998 4999 5000 5001 5002 5003 5004 5005 5006 5007 5008 5009 5010 5011 5012 5013 5014 5015 5016 4985
parm u 0 0.83057750713824863 1.6611550142764973 2.4917325214147459 3.3223100285529945 4.1528875356912431 4.9834650428294918 5.8140425499677404 6.644620057105989 7.4751975642442376 8.3057750713824863 9.1363525785207358 9.9669300856589835 10.797507592797231 11.628085099935481 12.45866260707373 13.289240114211978 14.119817621350226 14.950395128488475 15.780972635626725 16.611550142764973 17.44212764990322 18.272705157041472 19.103282664179719 19.933860171317967 20.764437678456215 21.595015185594463 22.425592692732714 23.256170199870962 24.086747707009209 24.917325214147461 25.747902721285708 26.578480228423956
end
# - hole loop
vp 0.30016816712680683 0.650933068399838
vp 0.41360273820559079 0.58544646471008022
vp 0.51869786890271452 0.49473963747457683
vp 0.60743633232517624 0.38057310764691582
vp 0.6725301332357928 0.24802824029238937
vp 0.70908300506197508 0.10495751533344291
vp 0.7157202660710974 -0.039487831388997571
vp 0.69468549656478029 -0.17671120212150951
vp 0.65093306839983001 -0.30016816712679883
vp 0.58544646471007444 -0.41360273820558768
vp 0.49473963747457278 -0.51869786890271596
vp 0.38057310764691299 -0.60743633232518146
vp 0.24802824029238704 -0.67253013323580091
vp 0.10495751533344032 -0.70908300506198474
vp -0.039487831389001124 -0.71572026607110739
vp -0.17671120212151459 -0.69468549656478928
vp -0.30016816712680594 -0.65093306839983711
vp -0.41360273820558935 -0.58544646471008277
vp -0.51869786890271297 -0.49473963747458227
vp -0.60743633232517502 -0.38057310764692315
vp -0.67253013323579258 -0.24802824029239745
vp -0.7090830050619763 -0.10495751533345048
vp -0.7157202660711004 0.039487831388991645
vp -0.69468549656478529 0.17671120212150618
vp -0.65093306839983711 0.30016816712679883
vp -0.58544646471008022 0.41360273820558435
vp -0.49473963747457722 0.51869786890271008
vp -0.3805731076469161 0.60743633232517402
vp -0.24802824029238885 0.6725301332357928
vp -0.10495751533344107 0.70908300506197741
vp 0.039487831389001186 0.71572026607110195
vp 0.1767112021215152 0.69468549656478673
cstype bezier
deg 1
curv2 5017 5018 5019 5020 5021 5022 5023 5024 5025 5026 5027 5028 5029 5030 5031 5032 5033 5034 5035 5036 5037 5038 5039 5040 5041 5042 5043 5044 5045 5046 5047 5048 5017
parm u 0 0.14074506948935789 0.28149013897871578 0.42223520846807366 0.56298027795743155 0.7037253474467895 0.84447041693614733 0.98521548642550516 1.1259605559148631 1.266705625404221 1.407450694893579 1.5481957643829367 1.6889408338722947 1.8296859033616526 1.9704309728510103 2.111176042340368 2.2519211118297262 2.3926661813190844 2.5334112508084421 2.6741563202977998 2.814901389787158 2.9556464592765157 3.0963915287658734 3.2371365982552316 3.3778816677445893 3.518626737233947 3.6593718067233052 3.8001168762126629 3.9408619457020206 4.0816070151913788 4.2223520846807361 4.3630971541700942 4.5038422236594524
end
v -41.570597739311239 9.8376299053113385 -249.87915531401532
v -47.58340732134662 9.8376299053113385 -247.13094060309385
v -38.822383028389773 9.8376299053113385 -243.86634573197995
v -44.835192610425153 9.8376299053113385 -241.11813102105847
cstype bspline
deg 1 1
surf -5.2876206352798505 5.2876206352798505 -5.2876206352798505 5.2876206352798505 1679 1680 1681 1682
parm u -5.2876206352798505 -5.2876206352798505 5.2876206352798505 5.2876206352798505
parm v -5.2876206352798505 -5.2876206352798505 5.2876206352798505 5.2876206352798505
trim 0 26.578480228423956 438
hole 0 4.5038422236594524 439
end
# - trim loop
vp 4.2300965082238804 0
vp 4.1594766054567476 0.76972127263437229
vp 3.9330942457116014 1.5570761456133617
vp 3.5405717894050786 2.3147500670605421
vp 2.9911299260386421 2.9911299260386421
vp 2.3147500670605421 3.5405717894050786
vp 1.5570761456133617 3.9330942457116014
vp 0.76972127263437251 4.1594766054567476
vp 0 4.2300965082238804
vp -0.76972127263437207 4.1594766054567476
vp -1.5570761456133613 3.9330942457116014
vp -2.3147500670605421 3.5405717894050786
vp -2.9911299260386421 2.9911299260386421
vp -3.5405717894050786 2.3147500670605421
vp -3.9330942457116014 1.5570761456133619
vp -4.1594766054567476 0.76972127263437262
vp -4.2300965082238804 0
vp -4.1594766054567476 -0.76972127263437196
vp -3.9330942457116014 -1.5570761456133613
vp -3.5405717894050786 -2.3147500670605421
vp -2.9911299260386426 -2.9911299260386421
vp -2.3147500670605425 -3.5405717894050786
vp -1.5570761456133622 -3.9330942457116014
vp -0.76972127263437307 -4.1594766054567476
vp 0 -4.2300965082238804
vp 0.76972127263437151 -4.1594766054567476
vp 1.5570761456133606 -3.9330942457116014
vp 2.3147500670605412 -3.5405717894050786
vp 2.9911299260386413 -2.9911299260386421
vp 3.5405717894050777 -2.3147500670605421
vp 3.9330942457116005 -1.5570761456133617
vp 4.1594766054567476 -0.76972127263437229
cstype bezier
deg 1
curv2 5049 5050 5051 5052 5053 5054 5055 5056 5057 5058 5059 5060 5061 5062 5063 5064 5065 5066 5067 5068 5069 5070 5071 5072 5073 5074 5075 5076 5077 5078 5079 5080 5049
parm u 0 0.83057750713824863 1.6611550142764973 2.4917325214147459 3.3223100285529945 4.1528875356912431 4.9834650428294918 5.8140425499677404 6.644620057105989 7.4751975642442376 8.3057750713824863 9.1363525785207358 9.9669300856589835 10.797507592797231 11.628085099935481 12.45866260707373 13.289240114211978 14.119817621350226 14.950395128488475 15.780972635626725 16.611550142764973 17.44212764990322 18.272705157041472 19.103282664179719 19.933860171317967 20.764437678456215 21.595015185594463 22.425592692732714 23.256170199870962 24.086747707009209 24.917325214147461 25.747902721285708 26.578480228423956
end
v -41.570597739311239 10.150204047933032 -249.87915531401532
v -47.58340732134662 10.150204047933032 -247.13094060309385
v -38.822383028389773 10.150204047933032 -243.86634573197995
v -44.835192610425153 10.150204047933032 -241.11813102105847
cstype bspline
deg 1 1
surf -5.2876206352798505 5.2876206352798505 -5.2876206352798505 5.2876206352798505 1683 1684 1685 1686
parm u -5.2876206352798505 -5.2876206352798505 5.2876206352798505 5.2876206352798505
parm v -5.2876206352798505 -5.2876206352798505 5.2876206352798505 5.2876206352798505
trim 0 26.578480228423956 440
end
# - trim loop
vp 4.5038422236594524 0.49999999999999972
vp 4.5038422236594524 8.2982877820565957
cstype bezier
deg 1
curv2 5081 5082
parm u 0.49999999999999978 8.2982877820565957
end
vp 4.5038422236594524 8.2982877820565957
vp 0 8.2982877820565957
cstype bezier
deg 1
curv2 5083 5084
parm u 0 4.5038422236594524
end
vp 0 8.2982877820565957
vp 0 0.50000000000000089
cstype bezier
deg 1
curv2 5085 5086
parm u 0 7.7982877820565948
end
vp 0 0.50000000000000089
vp 4.5038422236594524 0.49999999999999972
cstype bezier
deg 1
curv2 5087 5088
parm u 0 4.5038422236594524
end
v -43.204403433328906 10.150204047933032 -245.05053394313754 1
v -43.652512657728245 10.15020404793303 -245.05204220159823 0.70710678118654757
v -43.651004399267542 10.150204047933032 -245.5001514259976 1
v -43.649496140806832 10.15020404793303 -245.9482606503969 0.70710678118654757
v -43.201386916407486 10.150204047933032 -245.9467523919362 1
v -42.75327769200814 10.15020404793303 -245.94524413347548 0.70710678118654757
v -42.75478595046885 10.150204047933032 -245.49713490907615 1
v -42.756294208929567 10.15020404793303 -245.0490256846768 0.70710678118654757
v -43.204403433328906 10.150204047933032 -245.05053394313754 1
v -43.204403433328906 4.9625436705241945 -245.05053394313754 1
v -43.652512657728245 4.9625436705241945 -245.05204220159823 0.70710678118654757
v -43.651004399267542 4.9625436705241945 -245.5001514259976 1
v -43.649496140806832 4.9625436705241945 -245.9482606503969 0.70710678118654757
v -43.201386916407486 4.9625436705241945 -245.9467523919362 1
v -42.75327769200814 4.9625436705241945 -245.94524413347548 0.70710678118654757
v -42.75478595046885 4.9625436705241945 -245.49713490907615 1
v -42.756294208929567 4.9625436705241945 -245.0490256846768 0.70710678118654757
v -43.204403433328906 4.9625436705241945 -245.05053394313754 1
cstype rat bspline
deg 2 1
surf 0 4.5038422236594524 0 8.2982877820565957 1687 1688 1689 1690 1691 1692 1693 1694 1695 1696 1697 1698 1699 1700 1701 1702 1703 1704
parm u 0 0 0 1.1259605559148631 1.1259605559148631 2.2519211118297262 2.2519211118297262 3.3778816677445893 3.3778816677445893 4.5038422236594524 4.5038422236594524 4.5038422236594524
parm v 0 0 8.2982877820565957 8.2982877820565957
trim 0.49999999999999978 8.2982877820565957 441 0 4.5038422236594524 442 0 7.7982877820565948 443 0 4.5038422236594524 444
end
usemtl diffuse_170_230_123_255
# - trim loop
vp 0.71680875280139555 0
vp 0.70484189475760139 0.13043270865548445
vp 0.66648039245388924 0.26385350967383803
vp 0.59996570849700792 0.3922447408447633
vp 0.50686032991973851 0.50686032991973851
vp 0.3922447408447633 0.59996570849700792
vp 0.26385350967383808 0.66648039245388924
vp 0.13043270865548445 0.70484189475760139
vp 0 0.71680875280139555
vp -0.13043270865548437 0.70484189475760151
vp -0.26385350967383792 0.66648039245388946
vp -0.39224474084476318 0.59996570849700803
vp -0.50686032991973839 0.50686032991973851
vp -0.59996570849700792 0.39224474084476335
vp -0.66648039245388924 0.26385350967383808
vp -0.70484189475760139 0.13043270865548454
vp -0.71680875280139555 0
vp -0.70484189475760151 -0.13043270865548434
vp -0.66648039245388946 -0.26385350967383792
vp -0.59996570849700803 -0.39224474084476318
vp -0.50686032991973851 -0.50686032991973839
vp -0.39224474084476335 -0.59996570849700792
vp -0.26385350967383808 -0.66648039245388924
vp -0.13043270865548454 -0.70484189475760139
vp 0 -0.71680875280139555
vp 0.13043270865548429 -0.70484189475760139
vp 0.2638535096738378 -0.66648039245388924
vp 0.39224474084476307 -0.59996570849700792
vp 0.50686032991973828 -0.50686032991973851
vp 0.59996570849700781 -0.3922447408447633
vp 0.66648039245388913 -0.26385350967383803
vp 0.70484189475760139 -0.13043270865548445
cstype bezier
deg 1
curv2 5089 5090 5091 5092 5093 5094 5095 5096 5097 5098 5099 5100 5101 5102 5103 5104 5105 5106 5107 5108 5109 5110 5111 5112 5113 5114 5115 5116 5117 5118 5119 5120 5089
parm u 0 0.14074506948935789 0.28149013897871578 0.42223520846807366 0.56298027795743155 0.7037253474467895 0.84447041693614733 0.98521548642550516 1.1259605559148631 1.266705625404221 1.407450694893579 1.5481957643829367 1.6889408338722947 1.8296859033616526 1.9704309728510103 2.111176042340368 2.2519211118297262 2.3926661813190844 2.5334112508084421 2.6741563202977998 2.814901389787158 2.9556464592765157 3.0963915287658734 3.2371365982552316 3.3778816677445893 3.518626737233947 3.6593718067233052 3.8001168762126629 3.9408619457020206 4.0816070151913788 4.2223520846807361 4.3630971541700942 4.5038422236594524
end
v -41.052271164911268 4.9625436705241945 -236.89601218884582
v -41.056041811063047 4.9625436705241945 -235.77573912784746
v -42.172544225909625 4.9625436705241945 -236.89978283499761
v -42.176314872061404 4.9625436705241945 -235.77950977399925
cstype bspline
deg 1 1
surf -0.8960109410017445 0.8960109410017445 -0.8960109410017445 0.8960109410017445 1705 1706 1707 1708
parm u -0.8960109410017445 -0.8960109410017445 0.8960109410017445 0.8960109410017445
parm v -0.8960109410017445 -0.8960109410017445 0.8960109410017445 0.8960109410017445
trim 0 4.5038422236594524 445
end
# - trim loop
vp 0 0
vp 26.578480228423956 0
cstype bezier
deg 1
curv2 5121 5122
parm u 0 26.578480228423956
end
vp 26.578480228423956 0
vp 26.578480228423956 0.5
cstype bezier
deg 1
curv2 5123 5124
parm u 0 0.5
end
vp 26.578480228423956 0.5
vp 0 0.5
cstype bezier
deg 1
curv2 5125 5126
parm u 0 26.578480228423956
end
vp 0 0.5
vp 0 0
cstype bezier
deg 1
curv2 5127 5128
parm u 0 0.5
end
v -44.019416851300491 9.8376299053113385 -235.23847509705396 1
v -42.920130966931907 9.8376299053113367 -232.83335126423978 0.70710678118654757
v -40.515007134117752 9.8376299053113385 -233.9326371486084 1
v -38.109883301303597 9.8376299053113367 -235.03192303297695 0.70710678118654757
v -39.209169185672181 9.8376299053113385 -237.43704686579113 1
v -40.308455070040779 9.8376299053113367 -239.84217069860526 0.70710678118654757
v -42.713578902854927 9.8376299053113385 -238.74288481423667 1
v -45.118702735669082 9.8376299053113367 -237.64359892986806 0.70710678118654757
v -44.019416851300491 9.8376299053113385 -235.23847509705396 1
v -44.019416851300491 10.150204047933032 -235.23847509705396 1
v -42.920130966931907 10.15020404793303 -232.83335126423978 0.70710678118654757
v -40.515007134117752 10.150204047933032 -233.9326371486084 1
v -38.109883301303597 10.15020404793303 -235.03192303297695 0.70710678118654757
v -39.209169185672181 10.150204047933032 -237.43704686579113 1
v -40.308455070040779 10.15020404793303 -239.84217069860526 0.70710678118654757
v -42.713578902854927 10.150204047933032 -238.74288481423667 1
v -45.118702735669082 10.15020404793303 -237.64359892986806 0.70710678118654757
v -44.019416851300491 10.150204047933032 -235.23847509705396 1
cstype rat bspline
deg 2 1
surf 0 26.578480228423956 0 0.5 1709 1710 1711 1712 1713 1714 1715 1716 1717 1718 1719 1720 1721 1722 1723 1724 1725 1726
parm u 0 0 0 6.644620057105989 6.644620057105989 13.289240114211978 13.289240114211978 19.933860171317967 19.933860171317967 26.578480228423956 26.578480228423956 26.578480228423956
parm v 0 0 0.5 0.5
trim 0 26.578480228423956 446 0 0.5 447 0 26.578480228423956 448 0 0.5 449
end
# - trim loop
vp 4.2300965082238804 0
vp 4.1594766054567476 0.76972127263437229
vp 3.9330942457116014 1.5570761456133617
vp 3.5405717894050786 2.3147500670605421
vp 2.9911299260386421 2.9911299260386421
vp 2.3147500670605421 3.5405717894050786
vp 1.5570761456133617 3.9330942457116014
vp 0.76972127263437251 4.1594766054567476
vp 0 4.2300965082238804
vp -0.76972127263437207 4.1594766054567476
vp -1.5570761456133613 3.9330942457116014
vp -2.3147500670605421 3.5405717894050786
vp -2.9911299260386421 2.9911299260386421
vp -3.5405717894050786 2.3147500670605421
vp -3.9330942457116014 1.5570761456133619
vp -4.1594766054567476 0.76972127263437262
vp -4.2300965082238804 0
vp -4.1594766054567476 -0.76972127263437196
vp -3.9330942457116014 -1.5570761456133613
vp -3.5405717894050786 -2.3147500670605421
vp -2.9911299260386426 -2.9911299260386421
vp -2.3147500670605425 -3.5405717894050786
vp -1.5570761456133622 -3.9330942457116014
vp -0.76972127263437307 -4.1594766054567476
vp 0 -4.2300965082238804
vp 0.76972127263437151 -4.1594766054567476
vp 1.5570761456133606 -3.9330942457116014
vp 2.3147500670605412 -3.5405717894050786
vp 2.9911299260386413 -2.9911299260386421
vp 3.5405717894050777 -2.3147500670605421
vp 3.9330942457116005 -1.5570761456133617
vp 4.1594766054567476 -0.76972127263437229
cstype bezier
deg 1
curv2 5129 5130 5131 5132 5133 5134 5135 5136 5137 5138 5139 5140 5141 5142 5143 5144 5145 5146 5147 5148 5149 5150 5151 5152 5153 5154 5155 5156 5157 5158 5159 5160 5129
parm u 0 0.83057750713824863 1.6611550142764973 2.4917325214147459 3.3223100285529945 4.1528875356912431 4.9834650428294918 5.8140425499677404 6.644620057105989 7.4751975642442376 8.3057750713824863 9.1363525785207358 9.9669300856589835 10.797507592797231 11.628085099935481 12.45866260707373 13.289240114211978 14.119817621350226 14.950395128488475 15.780972635626725 16.611550142764973 17.44212764990322 18.272705157041472 19.103282664179719 19.933860171317967 20.764437678456215 21.595015185594463 22.425592692732714 23.256170199870962 24.086747707009209 24.917325214147461 25.747902721285708 26.578480228423956
end
# - hole loop
vp 0.30016816712680683 0.650933068399838
vp 0.41360273820559079 0.58544646471008022
vp 0.51869786890271452 0.49473963747457683
vp 0.60743633232517624 0.38057310764691582
vp 0.6725301332357928 0.24802824029238937
vp 0.70908300506197508 0.10495751533344291
vp 0.7157202660710974 -0.039487831388997571
vp 0.69468549656478029 -0.17671120212150951
vp 0.65093306839983001 -0.30016816712679883
vp 0.58544646471007444 -0.41360273820558768
vp 0.49473963747457278 -0.51869786890271596
vp 0.38057310764691299 -0.60743633232518146
vp 0.24802824029238704 -0.67253013323580091
vp 0.10495751533344032 -0.70908300506198474
vp -0.039487831389001124 -0.71572026607110739
vp -0.17671120212151459 -0.69468549656478928
vp -0.30016816712680594 -0.65093306839983711
vp -0.41360273820558935 -0.58544646471008277
vp -0.51869786890271297 -0.49473963747458227
vp -0.60743633232517502 -0.38057310764692315
vp -0.67253013323579258 -0.24802824029239745
vp -0.7090830050619763 -0.10495751533345048
vp -0.7157202660711004 0.039487831388991645
vp -0.69468549656478529 0.17671120212150618
vp -0.65093306839983711 0.30016816712679883
vp -0.58544646471008022 0.41360273820558435
vp -0.49473963747457722 0.51869786890271008
vp -0.3805731076469161 0.60743633232517402
vp -0.24802824029238885 0.6725301332357928
vp -0.10495751533344107 0.70908300506197741
vp 0.039487831389001186 0.71572026607110195
vp 0.1767112021215152 0.69468549656478673
cstype bezier
deg 1
curv2 5161 5162 5163 5164 5165 5166 5167 5168 5169 5170 5171 5172 5173 5174 5175 5176 5177 5178 5179 5180 5181 5182 5183 5184 5185 5186 5187 5188 5189 5190 5191 5192 5161
parm u 0 0.14074506948935789 0.28149013897871578 0.42223520846807366 0.56298027795743155 0.7037253474467895 0.84447041693614733 0.98521548642550516 1.1259605559148631 1.266705625404221 1.407450694893579 1.5481957643829367 1.6889408338722947 1.8296859033616526 1.9704309728510103 2.111176042340368 2.2519211118297262 2.3926661813190844 2.5334112508084421 2.6741563202977998 2.814901389787158 2.9556464592765157 3.0963915287658734 3.2371365982552316 3.3778816677445893 3.518626737233947 3.6593718067233052 3.8001168762126629 3.9408619457020206 4.0816070151913788 4.2223520846807361 4.3630971541700942 4.5038422236594524
end
v -39.981995582929379 9.8376299053113385 -240.71827312790097
v -45.99480516496476 9.8376299053113385 -237.9700584169795
v -37.233780872007912 9.8376299053113385 -234.7054635458656
v -43.246590454043293 9.8376299053113385 -231.95724883494412
cstype bspline
deg 1 1
surf -5.2876206352798505 5.2876206352798505 -5.2876206352798505 5.2876206352798505 1727 1728 1729 1730
parm u -5.2876206352798505 -5.2876206352798505 5.2876206352798505 5.2876206352798505
parm v -5.2876206352798505 -5.2876206352798505 5.2876206352798505 5.2876206352798505
trim 0 26.578480228423956 450
hole 0 4.5038422236594524 451
end
# - trim loop
vp 4.2300965082238804 0
vp 4.1594766054567476 0.76972127263437229
vp 3.9330942457116014 1.5570761456133617
vp 3.5405717894050786 2.3147500670605421
vp 2.9911299260386421 2.9911299260386421
vp 2.3147500670605421 3.5405717894050786
vp 1.5570761456133617 3.9330942457116014
vp 0.76972127263437251 4.1594766054567476
vp 0 4.2300965082238804
vp -0.76972127263437207 4.1594766054567476
vp -1.5570761456133613 3.9330942457116014
vp -2.3147500670605421 3.5405717894050786
vp -2.9911299260386421 2.9911299260386421
vp -3.5405717894050786 2.3147500670605421
vp -3.9330942457116014 1.5570761456133619
vp -4.1594766054567476 0.76972127263437262
vp -4.2300965082238804 0
vp -4.1594766054567476 -0.76972127263437196
vp -3.9330942457116014 -1.5570761456133613
vp -3.5405717894050786 -2.3147500670605421
vp -2.9911299260386426 -2.9911299260386421
vp -2.3147500670605425 -3.5405717894050786
vp -1.5570761456133622 -3.9330942457116014
vp -0.76972127263437307 -4.1594766054567476
vp 0 -4.2300965082238804
vp 0.76972127263437151 -4.1594766054567476
vp 1.5570761456133606 -3.9330942457116014
vp 2.3147500670605412 -3.5405717894050786
vp 2.9911299260386413 -2.9911299260386421
vp 3.5405717894050777 -2.3147500670605421
vp 3.9330942457116005 -1.5570761456133617
vp 4.1594766054567476 -0.76972127263437229
cstype bezier
deg 1
curv2 5193 5194 5195 5196 5197 5198 5199 5200 5201 5202 5203 5204 5205 5206 5207 5208 5209 5210 5211 5212 5213 5214 5215 5216 5217 5218 5219 5220 5221 5222 5223 5224 5193
parm u 0 0.83057750713824863 1.6611550142764973 2.4917325214147459 3.3223100285529945 4.1528875356912431 4.9834650428294918 5.8140425499677404 6.644620057105989 7.4751975642442376 8.3057750713824863 9.1363525785207358 9.9669300856589835 10.797507592797231 11.628085099935481 12.45866260707373 13.289240114211978 14.119817621350226 14.950395128488475 15.780972635626725 16.611550142764973 17.44212764990322 18.272705157041472 19.103282664179719 19.933860171317967 20.764437678456215 21.595015185594463 22.425592692732714 23.256170199870962 24.086747707009209 24.917325214147461 25.747902721285708 26.578480228423956
end
v -39.981995582929379 10.150204047933032 -240.71827312790097
v -45.99480516496476 10.150204047933032 -237.9700584169795
v -37.233780872007912 10.150204047933032 -234.7054635458656
v -43.246590454043293 10.150204047933032 -231.95724883494412
cstype bspline
deg 1 1
surf -5.2876206352798505 5.2876206352798505 -5.2876206352798505 5.2876206352798505 1731 1732 1733 1734
parm u -5.2876206352798505 -5.2876206352798505 5.2876206352798505 5.2876206352798505
parm v -5.2876206352798505 -5.2876206352798505 5.2876206352798505 5.2876206352798505
trim 0 26.578480228423956 452
end
# - trim loop
vp 4.5038422236594524 0.49999999999999972
vp 4.5038422236594524 8.2982877820565957
cstype bezier
deg 1
curv2 5225 5226
parm u 0.49999999999999978 8.2982877820565957
end
vp 4.5038422236594524 8.2982877820565957
vp 0 8.2982877820565957
cstype bezier
deg 1
curv2 5227 5228
parm u 0 4.5038422236594524
end
vp 0 8.2982877820565957
vp 0 0.50000000000000089
cstype bezier
deg 1
curv2 5229 5230
parm u 0 7.7982877820565948
end
vp 0 0.50000000000000089
vp 4.5038422236594524 0.49999999999999972
cstype bezier
deg 1
curv2 5231 5232
parm u 0 4.5038422236594524
end
v -41.615801276947046 10.150204047933032 -235.8896517570232 1
v -42.063910501346392 10.15020404793303 -235.89116001548388 0.70710678118654757
v -42.062402242885682 10.150204047933032 -236.33926923988324 1
v -42.060893984424972 10.15020404793303 -236.78737846428257 0.70710678118654757
v -41.612784760025626 10.150204047933032 -236.78587020582185 1
v -41.16467553562628 10.15020404793303 -236.78436194736113 0.70710678118654757
v -41.16618379408699 10.150204047933032 -236.3362527229618 1
v -41.167692052547707 10.15020404793303 -235.88814349856244 0.70710678118654757
v -41.615801276947046 10.150204047933032 -235.8896517570232 1
v -41.615801276947046 4.9625436705241945 -235.8896517570232 1
v -42.063910501346392 4.9625436705241945 -235.89116001548388 0.70710678118654757
v -42.062402242885682 4.9625436705241945 -236.33926923988324 1
v -42.060893984424972 4.9625436705241945 -236.78737846428257 0.70710678118654757
v -41.612784760025626 4.9625436705241945 -236.78587020582185 1
v -41.16467553562628 4.9625436705241945 -236.78436194736113 0.70710678118654757
v -41.16618379408699 4.9625436705241945 -236.3362527229618 1
v -41.167692052547707 4.9625436705241945 -235.88814349856244 0.70710678118654757
v -41.615801276947046 4.9625436705241945 -235.8896517570232 1
cstype rat bspline
deg 2 1
surf 0 4.5038422236594524 0 8.2982877820565957 1735 1736 1737 1738 1739 1740 1741 1742 1743 1744 1745 1746 1747 1748 1749 1750 1751 1752
parm u 0 0 0 1.1259605559148631 1.1259605559148631 2.2519211118297262 2.2519211118297262 3.3778816677445893 3.3778816677445893 4.5038422236594524 4.5038422236594524 4.5038422236594524
parm v 0 0 8.2982877820565957 8.2982877820565957
trim 0.49999999999999978 8.2982877820565957 453 0 4.5038422236594524 454 0 7.7982877820565948 455 0 4.5038422236594524 456
end
usemtl diffuse_170_230_123_255
# - trim loop
vp 0.71680875280139555 0
vp 0.70484189475760139 0.13043270865548445
vp 0.66648039245388924 0.26385350967383803
vp 0.59996570849700792 0.3922447408447633
vp 0.50686032991973851 0.50686032991973851
vp 0.3922447408447633 0.59996570849700792
vp 0.26385350967383808 0.66648039245388924
vp 0.13043270865548445 0.70484189475760139
vp 0 0.71680875280139555
vp -0.13043270865548437 0.70484189475760151
vp -0.26385350967383792 0.66648039245388946
vp -0.39224474084476318 0.59996570849700803
vp -0.50686032991973839 0.50686032991973851
vp -0.59996570849700792 0.39224474084476335
vp -0.66648039245388924 0.26385350967383808
vp -0.70484189475760139 0.13043270865548454
vp -0.71680875280139555 0
vp -0.70484189475760151 -0.13043270865548434
vp -0.66648039245388946 -0.26385350967383792
vp -0.59996570849700803 -0.39224474084476318
vp -0.50686032991973851 -0.50686032991973839
vp -0.39224474084476335 -0.59996570849700792
vp -0.26385350967383808 -0.66648039245388924
vp -0.13043270865548454 -0.70484189475760139
vp 0 -0.71680875280139555
vp 0.13043270865548429 -0.70484189475760139
vp 0.2638535096738378 -0.66648039245388924
vp 0.39224474084476307 -0.59996570849700792
vp 0.50686032991973828 -0.50686032991973851
vp 0.59996570849700781 -0.3922447408447633
vp 0.66648039245388913 -0.26385350967383803
vp 0.70484189475760139 -0.13043270865548445
cstype bezier
deg 1
curv2 5233 5234 5235 5236 5237 5238 5239 5240 5241 5242 5243 5244 5245 5246 5247 5248 5249 5250 5251 5252 5253 5254 5255 5256 5257 5258 5259 5260 5261 5262 5263 5264 5233
parm u 0 0.14074506948935789 0.28149013897871578 0.42223520846807366 0.56298027795743155 0.7037253474467895 0.84447041693614733 0.98521548642550516 1.1259605559148631 1.266705625404221 1.407450694893579 1.5481957643829367 1.6889408338722947 1.8296859033616526 1.9704309728510103 2.111176042340368 2.2519211118297262 2.3926661813190844 2.5334112508084421 2.6741563202977998 2.814901389787158 2.9556464592765157 3.0963915287658734 3.2371365982552316 3.3778816677445893 3.518626737233947 3.6593718067233052 3.8001168762126629 3.9408619457020206 4.0816070151913788 4.2223520846807361 4.3630971541700942 4.5038422236594524
end
v -37.257702866977006 4.9625436705241945 -225.92355908386889
v -37.261473513128784 4.9625436705241945 -224.80328602287054
v -38.377975927975363 4.9625436705241945 -225.92732973002069
v -38.381746574127142 4.9625436705241945 -224.80705666902233
cstype bspline
deg 1 1
surf -0.8960109410017445 0.8960109410017445 -0.8960109410017445 0.8960109410017445 1753 1754 1755 1756
parm u -0.8960109410017445 -0.8960109410017445 0.8960109410017445 0.8960109410017445
parm v -0.8960109410017445 -0.8960109410017445 0.8960109410017445 0.8960109410017445
trim 0 4.5038422236594524 457
end
# - trim loop
vp 0 0
vp 26.578480228423956 0
cstype bezier
deg 1
curv2 5265 5266
parm u 0 26.578480228423956
end
vp 26.578480228423956 0
vp 26.578480228423956 0.5
cstype bezier
deg 1
curv2 5267 5268
parm u 0 0.5
end
vp 26.578480228423956 0.5
vp 0 0.5
cstype bezier
deg 1
curv2 5269 5270
parm u 0 26.578480228423956
end
vp 0 0.5
vp 0 0
cstype bezier
deg 1
curv2 5271 5272
parm u 0 0.5
end
v -40.224848553366229 9.8376299053113385 -224.26602199207704 1
v -39.125562668997645 9.8376299053113367 -221.86089815926286 0.70710678118654757
v -36.72043883618349 9.8376299053113385 -222.96018404363147 1
v -34.315315003369335 9.8376299053113367 -224.05946992800003 0.70710678118654757
v -35.414600887737919 9.8376299053113385 -226.4645937608142 1
v -36.513886772106517 9.8376299053113367 -228.8697175936283 0.70710678118654757
v -38.919010604920665 9.8376299053113385 -227.77043170925975 1
v -41.32413443773482 9.8376299053113367 -226.67114582489114 0.70710678118654757
v -40.224848553366229 9.8376299053113385 -224.26602199207704 1
v -40.224848553366229 10.150204047933032 -224.26602199207704 1
v -39.125562668997645 10.15020404793303 -221.86089815926286 0.70710678118654757
v -36.72043883618349 10.150204047933032 -222.96018404363147 1
v -34.315315003369335 10.15020404793303 -224.05946992800003 0.70710678118654757
v -35.414600887737919 10.150204047933032 -226.4645937608142 1
v -36.513886772106517 10.15020404793303 -228.8697175936283 0.70710678118654757
v -38.919010604920665 10.150204047933032 -227.77043170925975 1
v -41.32413443773482 10.15020404793303 -226.67114582489114 0.70710678118654757
v -40.224848553366229 10.150204047933032 -224.26602199207704 1
cstype rat bspline
deg 2 1
surf 0 26.578480228423956 0 0.5 1757 1758 1759 1760 1761 1762 1763 1764 1765 1766 1767 1768 1769 1770 1771 1772 1773 1774
parm u 0 0 0 6.644620057105989 6.644620057105989 13.289240114211978 13.289240114211978 19.933860171317967 19.933860171317967 26.578480228423956 26.578480228423956 26.578480228423956
parm v 0 0 0.5 0.5
trim 0 26.578480228423956 458 0 0.5 459 0 26.578480228423956 460 0 0.5 461
end
# - trim loop
vp 4.2300965082238804 0
vp 4.1594766054567476 0.76972127263437229
vp 3.9330942457116014 1.5570761456133617
vp 3.5405717894050786 2.3147500670605421
vp 2.9911299260386421 2.9911299260386421
vp 2.3147500670605421 3.5405717894050786
vp 1.5570761456133617 3.9330942457116014
vp 0.76972127263437251 4.1594766054567476
vp 0 4.2300965082238804
vp -0.76972127263437207 4.1594766054567476
vp -1.5570761456133613 3.9330942457116014
vp -2.3147500670605421 3.5405717894050786
vp -2.9911299260386421 2.9911299260386421
vp -3.5405717894050786 2.3147500670605421
vp -3.9330942457116014 1.5570761456133619
vp -4.1594766054567476 0.76972127263437262
vp -4.2300965082238804 0
vp -4.1594766054567476 -0.76972127263437196
vp -3.9330942457116014 -1.5570761456133613
vp -3.5405717894050786 -2.3147500670605421
vp -2.9911299260386426 -2.9911299260386421
vp -2.3147500670605425 -3.5405717894050786
vp -1.5570761456133622 -3.9330942457116014
vp -0.76972127263437307 -4.1594766054567476
vp 0 -4.2300965082238804
vp 0.76972127263437151 -4.1594766054567476
vp 1.5570761456133606 -3.9330942457116014
vp 2.3147500670605412 -3.5405717894050786
vp 2.9911299260386413 -2.9911299260386421
vp 3.5405717894050777 -2.3147500670605421
vp 3.9330942457116005 -1.5570761456133617
vp 4.1594766054567476 -0.76972127263437229
cstype bezier
deg 1
curv2 5273 5274 5275 5276 5277 5278 5279 5280 5281 5282 5283 5284 5285 5286 5287 5288 5289 5290 5291 5292 5293 5294 5295 5296 5297 5298 5299 5300 5301 5302 5303 5304 5273
parm u 0 0.83057750713824863 1.6611550142764973 2.4917325214147459 3.3223100285529945 4.1528875356912431 4.9834650428294918 5.8140425499677404 6.644620057105989 7.4751975642442376 8.3057750713824863 9.1363525785207358 9.9669300856589835 10.797507592797231 11.628085099935481 12.45866260707373 13.289240114211978 14.119817621350226 14.950395128488475 15.780972635626725 16.611550142764973 17.44212764990322 18.272705157041472 19.103282664179719 19.933860171317967 20.764437678456215 21.595015185594463 22.425592692732714 23.256170199870962 24.086747707009209 24.917325214147461 25.747902721285708 26.578480228423956
end
# - hole loop
vp 0.30016816712680683 0.650933068399838
vp 0.41360273820559079 0.58544646471008022
vp 0.51869786890271452 0.49473963747457683
vp 0.60743633232517624 0.38057310764691582
vp 0.6725301332357928 0.24802824029238937
vp 0.70908300506197508 0.10495751533344291
vp 0.7157202660710974 -0.039487831388997571
vp 0.69468549656478029 -0.17671120212150951
vp 0.65093306839983001 -0.30016816712679883
vp 0.58544646471007444 -0.41360273820558768
vp 0.49473963747457278 -0.51869786890271596
vp 0.38057310764691299 -0.60743633232518146
vp 0.24802824029238704 -0.67253013323580091
vp 0.10495751533344032 -0.70908300506198474
vp -0.039487831389001124 -0.71572026607110739
vp -0.17671120212151459 -0.69468549656478928
vp -0.30016816712680594 -0.65093306839983711
vp -0.41360273820558935 -0.58544646471008277
vp -0.51869786890271297 -0.49473963747458227
vp -0.60743633232517502 -0.38057310764692315
vp -0.67253013323579258 -0.24802824029239745
vp -0.7090830050619763 -0.10495751533345048
vp -0.7157202660711004 0.039487831388991645
vp -0.69468549656478529 0.17671120212150618
vp -0.65093306839983711 0.30016816712679883
vp -0.58544646471008022 0.41360273820558435
vp -0.49473963747457722 0.51869786890271008
vp -0.3805731076469161 0.60743633232517402
vp -0.24802824029238885 0.6725301332357928
vp -0.10495751533344107 0.70908300506197741
vp 0.039487831389001186 0.71572026607110195
vp 0.1767112021215152 0.69468549656478673
cstype bezier
deg 1
curv2 5305 5306 5307 5308 5309 5310 5311 5312 5313 5314 5315 5316 5317 5318 5319 5320 5321 5322 5323 5324 5325 5326 5327 5328 5329 5330 5331 5332 5333 5334 5335 5336 5305
parm u 0 0.14074506948935789 0.28149013897871578 0.42223520846807366 0.56298027795743155 0.7037253474467895 0.84447041693614733 0.98521548642550516 1.1259605559148631 1.266705625404221 1.407450694893579 1.5481957643829367 1.6889408338722947 1.8296859033616526 1.9704309728510103 2.111176042340368 2.2519211118297262 2.3926661813190844 2.5334112508084421 2.6741563202977998 2.814901389787158 2.9556464592765157 3.0963915287658734 3.2371365982552316 3.3778816677445893 3.518626737233947 3.6593718067233052 3.8001168762126629 3.9408619457020206 4.0816070151913788 4.2223520846807361 4.3630971541700942 4.5038422236594524
end
v -36.187427284995117 9.8376299053113385 -229.74582002292405
v -42.200236867030497 9.8376299053113385 -226.99760531200258
v -33.43921257407365 9.8376299053113385 -223.73301044088868
v -39.452022156109031 9.8376299053113385 -220.9847957299672
cstype bspline
deg 1 1
surf -5.2876206352798505 5.2876206352798505 -5.2876206352798505 5.2876206352798505 1775 1776 1777 1778
parm u -5.2876206352798505 -5.2876206352798505 5.2876206352798505 5.2876206352798505
parm v -5.2876206352798505 -5.2876206352798505 5.2876206352798505 5.2876206352798505
trim 0 26.578480228423956 462
hole 0 4.5038422236594524 463
end
# - trim loop
vp 4.2300965082238804 0
vp 4.1594766054567476 0.76972127263437229
vp 3.9330942457116014 1.5570761456133617
vp 3.5405717894050786 2.3147500670605421
vp 2.9911299260386421 2.9911299260386421
vp 2.3147500670605421 3.5405717894050786
vp 1.5570761456133617 3.9330942457116014
vp 0.76972127263437251 4.1594766054567476
vp 0 4.2300965082238804
vp -0.76972127263437207 4.1594766054567476
vp -1.5570761456133613 3.9330942457116014
vp -2.3147500670605421 3.5405717894050786
vp -2.9911299260386421 2.9911299260386421
vp -3.5405717894050786 2.3147500670605421
vp -3.9330942457116014 1.5570761456133619
vp -4.1594766054567476 0.76972127263437262
vp -4.2300965082238804 0
vp -4.1594766054567476 -0.76972127263437196
vp -3.9330942457116014 -1.5570761456133613
vp -3.5405717894050786 -2.3147500670605421
vp -2.9911299260386426 -2.9911299260386421
vp -2.3147500670605425 -3.5405717894050786
vp -1.5570761456133622 -3.9330942457116014
vp -0.76972127263437307 -4.1594766054567476
vp 0 -4.2300965082238804
vp 0.76972127263437151 -4.1594766054567476
vp 1.5570761456133606 -3.9330942457116014
vp 2.3147500670605412 -3.5405717894050786
vp 2.9911299260386413 -2.9911299260386421
vp 3.5405717894050777 -2.3147500670605421
vp 3.9330942457116005 -1.5570761456133617
vp 4.1594766054567476 -0.76972127263437229
cstype bezier
deg 1
curv2 5337 5338 5339 5340 5341 5342 5343 5344 5345 5346 5347 5348 5349 5350 5351 5352 5353 5354 5355 5356 5357 5358 5359 5360 5361 5362 5363 5364 5365 5366 5367 5368 5337
parm u 0 0.83057750713824863 1.6611550142764973 2.4917325214147459 3.3223100285529945 4.1528875356912431 4.9834650428294918 5.8140425499677404 6.644620057105989 7.4751975642442376 8.3057750713824863 9.1363525785207358 9.9669300856589835 10.797507592797231 11.628085099935481 12.45866260707373 13.289240114211978 14.119817621350226 14.950395128488475 15.780972635626725 16.611550142764973 17.44212764990322 18.272705157041472 19.103282664179719 19.933860171317967 20.764437678456215 21.595015185594463 22.425592692732714 23.256170199870962 24.086747707009209 24.917325214147461 25.747902721285708 26.578480228423956
end
v -36.187427284995117 10.150204047933032 -229.74582002292405
v -42.200236867030497 10.150204047933032 -226.99760531200258
v -33.43921257407365 10.150204047933032 -223.73301044088868
v -39.452022156109031 10.150204047933032 -220.9847957299672
cstype bspline
deg 1 1
surf -5.2876206352798505 5.2876206352798505 -5.2876206352798505 5.2876206352798505 1779 1780 1781 1782
parm u -5.2876206352798505 -5.2876206352798505 5.2876206352798505 5.2876206352798505
parm v -5.2876206352798505 -5.2876206352798505 5.2876206352798505 5.2876206352798505
trim 0 26.578480228423956 464
end
# - trim loop
vp 4.5038422236594524 0.49999999999999972
vp 4.5038422236594524 8.2982877820565957
cstype bezier
deg 1
curv2 5369 5370
parm u 0.49999999999999978 8.2982877820565957
end
vp 4.5038422236594524 8.2982877820565957
vp 0 8.2982877820565957
cstype bezier
deg 1
curv2 5371 5372
parm u 0 4.5038422236594524
end
vp 0 8.2982877820565957
vp 0 0.50000000000000089
cstype bezier
deg 1
curv2 5373 5374
parm u 0 7.7982877820565948
end
vp 0 0.50000000000000089
vp 4.5038422236594524 0.49999999999999972
cstype bezier
deg 1
curv2 5375 5376
parm u 0 4.5038422236594524
end
v -37.821232979012784 10.150204047933032 -224.91719865204627 1
v -38.26934220341213 10.15020404793303 -224.91870691050696 0.70710678118654757
v -38.26783394495142 10.150204047933032 -225.36681613490632 1
v -38.26632568649071 10.15020404793303 -225.81492535930565 0.70710678118654757
v -37.818216462091364 10.150204047933032 -225.81341710084493 1
v -37.370107237692018 10.15020404793303 -225.8119088423842 0.70710678118654757
v -37.371615496152728 10.150204047933032 -225.36379961798488 1
v -37.373123754613445 10.15020404793303 -224.91569039358552 0.70710678118654757
v -37.821232979012784 10.150204047933032 -224.91719865204627 1
v -37.821232979012784 4.9625436705241945 -224.91719865204627 1
v -38.26934220341213 4.9625436705241945 -224.91870691050696 0.70710678118654757
v -38.26783394495142 4.9625436705241945 -225.36681613490632 1
v -38.26632568649071 4.9625436705241945 -225.81492535930565 0.70710678118654757
v -37.818216462091364 4.9625436705241945 -225.81341710084493 1
v -37.370107237692018 4.9625436705241945 -225.8119088423842 0.70710678118654757
v -37.371615496152728 4.9625436705241945 -225.36379961798488 1
v -37.373123754613445 4.9625436705241945 -224.91569039358552 0.70710678118654757
v -37.821232979012784 4.9625436705241945 -224.91719865204627 1
cstype rat bspline
deg 2 1
surf 0 4.5038422236594524 0 8.2982877820565957 1783 1784 1785 1786 1787 1788 1789 1790 1791 1792 1793 1794 1795 1796 1797 1798 1799 1800
parm u 0 0 0 1.1259605559148631 1.1259605559148631 2.2519211118297262 2.2519211118297262 3.3778816677445893 3.3778816677445893 4.5038422236594524 4.5038422236594524 4.5038422236594524
parm v 0 0 8.2982877820565957 8.2982877820565957
trim 0.49999999999999978 8.2982877820565957 465 0 4.5038422236594524 466 0 7.7982877820565948 467 0 4.5038422236594524 468
end
usemtl diffuse_170_230_123_255
# - trim loop
vp 0.71680875280139555 0
vp 0.70484189475760139 0.13043270865548445
vp 0.66648039245388924 0.26385350967383803
vp 0.59996570849700792 0.3922447408447633
vp 0.50686032991973851 0.50686032991973851
vp 0.3922447408447633 0.59996570849700792
vp 0.26385350967383808 0.66648039245388924
vp 0.13043270865548445 0.70484189475760139
vp 0 0.71680875280139555
vp -0.13043270865548437 0.70484189475760151
vp -0.26385350967383792 0.66648039245388946
vp -0.39224474084476318 0.59996570849700803
vp -0.50686032991973839 0.50686032991973851
vp -0.59996570849700792 0.39224474084476335
vp -0.66648039245388924 0.26385350967383808
vp -0.70484189475760139 0.13043270865548454
vp -0.71680875280139555 0
vp -0.70484189475760151 -0.13043270865548434
vp -0.66648039245388946 -0.26385350967383792
vp -0.59996570849700803 -0.39224474084476318
vp -0.50686032991973851 -0.50686032991973839
vp -0.39224474084476335 -0.59996570849700792
vp -0.26385350967383808 -0.66648039245388924
vp -0.13043270865548454 -0.70484189475760139
vp 0 -0.71680875280139555
vp 0.13043270865548429 -0.70484189475760139
vp 0.2638535096738378 -0.66648039245388924
vp 0.39224474084476307 -0.59996570849700792
vp 0.50686032991973828 -0.50686032991973851
vp 0.59996570849700781 -0.3922447408447633
vp 0.66648039245388913 -0.26385350967383803
vp 0.70484189475760139 -0.13043270865548445
cstype bezier
deg 1
curv2 5377 5378 5379 5380 5381 5382 5383 5384 5385 5386 5387 5388 5389 5390 5391 5392 5393 5394 5395 5396 5397 5398 5399 5400 5401 5402 5403 5404 5405 5406 5407 5408 5377
parm u 0 0.14074506948935789 0.28149013897871578 0.42223520846807366 0.56298027795743155 0.7037253474467895 0.84447041693614733 0.98521548642550516 1.1259605559148631 1.266705625404221 1.407450694893579 1.5481957643829367 1.6889408338722947 1.8296859033616526 1.9704309728510103 2.111176042340368 2.2519211118297262 2.3926661813190844 2.5334112508084421 2.6741563202977998 2.814901389787158 2.9556464592765157 3.0963915287658734 3.2371365982552316 3.3778816677445893 3.518626737233947 3.6593718067233052 3.8001168762126629 3.9408619457020206 4.0816070151913788 4.2223520846807361 4.3630971541700942 4.5038422236594524
end
v -37.257702866977006 4.9625436705241945 -212.09919088796912
v -37.261473513128784 4.9625436705241945 -210.97891782697076
v -38.377975927975363 4.9625436705241945 -212.10296153412091
v -38.381746574127142 4.9625436705241945 -210.98268847312255
cstype bspline
deg 1 1
surf -0.8960109410017445 0.8960109410017445 -0.8960109410017445 0.8960109410017445 1801 1802 1803 1804
parm u -0.8960109410017445 -0.8960109410017445 0.8960109410017445 0.8960109410017445
parm v -0.8960109410017445 -0.8960109410017445 0.8960109410017445 0.8960109410017445
trim 0 4.5038422236594524 469
end
# - trim loop
vp 0 0
vp 26.578480228423956 0
cstype bezier
deg 1
curv2 5409 5410
parm u 0 26.578480228423956
end
vp 26.578480228423956 0
vp 26.578480228423956 0.5
cstype bezier
deg 1
curv2 5411 5412
parm u 0 0.5
end
vp 26.578480228423956 0.5
vp 0 0.5
cstype bezier
deg 1
curv2 5413 5414
parm u 0 26.578480228423956
end
vp 0 0.5
vp 0 0
cstype bezier
deg 1
curv2 5415 5416
parm u 0 0.5
end
v -40.224848553366229 9.8376299053113385 -210.44165379617726 1
v -39.125562668997645 9.8376299053113367 -208.03652996336305 0.70710678118654757
v -36.72043883618349 9.8376299053113385 -209.1358158477317 1
v -34.315315003369335 9.8376299053113367 -210.23510173210025 0.70710678118654757
v -35.414600887737919 9.8376299053113385 -212.64022556491443 1
v -36.513886772106517 9.8376299053113367 -215.04534939772853 0.70710678118654757
v -38.919010604920665 9.8376299053113385 -213.94606351335997 1
v -41.32413443773482 9.8376299053113367 -212.84677762899133 0.70710678118654757
v -40.224848553366229 9.8376299053113385 -210.44165379617726 1
v -40.224848553366229 10.150204047933032 -210.44165379617726 1
v -39.125562668997645 10.15020404793303 -208.03652996336305 0.70710678118654757
v -36.72043883618349 10.150204047933032 -209.1358158477317 1
v -34.315315003369335 10.15020404793303 -210.23510173210025 0.70710678118654757
v -35.414600887737919 10.150204047933032 -212.64022556491443 1
v -36.513886772106517 10.15020404793303 -215.04534939772853 0.70710678118654757
v -38.919010604920665 10.150204047933032 -213.94606351335997 1
v -41.32413443773482 10.15020404793303 -212.84677762899133 0.70710678118654757
v -40.224848553366229 10.150204047933032 -210.44165379617726 1
cstype rat bspline
deg 2 1
surf 0 26.578480228423956 0 0.5 1805 1806 1807 1808 1809 1810 1811 1812 1813 1814 1815 1816 1817 1818 1819 1820 1821 1822
parm u 0 0 0 6.644620057105989 6.644620057105989 13.289240114211978 13.289240114211978 19.933860171317967 19.933860171317967 26.578480228423956 26.578480228423956 26.578480228423956
parm v 0 0 0.5 0.5
trim 0 26.578480228423956 470 0 0.5 471 0 26.578480228423956 472 0 0.5 473
end
# - trim loop
vp 4.2300965082238804 0
vp 4.1594766054567476 0.76972127263437229
vp 3.9330942457116014 1.5570761456133617
vp 3.5405717894050786 2.3147500670605421
vp 2.9911299260386421 2.9911299260386421
vp 2.3147500670605421 3.5405717894050786
vp 1.5570761456133617 3.9330942457116014
vp 0.76972127263437251 4.1594766054567476
vp 0 4.2300965082238804
vp -0.76972127263437207 4.1594766054567476
vp -1.5570761456133613 3.9330942457116014
vp -2.3147500670605421 3.5405717894050786
vp -2.9911299260386421 2.9911299260386421
vp -3.5405717894050786 2.3147500670605421
vp -3.9330942457116014 1.5570761456133619
vp -4.1594766054567476 0.76972127263437262
vp -4.2300965082238804 0
vp -4.1594766054567476 -0.76972127263437196
vp -3.9330942457116014 -1.5570761456133613
vp -3.5405717894050786 -2.3147500670605421
vp -2.9911299260386426 -2.9911299260386421
vp -2.3147500670605425 -3.5405717894050786
vp -1.5570761456133622 -3.9330942457116014
vp -0.76972127263437307 -4.1594766054567476
vp 0 -4.2300965082238804
vp 0.76972127263437151 -4.1594766054567476
vp 1.5570761456133606 -3.9330942457116014
vp 2.3147500670605412 -3.5405717894050786
vp 2.9911299260386413 -2.9911299260386421
vp 3.5405717894050777 -2.3147500670605421
vp 3.9330942457116005 -1.5570761456133617
vp 4.1594766054567476 -0.76972127263437229
cstype bezier
deg 1
curv2 5417 5418 5419 5420 5421 5422 5423 5424 5425 5426 5427 5428 5429 5430 5431 5432 5433 5434 5435 5436 5437 5438 5439 5440 5441 5442 5443 5444 5445 5446 5447 5448 5417
parm u 0 0.83057750713824863 1.6611550142764973 2.4917325214147459 3.3223100285529945 4.1528875356912431 4.9834650428294918 5.8140425499677404 6.644620057105989 7.4751975642442376 8.3057750713824863 9.1363525785207358 9.9669300856589835 10.797507592797231 11.628085099935481 12.45866260707373 13.289240114211978 14.119817621350226 14.950395128488475 15.780972635626725 16.611550142764973 17.44212764990322 18.272705157041472 19.103282664179719 19.933860171317967 20.764437678456215 21.595015185594463 22.425592692732714 23.256170199870962 24.086747707009209 24.917325214147461 25.747902721285708 26.578480228423956
end
# - hole loop
vp 0.30016816712680683 0.650933068399838
vp 0.41360273820559079 0.58544646471008022
vp 0.51869786890271452 0.49473963747457683
vp 0.60743633232517624 0.38057310764691582
vp 0.6725301332357928 0.24802824029238937
vp 0.70908300506197508 0.10495751533344291
vp 0.7157202660710974 -0.039487831388997571
vp 0.69468549656478029 -0.17671120212150951
vp 0.65093306839983001 -0.30016816712679883
vp 0.58544646471007444 -0.41360273820558768
vp 0.49473963747457278 -0.51869786890271596
vp 0.38057310764691299 -0.60743633232518146
vp 0.24802824029238704 -0.67253013323580091
vp 0.10495751533344032 -0.70908300506198474
vp -0.039487831389001124 -0.71572026607110739
vp -0.17671120212151459 -0.69468549656478928
vp -0.30016816712680594 -0.65093306839983711
vp -0.41360273820558935 -0.58544646471008277
vp -0.51869786890271297 -0.49473963747458227
vp -0.60743633232517502 -0.38057310764692315
vp -0.67253013323579258 -0.24802824029239745
vp -0.7090830050619763 -0.10495751533345048
vp -0.7157202660711004 0.039487831388991645
vp -0.69468549656478529 0.17671120212150618
vp -0.65093306839983711 0.30016816712679883
vp -0.58544646471008022 0.41360273820558435
vp -0.49473963747457722 0.51869786890271008
vp -0.3805731076469161 0.60743633232517402
vp -0.24802824029238885 0.6725301332357928
vp -0.10495751533344107 0.70908300506197741
vp 0.039487831389001186 0.71572026607110195
vp 0.1767112021215152 0.69468549656478673
cstype bezier
deg 1
curv2 5449 5450 5451 5452 5453 5454 5455 5456 5457 5458 5459 5460 5461 5462 5463 5464 5465 5466 5467 5468 5469 5470 5471 5472 5473 5474 5475 5476 5477 5478 5479 5480 5449
parm u 0 0.14074506948935789 0.28149013897871578 0.42223520846807366 0.56298027795743155 0.7037253474467895 0.84447041693614733 0.98521548642550516 1.1259605559148631 1.266705625404221 1.407450694893579 1.5481957643829367 1.6889408338722947 1.8296859033616526 1.9704309728510103 2.111176042340368 2.2519211118297262 2.3926661813190844 2.5334112508084421 2.6741563202977998 2.814901389787158 2.9556464592765157 3.0963915287658734 3.2371365982552316 3.3778816677445893 3.518626737233947 3.6593718067233052 3.8001168762126629 3.9408619457020206 4.0816070151913788 4.2223520846807361 4.3630971541700942 4.5038422236594524
end
v -36.187427284995117 9.8376299053113385 -215.92145182702427
v -42.200236867030497 9.8376299053113385 -213.1732371161028
v -33.43921257407365 9.8376299053113385 -209.9086422449889
v -39.452022156109031 9.8376299053113385 -207.16042753406742
cstype bspline
deg 1 1
surf -5.2876206352798505 5.2876206352798505 -5.2876206352798505 5.2876206352798505 1823 1824 1825 1826
parm u -5.2876206352798505 -5.2876206352798505 5.2876206352798505 5.2876206352798505
parm v -5.2876206352798505 -5.2876206352798505 5.2876206352798505 5.2876206352798505
trim 0 26.578480228423956 474
hole 0 4.5038422236594524 475
end
# - trim loop
vp 4.2300965082238804 0
vp 4.1594766054567476 0.76972127263437229
vp 3.9330942457116014 1.5570761456133617
vp 3.5405717894050786 2.3147500670605421
vp 2.9911299260386421 2.9911299260386421
vp 2.3147500670605421 3.5405717894050786
vp 1.5570761456133617 3.9330942457116014
vp 0.76972127263437251 4.1594766054567476
vp 0 4.2300965082238804
vp -0.76972127263437207 4.1594766054567476
vp -1.5570761456133613 3.9330942457116014
vp -2.3147500670605421 3.5405717894050786
vp -2.9911299260386421 2.9911299260386421
vp -3.5405717894050786 2.3147500670605421
vp -3.9330942457116014 1.5570761456133619
vp -4.1594766054567476 0.76972127263437262
vp -4.2300965082238804 0
vp -4.1594766054567476 -0.76972127263437196
vp -3.9330942457116014 -1.5570761456133613
vp -3.5405717894050786 -2.3147500670605421
vp -2.9911299260386426 -2.9911299260386421
vp -2.3147500670605425 -3.5405717894050786
vp -1.5570761456133622 -3.9330942457116014
vp -0.76972127263437307 -4.1594766054567476
vp 0 -4.2300965082238804
vp 0.76972127263437151 -4.1594766054567476
vp 1.5570761456133606 -3.9330942457116014
vp 2.3147500670605412 -3.5405717894050786
vp 2.9911299260386413 -2.9911299260386421
vp 3.5405717894050777 -2.3147500670605421
vp 3.9330942457116005 -1.5570761456133617
vp 4.1594766054567476 -0.76972127263437229
cstype bezier
deg 1
curv2 5481 5482 5483 5484 5485 5486 5487 5488 5489 5490 5491 5492 5493 5494 5495 5496 5497 5498 5499 5500 5501 5502 5503 5504 5505 5506 5507 5508 5509 5510 5511 5512 5481
parm u 0 0.83057750713824863 1.6611550142764973 2.4917325214147459 3.3223100285529945 4.1528875356912431 4.9834650428294918 5.8140425499677404 6.644620057105989 7.4751975642442376 8.3057750713824863 9.1363525785207358 9.9669300856589835 10.797507592797231 11.628085099935481 12.45866260707373 13.289240114211978 14.119817621350226 14.950395128488475 15.780972635626725 16.611550142764973 17.44212764990322 18.272705157041472 19.103282664179719 19.933860171317967 20.764437678456215 21.595015185594463 22.425592692732714 23.256170199870962 24.086747707009209 24.917325214147461 25.747902721285708 26.578480228423956
end
v -36.187427284995117 10.150204047933032 -215.92145182702427
v -42.200236867030497 10.150204047933032 -213.1732371161028
v -33.43921257407365 10.150204047933032 -209.9086422449889
v -39.452022156109031 10.150204047933032 -207.16042753406742
cstype bspline
deg 1 1
surf -5.2876206352798505 5.2876206352798505 -5.2876206352798505 5.2876206352798505 1827 1828 1829 1830
parm u -5.2876206352798505 -5.2876206352798505 5.2876206352798505 5.2876206352798505
parm v -5.2876206352798505 -5.2876206352798505 5.2876206352798505 5.2876206352798505
trim 0 26.578480228423956 476
end
# - trim loop
vp 4.5038422236594524 0.49999999999999972
vp 4.5038422236594524 8.2982877820565957
cstype bezier
deg 1
curv2 5513 5514
parm u 0.49999999999999978 8.2982877820565957
end
vp 4.5038422236594524 8.2982877820565957
vp 0 8.2982877820565957
cstype bezier
deg 1
curv2 5515 5516
parm u 0 4.5038422236594524
end
vp 0 8.2982877820565957
vp 0 0.50000000000000089
cstype bezier
deg 1
curv2 5517 5518
parm u 0 7.7982877820565948
end
vp 0 0.50000000000000089
vp 4.5038422236594524 0.49999999999999972
cstype bezier
deg 1
curv2 5519 5520
parm u 0 4.5038422236594524
end
v -37.821232979012784 10.150204047933032 -211.0928304561465 1
v -38.26934220341213 10.15020404793303 -211.09433871460718 0.70710678118654757
v -38.26783394495142 10.150204047933032 -211.54244793900654 1
v -38.26632568649071 10.15020404793303 -211.99055716340584 0.70710678118654757
v -37.818216462091364 10.150204047933032 -211.98904890494515 1
v -37.370107237692018 10.15020404793303 -211.98754064648443 0.70710678118654757
v -37.371615496152728 10.150204047933032 -211.5394314220851 1
v -37.373123754613445 10.15020404793303 -211.09132219768574 0.70710678118654757
v -37.821232979012784 10.150204047933032 -211.0928304561465 1
v -37.821232979012784 4.9625436705241945 -211.0928304561465 1
v -38.26934220341213 4.9625436705241945 -211.09433871460718 0.70710678118654757
v -38.26783394495142 4.9625436705241945 -211.54244793900654 1
v -38.26632568649071 4.9625436705241945 -211.99055716340584 0.70710678118654757
v -37.818216462091364 4.9625436705241945 -211.98904890494515 1
v -37.370107237692018 4.9625436705241945 -211.98754064648443 0.70710678118654757
v -37.371615496152728 4.9625436705241945 -211.5394314220851 1
v -37.373123754613445 4.9625436705241945 -211.09132219768574 0.70710678118654757
v -37.821232979012784 4.9625436705241945 -211.0928304561465 1
cstype rat bspline
deg 2 1
surf 0 4.5038422236594524 0 8.2982877820565957 1831 1832 1833 1834 1835 1836 1837 1838 1839 1840 1841 1842 1843 1844 1845 1846 1847 1848
parm u 0 0 0 1.1259605559148631 1.1259605559148631 2.2519211118297262 2.2519211118297262 3.3778816677445893 3.3778816677445893 4.5038422236594524 4.5038422236594524 4.5038422236594524
parm v 0 0 8.2982877820565957 8.2982877820565957
trim 0.49999999999999978 8.2982877820565957 477 0 4.5038422236594524 478 0 7.7982877820565948 479 0 4.5038422236594524 480
end
usemtl diffuse_170_230_123_255
# - trim loop
vp 0.71680875280139555 0
vp 0.70484189475760139 0.13043270865548445
vp 0.66648039245388924 0.26385350967383803
vp 0.59996570849700792 0.3922447408447633
vp 0.50686032991973851 0.50686032991973851
vp 0.3922447408447633 0.59996570849700792
vp 0.26385350967383808 0.66648039245388924
vp 0.13043270865548445 0.70484189475760139
vp 0 0.71680875280139555
vp -0.13043270865548437 0.70484189475760151
vp -0.26385350967383792 0.66648039245388946
vp -0.39224474084476318 0.59996570849700803
vp -0.50686032991973839 0.50686032991973851
vp -0.59996570849700792 0.39224474084476335
vp -0.66648039245388924 0.26385350967383808
vp -0.70484189475760139 0.13043270865548454
vp -0.71680875280139555 0
vp -0.70484189475760151 -0.13043270865548434
vp -0.66648039245388946 -0.26385350967383792
vp -0.59996570849700803 -0.39224474084476318
vp -0.50686032991973851 -0.50686032991973839
vp -0.39224474084476335 -0.59996570849700792
vp -0.26385350967383808 -0.66648039245388924
vp -0.13043270865548454 -0.70484189475760139
vp 0 -0.71680875280139555
vp 0.13043270865548429 -0.70484189475760139
vp 0.2638535096738378 -0.66648039245388924
vp 0.39224474084476307 -0.59996570849700792
vp 0.50686032991973828 -0.50686032991973851
vp 0.59996570849700781 -0.3922447408447633
vp 0.66648039245388913 -0.26385350967383803
vp 0.70484189475760139 -0.13043270865548445
cstype bezier
deg 1
curv2 5521 5522 5523 5524 5525 5526 5527 5528 5529 5530 5531 5532 5533 5534 5535 5536 5537 5538 5539 5540 5541 5542 5543 5544 5545 5546 5547 5548 5549 5550 5551 5552 5521
parm u 0 0.14074506948935789 0.28149013897871578 0.42223520846807366 0.56298027795743155 0.7037253474467895 0.84447041693614733 0.98521548642550516 1.1259605559148631 1.266705625404221 1.407450694893579 1.5481957643829367 1.6889408338722947 1.8296859033616526 1.9704309728510103 2.111176042340368 2.2519211118297262 2.3926661813190844 2.5334112508084421 2.6741563202977998 2.814901389787158 2.9556464592765157 3.0963915287658734 3.2371365982552316 3.3778816677445893 3.518626737233947 3.6593718067233052 3.8001168762126629 3.9408619457020206 4.0816070151913788 4.2223520846807361 4.3630971541700942 4.5038422236594524
end
v -29.252513723165222 4.9625436705241945 -167.28968506743436
v -29.256284369316994 4.9625436705241945 -166.169412006436
v -30.372786784163587 4.9625436705241945 -167.29345571358616
v -30.376557430315358 4.9625436705241945 -166.1731826525878
cstype bspline
deg 1 1
surf -0.8960109410017445 0.8960109410017445 -0.8960109410017445 0.8960109410017445 1849 1850 1851 1852
parm u -0.8960109410017445 -0.8960109410017445 0.8960109410017445 0.8960109410017445
parm v -0.8960109410017445 -0.8960109410017445 0.8960109410017445 0.8960109410017445
trim 0 4.5038422236594524 481
end
# - trim loop
vp 0 0
vp 26.578480228423956 0
cstype bezier
deg 1
curv2 5553 5554
parm u 0 26.578480228423956
end
vp 26.578480228423956 0
vp 26.578480228423956 0.5
cstype bezier
deg 1
curv2 5555 5556
parm u 0 0.5
end
vp 26.578480228423956 0.5
vp 0 0.5
cstype bezier
deg 1
curv2 5557 5558
parm u 0 26.578480228423956
end
vp 0 0.5
vp 0 0
cstype bezier
deg 1
curv2 5559 5560
parm u 0 0.5
end
v -32.219659409554446 9.8376299053113385 -165.6321479756425 1
v -31.120373525185858 9.8376299053113367 -163.22702414282833 0.70710678118654757
v -28.715249692371707 9.8376299053113385 -164.32631002719694 1
v -26.310125859557552 9.8376299053113367 -165.4255959115655 0.70710678118654757
v -27.409411743926135 9.8376299053113385 -167.83071974437968 1
v -28.50869762829473 9.8376299053113367 -170.23584357719378 0.70710678118654757
v -30.913821461108881 9.8376299053113385 -169.13655769282522 1
v -33.318945293923036 9.8376299053113367 -168.0372718084566 0.70710678118654757
v -32.219659409554446 9.8376299053113385 -165.6321479756425 1
v -32.219659409554446 10.150204047933032 -165.6321479756425 1
v -31.120373525185858 10.15020404793303 -163.22702414282833 0.70710678118654757
v -28.715249692371707 10.150204047933032 -164.32631002719694 1
v -26.310125859557552 10.15020404793303 -165.4255959115655 0.70710678118654757
v -27.409411743926135 10.150204047933032 -167.83071974437968 1
v -28.50869762829473 10.15020404793303 -170.23584357719378 0.70710678118654757
v -30.913821461108881 10.150204047933032 -169.13655769282522 1
v -33.318945293923036 10.15020404793303 -168.0372718084566 0.70710678118654757
v -32.219659409554446 10.150204047933032 -165.6321479756425 1
cstype rat bspline
deg 2 1
surf 0 26.578480228423956 0 0.5 1853 1854 1855 1856 1857 1858 1859 1860 1861 1862 1863 1864 1865 1866 1867 1868 1869 1870
parm u 0 0 0 6.644620057105989 6.644620057105989 13.289240114211978 13.289240114211978 19.933860171317967 19.933860171317967 26.578480228423956 26.578480228423956 26.578480228423956
parm v 0 0 0.5 0.5
trim 0 26.578480228423956 482 0 0.5 483 0 26.578480228423956 484 0 0.5 485
end
# - trim loop
vp 4.2300965082238804 0
vp 4.1594766054567476 0.76972127263437229
vp 3.9330942457116014 1.5570761456133617
vp 3.5405717894050786 2.3147500670605421
vp 2.9911299260386421 2.9911299260386421
vp 2.3147500670605421 3.5405717894050786
vp 1.5570761456133617 3.9330942457116014
vp 0.76972127263437251 4.1594766054567476
vp 0 4.2300965082238804
vp -0.76972127263437207 4.1594766054567476
vp -1.5570761456133613 3.9330942457116014
vp -2.3147500670605421 3.5405717894050786
vp -2.9911299260386421 2.9911299260386421
vp -3.5405717894050786 2.3147500670605421
vp -3.9330942457116014 1.5570761456133619
vp -4.1594766054567476 0.76972127263437262
vp -4.2300965082238804 0
vp -4.1594766054567476 -0.76972127263437196
vp -3.9330942457116014 -1.5570761456133613
vp -3.5405717894050786 -2.3147500670605421
vp -2.9911299260386426 -2.9911299260386421
vp -2.3147500670605425 -3.5405717894050786
vp -1.5570761456133622 -3.9330942457116014
vp -0.76972127263437307 -4.1594766054567476
vp 0 -4.2300965082238804
vp 0.76972127263437151 -4.1594766054567476
vp 1.5570761456133606 -3.9330942457116014
vp 2.3147500670605412 -3.5405717894050786
vp 2.9911299260386413 -2.9911299260386421
vp 3.5405717894050777 -2.3147500670605421
vp 3.9330942457116005 -1.5570761456133617
vp 4.1594766054567476 -0.76972127263437229
cstype bezier
deg 1
curv2 5561 5562 5563 5564 5565 5566 5567 5568 5569 5570 5571 5572 5573 5574 5575 5576 5577 5578 5579 5580 5581 5582 5583 5584 5585 5586 5587 5588 5589 5590 5591 5592 5561
parm u 0 0.83057750713824863 1.6611550142764973 2.4917325214147459 3.3223100285529945 4.1528875356912431 4.9834650428294918 5.8140425499677404 6.644620057105989 7.4751975642442376 8.3057750713824863 9.1363525785207358 9.9669300856589835 10.797507592797231 11.628085099935481 12.45866260707373 13.289240114211978 14.119817621350226 14.950395128488475 15.780972635626725 16.611550142764973 17.44212764990322 18.272705157041472 19.103282664179719 19.933860171317967 20.764437678456215 21.595015185594463 22.425592692732714 23.256170199870962 24.086747707009209 24.917325214147461 25.747902721285708 26.578480228423956
end
# - hole loop
vp 0.30016816712680683 0.650933068399838
vp 0.41360273820559079 0.58544646471008022
vp 0.51869786890271452 0.49473963747457683
vp 0.60743633232517624 0.38057310764691582
vp 0.6725301332357928 0.24802824029238937
vp 0.70908300506197508 0.10495751533344291
vp 0.7157202660710974 -0.039487831388997571
vp 0.69468549656478029 -0.17671120212150951
vp 0.65093306839983001 -0.30016816712679883
vp 0.58544646471007444 -0.41360273820558768
vp 0.49473963747457278 -0.51869786890271596
vp 0.38057310764691299 -0.60743633232518146
vp 0.24802824029238704 -0.67253013323580091
vp 0.10495751533344032 -0.70908300506198474
vp -0.039487831389001124 -0.71572026607110739
vp -0.17671120212151459 -0.69468549656478928
vp -0.30016816712680594 -0.65093306839983711
vp -0.41360273820558935 -0.58544646471008277
vp -0.51869786890271297 -0.49473963747458227
vp -0.60743633232517502 -0.38057310764692315
vp -0.67253013323579258 -0.24802824029239745
vp -0.7090830050619763 -0.10495751533345048
vp -0.7157202660711004 0.039487831388991645
vp -0.69468549656478529 0.17671120212150618
vp -0.65093306839983711 0.30016816712679883
vp -0.58544646471008022 0.41360273820558435
vp -0.49473963747457722 0.51869786890271008
vp -0.3805731076469161 0.60743633232517402
vp -0.24802824029238885 0.6725301332357928
vp -0.10495751533344107 0.70908300506197741
vp 0.039487831389001186 0.71572026607110195
vp 0.1767112021215152 0.69468549656478673
cstype bezier
deg 1
curv2 5593 5594 5595 5596 5597 5598 5599 5600 5601 5602 5603 5604 5605 5606 5607 5608 5609 5610 5611 5612 5613 5614 5615 5616 5617 5618 5619 5620 5621 5622 5623 5624 5593
parm u 0 0.14074506948935789 0.28149013897871578 0.42223520846807366 0.56298027795743155 0.7037253474467895 0.84447041693614733 0.98521548642550516 1.1259605559148631 1.266705625404221 1.407450694893579 1.5481957643829367 1.6889408338722947 1.8296859033616526 1.9704309728510103 2.111176042340368 2.2519211118297262 2.3926661813190844 2.5334112508084421 2.6741563202977998 2.814901389787158 2.9556464592765157 3.0963915287658734 3.2371365982552316 3.3778816677445893 3.518626737233947 3.6593718067233052 3.8001168762126629 3.9408619457020206 4.0816070151913788 4.2223520846807361 4.3630971541700942 4.5038422236594524
end
v -28.182238141183333 9.8376299053113385 -171.11194600648952
v -34.195047723218714 9.8376299053113385 -168.36373129556804
v -25.434023430261863 9.8376299053113385 -165.09913642445414
v -31.446833012297247 9.8376299053113385 -162.35092171353267
cstype bspline
deg 1 1
surf -5.2876206352798505 5.2876206352798505 -5.2876206352798505 5.2876206352798505 1871 1872 1873 1874
parm u -5.2876206352798505 -5.2876206352798505 5.2876206352798505 5.2876206352798505
parm v -5.2876206352798505 -5.2876206352798505 5.2876206352798505 5.2876206352798505
trim 0 26.578480228423956 486
hole 0 4.5038422236594524 487
end
# - trim loop
vp 4.2300965082238804 0
vp 4.1594766054567476 0.76972127263437229
vp 3.9330942457116014 1.5570761456133617
vp 3.5405717894050786 2.3147500670605421
vp 2.9911299260386421 2.9911299260386421
vp 2.3147500670605421 3.5405717894050786
vp 1.5570761456133617 3.9330942457116014
vp 0.76972127263437251 4.1594766054567476
vp 0 4.2300965082238804
vp -0.76972127263437207 4.1594766054567476
vp -1.5570761456133613 3.9330942457116014
vp -2.3147500670605421 3.5405717894050786
vp -2.9911299260386421 2.9911299260386421
vp -3.5405717894050786 2.3147500670605421
vp -3.9330942457116014 1.5570761456133619
vp -4.1594766054567476 0.76972127263437262
vp -4.2300965082238804 0
vp -4.1594766054567476 -0.76972127263437196
vp -3.9330942457116014 -1.5570761456133613
vp -3.5405717894050786 -2.3147500670605421
vp -2.9911299260386426 -2.9911299260386421
vp -2.3147500670605425 -3.5405717894050786
vp -1.5570761456133622 -3.9330942457116014
vp -0.76972127263437307 -4.1594766054567476
vp 0 -4.2300965082238804
vp 0.76972127263437151 -4.1594766054567476
vp 1.5570761456133606 -3.9330942457116014
vp 2.3147500670605412 -3.5405717894050786
vp 2.9911299260386413 -2.9911299260386421
vp 3.5405717894050777 -2.3147500670605421
vp 3.9330942457116005 -1.5570761456133617
vp 4.1594766054567476 -0.76972127263437229
cstype bezier
deg 1
curv2 5625 5626 5627 5628 5629 5630 5631 5632 5633 5634 5635 5636 5637 5638 5639 5640 5641 5642 5643 5644 5645 5646 5647 5648 5649 5650 5651 5652 5653 5654 5655 5656 5625
parm u 0 0.83057750713824863 1.6611550142764973 2.4917325214147459 3.3223100285529945 4.1528875356912431 4.9834650428294918 5.8140425499677404 6.644620057105989 7.4751975642442376 8.3057750713824863 9.1363525785207358 9.9669300856589835 10.797507592797231 11.628085099935481 12.45866260707373 13.289240114211978 14.119817621350226 14.950395128488475 15.780972635626725 16.611550142764973 17.44212764990322 18.272705157041472 19.103282664179719 19.933860171317967 20.764437678456215 21.595015185594463 22.425592692732714 23.256170199870962 24.086747707009209 24.917325214147461 25.747902721285708 26.578480228423956
end
v -28.182238141183333 10.150204047933032 -171.11194600648952
v -34.195047723218714 10.150204047933032 -168.36373129556804
v -25.434023430261863 10.150204047933032 -165.09913642445414
v -31.446833012297247 10.150204047933032 -162.35092171353267
cstype bspline
deg 1 1
surf -5.2876206352798505 5.2876206352798505 -5.2876206352798505 5.2876206352798505 1875 1876 1877 1878
parm u -5.2876206352798505 -5.2876206352798505 5.2876206352798505 5.2876206352798505
parm v -5.2876206352798505 -5.2876206352798505 5.2876206352798505 5.2876206352798505
trim 0 26.578480228423956 488
end
# - trim loop
vp 4.5038422236594524 0.49999999999999972
vp 4.5038422236594524 8.2982877820565957
cstype bezier
deg 1
curv2 5657 5658
parm u 0.49999999999999978 8.2982877820565957
end
vp 4.5038422236594524 8.2982877820565957
vp 0 8.2982877820565957
cstype bezier
deg 1
curv2 5659 5660
parm u 0 4.5038422236594524
end
vp 0 8.2982877820565957
vp 0 0.50000000000000089
cstype bezier
deg 1
curv2 5661 5662
parm u 0 7.7982877820565948
end
vp 0 0.50000000000000089
vp 4.5038422236594524 0.49999999999999972
cstype bezier
deg 1
curv2 5663 5664
parm u 0 4.5038422236594524
end
v -29.816043835201 10.150204047933032 -166.28332463561173 1
v -30.264153059600346 10.15020404793303 -166.28483289407242 0.70710678118654757
v -30.262644801139636 10.150204047933032 -166.73294211847178 1
v -30.261136542678926 10.15020404793303 -167.18105134287111 0.70710678118654757
v -29.81302731827958 10.150204047933032 -167.1795430844104 1
v -29.364918093880235 10.15020404793303 -167.17803482594968 0.70710678118654757
v -29.366426352340945 10.150204047933032 -166.72992560155035 1
v -29.367934610801662 10.15020404793303 -166.281816377151 0.70710678118654757
v -29.816043835201 10.150204047933032 -166.28332463561173 1
v -29.816043835201 4.9625436705241945 -166.28332463561173 1
v -30.264153059600346 4.9625436705241945 -166.28483289407242 0.70710678118654757
v -30.262644801139636 4.9625436705241945 -166.73294211847178 1
v -30.261136542678926 4.9625436705241945 -167.18105134287111 0.70710678118654757
v -29.81302731827958 4.9625436705241945 -167.1795430844104 1
v -29.364918093880235 4.9625436705241945 -167.17803482594968 0.70710678118654757
v -29.366426352340945 4.9625436705241945 -166.72992560155035 1
v -29.367934610801662 4.9625436705241945 -166.281816377151 0.70710678118654757
v -29.816043835201 4.9625436705241945 -166.28332463561173 1
cstype rat bspline
deg 2 1
surf 0 4.5038422236594524 0 8.2982877820565957 1879 1880 1881 1882 1883 1884 1885 1886 1887 1888 1889 1890 1891 1892 1893 1894 1895 1896
parm u 0 0 0 1.1259605559148631 1.1259605559148631 2.2519211118297262 2.2519211118297262 3.3778816677445893 3.3778816677445893 4.5038422236594524 4.5038422236594524 4.5038422236594524
parm v 0 0 8.2982877820565957 8.2982877820565957
trim 0.49999999999999978 8.2982877820565957 489 0 4.5038422236594524 490 0 7.7982877820565948 491 0 4.5038422236594524 492
end
usemtl diffuse_170_230_123_255
# - trim loop
vp 0.71680875280139555 0
vp 0.70484189475760139 0.13043270865548445
vp 0.66648039245388924 0.26385350967383803
vp 0.59996570849700792 0.3922447408447633
vp 0.50686032991973851 0.50686032991973851
vp 0.3922447408447633 0.59996570849700792
vp 0.26385350967383808 0.66648039245388924
vp 0.13043270865548445 0.70484189475760139
vp 0 0.71680875280139555
vp -0.13043270865548437 0.70484189475760151
vp -0.26385350967383792 0.66648039245388946
vp -0.39224474084476318 0.59996570849700803
vp -0.50686032991973839 0.50686032991973851
vp -0.59996570849700792 0.39224474084476335
vp -0.66648039245388924 0.26385350967383808
vp -0.70484189475760139 0.13043270865548454
vp -0.71680875280139555 0
vp -0.70484189475760151 -0.13043270865548434
vp -0.66648039245388946 -0.26385350967383792
vp -0.59996570849700803 -0.39224474084476318
vp -0.50686032991973851 -0.50686032991973839
vp -0.39224474084476335 -0.59996570849700792
vp -0.26385350967383808 -0.66648039245388924
vp -0.13043270865548454 -0.70484189475760139
vp 0 -0.71680875280139555
vp 0.13043270865548429 -0.70484189475760139
vp 0.2638535096738378 -0.66648039245388924
vp 0.39224474084476307 -0.59996570849700792
vp 0.50686032991973828 -0.50686032991973851
vp 0.59996570849700781 -0.3922447408447633
vp 0.66648039245388913 -0.26385350967383803
vp 0.70484189475760139 -0.13043270865548445
cstype bezier
deg 1
curv2 5665 5666 5667 5668 5669 5670 5671 5672 5673 5674 5675 5676 5677 5678 5679 5680 5681 5682 5683 5684 5685 5686 5687 5688 5689 5690 5691 5692 5693 5694 5695 5696 5665
parm u 0 0.14074506948935789 0.28149013897871578 0.42223520846807366 0.56298027795743155 0.7037253474467895 0.84447041693614733 0.98521548642550516 1.1259605559148631 1.266705625404221 1.407450694893579 1.5481957643829367 1.6889408338722947 1.8296859033616526 1.9704309728510103 2.111176042340368 2.2519211118297262 2.3926661813190844 2.5334112508084421 2.6741563202977998 2.814901389787158 2.9556464592765157 3.0963915287658734 3.2371365982552316 3.3778816677445893 3.518626737233947 3.6593718067233052 3.8001168762126629 3.9408619457020206 4.0816070151913788 4.2223520846807361 4.3630971541700942 4.5038422236594524
end
v -18.565002766172249 4.9625436705241945 -101.86641239399114
v -18.56877341232402 4.9625436705241945 -100.7461393329928
v -19.685275827170614 4.9625436705241945 -101.8701830401429
v -19.689046473322385 4.9625436705241945 -100.74990997914456
cstype bspline
deg 1 1
surf -0.8960109410017445 0.8960109410017445 -0.8960109410017445 0.8960109410017445 1897 1898 1899 1900
parm u -0.8960109410017445 -0.8960109410017445 0.8960109410017445 0.8960109410017445
parm v -0.8960109410017445 -0.8960109410017445 0.8960109410017445 0.8960109410017445
trim 0 4.5038422236594524 493
end
# - trim loop
vp 0 0
vp 26.578480228423956 0
cstype bezier
deg 1
curv2 5697 5698
parm u 0 26.578480228423956
end
vp 26.578480228423956 0
vp 26.578480228423956 0.5
cstype bezier
deg 1
curv2 5699 5700
parm u 0 0.5
end
vp 26.578480228423956 0.5
vp 0 0.5
cstype bezier
deg 1
curv2 5701 5702
parm u 0 26.578480228423956
end
vp 0 0.5
vp 0 0
cstype bezier
deg 1
curv2 5703 5704
parm u 0 0.5
end
v -21.532148452561472 9.8376299053113385 -100.20887530219929 1
v -20.432862568192885 9.8376299053113367 -97.8037514693851 0.70710678118654757
v -18.027738735378733 9.8376299053113385 -98.90303735375372 1
v -15.622614902564584 9.8376299053113367 -100.0023232381223 0.70710678118654757
v -16.721900786933162 9.8376299053113385 -102.40744707093646 1
v -17.821186671301756 9.8376299053113367 -104.81257090375058 0.70710678118654757
v -20.226310504115908 9.8376299053113385 -103.713285019382 1
v -22.631434336930059 9.8376299053113367 -102.6139991350134 0.70710678118654757
v -21.532148452561472 9.8376299053113385 -100.20887530219929 1
v -21.532148452561472 10.150204047933032 -100.20887530219929 1
v -20.432862568192885 10.15020404793303 -97.8037514693851 0.70710678118654757
v -18.027738735378733 10.150204047933032 -98.90303735375372 1
v -15.622614902564584 10.15020404793303 -100.0023232381223 0.70710678118654757
v -16.721900786933162 10.150204047933032 -102.40744707093646 1
v -17.821186671301756 10.15020404793303 -104.81257090375058 0.70710678118654757
v -20.226310504115908 10.150204047933032 -103.713285019382 1
v -22.631434336930059 10.15020404793303 -102.6139991350134 0.70710678118654757
v -21.532148452561472 10.150204047933032 -100.20887530219929 1
cstype rat bspline
deg 2 1
surf 0 26.578480228423956 0 0.5 1901 1902 1903 1904 1905 1906 1907 1908 1909 1910 1911 1912 1913 1914 1915 1916 1917 1918
parm u 0 0 0 6.644620057105989 6.644620057105989 13.289240114211978 13.289240114211978 19.933860171317967 19.933860171317967 26.578480228423956 26.578480228423956 26.578480228423956
parm v 0 0 0.5 0.5
trim 0 26.578480228423956 494 0 0.5 495 0 26.578480228423956 496 0 0.5 497
end
# - trim loop
vp 4.2300965082238804 0
vp 4.1594766054567476 0.76972127263437229
vp 3.9330942457116014 1.5570761456133617
vp 3.5405717894050786 2.3147500670605421
vp 2.9911299260386421 2.9911299260386421
vp 2.3147500670605421 3.5405717894050786
vp 1.5570761456133617 3.9330942457116014
vp 0.76972127263437251 4.1594766054567476
vp 0 4.2300965082238804
vp -0.76972127263437207 4.1594766054567476
vp -1.5570761456133613 3.9330942457116014
vp -2.3147500670605421 3.5405717894050786
vp -2.9911299260386421 2.9911299260386421
vp -3.5405717894050786 2.3147500670605421
vp -3.9330942457116014 1.5570761456133619
vp -4.1594766054567476 0.76972127263437262
vp -4.2300965082238804 0
vp -4.1594766054567476 -0.76972127263437196
vp -3.9330942457116014 -1.5570761456133613
vp -3.5405717894050786 -2.3147500670605421
vp -2.9911299260386426 -2.9911299260386421
vp -2.3147500670605425 -3.5405717894050786
vp -1.5570761456133622 -3.9330942457116014
vp -0.76972127263437307 -4.1594766054567476
vp 0 -4.2300965082238804
vp 0.76972127263437151 -4.1594766054567476
vp 1.5570761456133606 -3.9330942457116014
vp 2.3147500670605412 -3.5405717894050786
vp 2.9911299260386413 -2.9911299260386421
vp 3.5405717894050777 -2.3147500670605421
vp 3.9330942457116005 -1.5570761456133617
vp 4.1594766054567476 -0.76972127263437229
cstype bezier
deg 1
curv2 5705 5706 5707 5708 5709 5710 5711 5712 5713 5714 5715 5716 5717 5718 5719 5720 5721 5722 5723 5724 5725 5726 5727 5728 5729 5730 5731 5732 5733 5734 5735 5736 5705
parm u 0 0.83057750713824863 1.6611550142764973 2.4917325214147459 3.3223100285529945 4.1528875356912431 4.9834650428294918 5.8140425499677404 6.644620057105989 7.4751975642442376 8.3057750713824863 9.1363525785207358 9.9669300856589835 10.797507592797231 11.628085099935481 12.45866260707373 13.289240114211978 14.119817621350226 14.950395128488475 15.780972635626725 16.611550142764973 17.44212764990322 18.272705157041472 19.103282664179719 19.933860171317967 20.764437678456215 21.595015185594463 22.425592692732714 23.256170199870962 24.086747707009209 24.917325214147461 25.747902721285708 26.578480228423956
end
# - hole loop
vp 0.30016816712680683 0.650933068399838
vp 0.41360273820559079 0.58544646471008022
vp 0.51869786890271452 0.49473963747457683
vp 0.60743633232517624 0.38057310764691582
vp 0.6725301332357928 0.24802824029238937
vp 0.70908300506197508 0.10495751533344291
vp 0.7157202660710974 -0.039487831388997571
vp 0.69468549656478029 -0.17671120212150951
vp 0.65093306839983001 -0.30016816712679883
vp 0.58544646471007444 -0.41360273820558768
vp 0.49473963747457278 -0.51869786890271596
vp 0.38057310764691299 -0.60743633232518146
vp 0.24802824029238704 -0.67253013323580091
vp 0.10495751533344032 -0.70908300506198474
vp -0.039487831389001124 -0.71572026607110739
vp -0.17671120212151459 -0.69468549656478928
vp -0.30016816712680594 -0.65093306839983711
vp -0.41360273820558935 -0.58544646471008277
vp -0.51869786890271297 -0.49473963747458227
vp -0.60743633232517502 -0.38057310764692315
vp -0.67253013323579258 -0.24802824029239745
vp -0.7090830050619763 -0.10495751533345048
vp -0.7157202660711004 0.039487831388991645
vp -0.69468549656478529 0.17671120212150618
vp -0.65093306839983711 0.30016816712679883
vp -0.58544646471008022 0.41360273820558435
vp -0.49473963747457722 0.51869786890271008
vp -0.3805731076469161 0.60743633232517402
vp -0.24802824029238885 0.6725301332357928
vp -0.10495751533344107 0.70908300506197741
vp 0.039487831389001186 0.71572026607110195
vp 0.1767112021215152 0.69468549656478673
cstype bezier
deg 1
curv2 5737 5738 5739 5740 5741 5742 5743 5744 5745 5746 5747 5748 5749 5750 5751 5752 5753 5754 5755 5756 5757 5758 5759 5760 5761 5762 5763 5764 5765 5766 5767 5768 5737
parm u 0 0.14074506948935789 0.28149013897871578 0.42223520846807366 0.56298027795743155 0.7037253474467895 0.84447041693614733 0.98521548642550516 1.1259605559148631 1.266705625404221 1.407450694893579 1.5481957643829367 1.6889408338722947 1.8296859033616526 1.9704309728510103 2.111176042340368 2.2519211118297262 2.3926661813190844 2.5334112508084421 2.6741563202977998 2.814901389787158 2.9556464592765157 3.0963915287658734 3.2371365982552316 3.3778816677445893 3.518626737233947 3.6593718067233052 3.8001168762126629 3.9408619457020206 4.0816070151913788 4.2223520846807361 4.3630971541700942 4.5038422236594524
end
v -17.49472718419036 9.8376299053113385 -105.68867333304628
v -23.507536766225744 9.8376299053113385 -102.94045862212481
v -14.746512473268892 9.8376299053113385 -99.675863751010908
v -20.759322055304274 9.8376299053113385 -96.927649040089435
cstype bspline
deg 1 1
surf -5.2876206352798505 5.2876206352798505 -5.2876206352798505 5.2876206352798505 1919 1920 1921 1922
parm u -5.2876206352798505 -5.2876206352798505 5.2876206352798505 5.2876206352798505
parm v -5.2876206352798505 -5.2876206352798505 5.2876206352798505 5.2876206352798505
trim 0 26.578480228423956 498
hole 0 4.5038422236594524 499
end
# - trim loop
vp 4.2300965082238804 0
vp 4.1594766054567476 0.76972127263437229
vp 3.9330942457116014 1.5570761456133617
vp 3.5405717894050786 2.3147500670605421
vp 2.9911299260386421 2.9911299260386421
vp 2.3147500670605421 3.5405717894050786
vp 1.5570761456133617 3.9330942457116014
vp 0.76972127263437251 4.1594766054567476
vp 0 4.2300965082238804
vp -0.76972127263437207 4.1594766054567476
vp -1.5570761456133613 3.9330942457116014
vp -2.3147500670605421 3.5405717894050786
vp -2.9911299260386421 2.9911299260386421
vp -3.5405717894050786 2.3147500670605421
vp -3.9330942457116014 1.5570761456133619
vp -4.1594766054567476 0.76972127263437262
vp -4.2300965082238804 0
vp -4.1594766054567476 -0.76972127263437196
vp -3.9330942457116014 -1.5570761456133613
vp -3.5405717894050786 -2.3147500670605421
vp -2.9911299260386426 -2.9911299260386421
vp -2.3147500670605425 -3.5405717894050786
vp -1.5570761456133622 -3.9330942457116014
vp -0.76972127263437307 -4.1594766054567476
vp 0 -4.2300965082238804
vp 0.76972127263437151 -4.1594766054567476
vp 1.5570761456133606 -3.9330942457116014
vp 2.3147500670605412 -3.5405717894050786
vp 2.9911299260386413 -2.9911299260386421
vp 3.5405717894050777 -2.3147500670605421
vp 3.9330942457116005 -1.5570761456133617
vp 4.1594766054567476 -0.76972127263437229
cstype bezier
deg 1
curv2 5769 5770 5771 5772 5773 5774 5775 5776 5777 5778 5779 5780 5781 5782 5783 5784 5785 5786 5787 5788 5789 5790 5791 5792 5793 5794 5795 5796 5797 5798 5799 5800 5769
parm u 0 0.83057750713824863 1.6611550142764973 2.4917325214147459 3.3223100285529945 4.1528875356912431 4.9834650428294918 5.8140425499677404 6.644620057105989 7.4751975642442376 8.3057750713824863 9.1363525785207358 9.9669300856589835 10.797507592797231 11.628085099935481 12.45866260707373 13.289240114211978 14.119817621350226 14.950395128488475 15.780972635626725 16.611550142764973 17.44212764990322 18.272705157041472 19.103282664179719 19.933860171317967 20.764437678456215 21.595015185594463 22.425592692732714 23.256170199870962 24.086747707009209 24.917325214147461 25.747902721285708 26.578480228423956
end
v -17.49472718419036 10.150204047933032 -105.68867333304628
v -23.507536766225744 10.150204047933032 -102.94045862212481
v -14.746512473268892 10.150204047933032 -99.675863751010908
v -20.759322055304274 10.150204047933032 -96.927649040089435
cstype bspline
deg 1 1
surf -5.2876206352798505 5.2876206352798505 -5.2876206352798505 5.2876206352798505 1923 1924 1925 1926
parm u -5.2876206352798505 -5.2876206352798505 5.2876206352798505 5.2876206352798505
parm v -5.2876206352798505 -5.2876206352798505 5.2876206352798505 5.2876206352798505
trim 0 26.578480228423956 500
end
# - trim loop
vp 4.5038422236594524 0.49999999999999972
vp 4.5038422236594524 8.2982877820565957
cstype bezier
deg 1
curv2 5801 5802
parm u 0.49999999999999978 8.2982877820565957
end
vp 4.5038422236594524 8.2982877820565957
vp 0 8.2982877820565957
cstype bezier
deg 1
curv2 5803 5804
parm u 0 4.5038422236594524
end
vp 0 8.2982877820565957
vp 0 0.50000000000000089
cstype bezier
deg 1
curv2 5805 5806
parm u 0 7.7982877820565948
end
vp 0 0.50000000000000089
vp 4.5038422236594524 0.49999999999999972
cstype bezier
deg 1
curv2 5807 5808
parm u 0 4.5038422236594524
end
v -19.128532878208027 10.150204047933032 -100.86005196216851 1
v -19.576642102607376 10.15020404793303 -100.86156022062922 0.70710678118654757
v -19.575133844146663 10.150204047933032 -101.30966944502856 1
v -19.573625585685953 10.15020404793303 -101.75777866942789 0.70710678118654757
v -19.125516361286607 10.150204047933032 -101.75627041096718 1
v -18.677407136887261 10.15020404793303 -101.75476215250647 0.70710678118654757
v -18.678915395347971 10.150204047933032 -101.30665292810713 1
v -18.680423653808688 10.15020404793303 -100.8585437037078 0.70710678118654757
v -19.128532878208027 10.150204047933032 -100.86005196216851 1
v -19.128532878208027 4.9625436705241945 -100.86005196216851 1
v -19.576642102607376 4.9625436705241945 -100.86156022062922 0.70710678118654757
v -19.575133844146663 4.9625436705241945 -101.30966944502856 1
v -19.573625585685953 4.9625436705241945 -101.75777866942789 0.70710678118654757
v -19.125516361286607 4.9625436705241945 -101.75627041096718 1
v -18.677407136887261 4.9625436705241945 -101.75476215250647 0.70710678118654757
v -18.678915395347971 4.9625436705241945 -101.30665292810713 1
v -18.680423653808688 4.9625436705241945 -100.8585437037078 0.70710678118654757
v -19.128532878208027 4.9625436705241945 -100.86005196216851 1
cstype rat bspline
deg 2 1
surf 0 4.5038422236594524 0 8.2982877820565957 1927 1928 1929 1930 1931 1932 1933 1934 1935 1936 1937 1938 1939 1940 1941 1942 1943 1944
parm u 0 0 0 1.1259605559148631 1.1259605559148631 2.2519211118297262 2.2519211118297262 3.3778816677445893 3.3778816677445893 4.5038422236594524 4.5038422236594524 4.5038422236594524
parm v 0 0 8.2982877820565957 8.2982877820565957
trim 0.49999999999999978 8.2982877820565957 501 0 4.5038422236594524 502 0 7.7982877820565948 503 0 4.5038422236594524 504
end
usemtl diffuse_170_230_123_255
# - trim loop
vp 0.71680875280139555 0
vp 0.70484189475760139 0.13043270865548445
vp 0.66648039245388924 0.26385350967383803
vp 0.59996570849700792 0.3922447408447633
vp 0.50686032991973851 0.50686032991973851
vp 0.3922447408447633 0.59996570849700792
vp 0.26385350967383808 0.66648039245388924
vp 0.13043270865548445 0.70484189475760139
vp 0 0.71680875280139555
vp -0.13043270865548437 0.70484189475760151
vp -0.26385350967383792 0.66648039245388946
vp -0.39224474084476318 0.59996570849700803
vp -0.50686032991973839 0.50686032991973851
vp -0.59996570849700792 0.39224474084476335
vp -0.66648039245388924 0.26385350967383808
vp -0.70484189475760139 0.13043270865548454
vp -0.71680875280139555 0
vp -0.70484189475760151 -0.13043270865548434
vp -0.66648039245388946 -0.26385350967383792
vp -0.59996570849700803 -0.39224474084476318
vp -0.50686032991973851 -0.50686032991973839
vp -0.39224474084476335 -0.59996570849700792
vp -0.26385350967383808 -0.66648039245388924
vp -0.13043270865548454 -0.70484189475760139
vp 0 -0.71680875280139555
vp 0.13043270865548429 -0.70484189475760139
vp 0.2638535096738378 -0.66648039245388924
vp 0.39224474084476307 -0.59996570849700792
vp 0.50686032991973828 -0.50686032991973851
vp 0.59996570849700781 -0.3922447408447633
vp 0.66648039245388913 -0.26385350967383803
vp 0.70484189475760139 -0.13043270865548445
cstype bezier
deg 1
curv2 5809 5810 5811 5812 5813 5814 5815 5816 5817 5818 5819 5820 5821 5822 5823 5824 5825 5826 5827 5828 5829 5830 5831 5832 5833 5834 5835 5836 5837 5838 5839 5840 5809
parm u 0 0.14074506948935789 0.28149013897871578 0.42223520846807366 0.56298027795743155 0.7037253474467895 0.84447041693614733 0.98521548642550516 1.1259605559148631 1.266705625404221 1.407450694893579 1.5481957643829367 1.6889408338722947 1.8296859033616526 1.9704309728510103 2.111176042340368 2.2519211118297262 2.3926661813190844 2.5334112508084421 2.6741563202977998 2.814901389787158 2.9556464592765157 3.0963915287658734 3.2371365982552316 3.3778816677445893 3.518626737233947 3.6593718067233052 3.8001168762126629 3.9408619457020206 4.0816070151913788 4.2223520846807361 4.3630971541700942 4.5038422236594524
end
v -24.761509997082165 4.9625436705241945 -138.58388722254099
v -24.765280643233936 4.9625436705241945 -137.46361416154264
v -25.881783058080529 4.9625436705241945 -138.58765786869279
v -25.885553704232301 4.9625436705241945 -137.46738480769443
cstype bspline
deg 1 1
surf -0.8960109410017445 0.8960109410017445 -0.8960109410017445 0.8960109410017445 1945 1946 1947 1948
parm u -0.8960109410017445 -0.8960109410017445 0.8960109410017445 0.8960109410017445
parm v -0.8960109410017445 -0.8960109410017445 0.8960109410017445 0.8960109410017445
trim 0 4.5038422236594524 505
end
# - trim loop
vp 0 0
vp 26.578480228423956 0
cstype bezier
deg 1
curv2 5841 5842
parm u 0 26.578480228423956
end
vp 26.578480228423956 0
vp 26.578480228423956 0.5
cstype bezier
deg 1
curv2 5843 5844
parm u 0 0.5
end
vp 26.578480228423956 0.5
vp 0 0.5
cstype bezier
deg 1
curv2 5845 5846
parm u 0 26.578480228423956
end
vp 0 0.5
vp 0 0
cstype bezier
deg 1
curv2 5847 5848
parm u 0 0.5
end
v -27.728655683471388 9.8376299053113385 -136.92635013074914 1
v -26.6293697991028 9.8376299053113367 -134.52122629793496 0.70710678118654757
v -24.224245966288649 9.8376299053113385 -135.62051218230357 1
v -21.819122133474497 9.8376299053113367 -136.71979806667215 0.70710678118654757
v -22.918408017843078 9.8376299053113385 -139.1249218994863 1
v -24.017693902211672 9.8376299053113367 -141.53004573230044 0.70710678118654757
v -26.422817735025824 9.8376299053113385 -140.43075984793185 1
v -28.827941567839972 9.8376299053113367 -139.33147396356324 0.70710678118654757
v -27.728655683471388 9.8376299053113385 -136.92635013074914 1
v -27.728655683471388 10.150204047933032 -136.92635013074914 1
v -26.6293697991028 10.15020404793303 -134.52122629793496 0.70710678118654757
v -24.224245966288649 10.150204047933032 -135.62051218230357 1
v -21.819122133474497 10.15020404793303 -136.71979806667215 0.70710678118654757
v -22.918408017843078 10.150204047933032 -139.1249218994863 1
v -24.017693902211672 10.15020404793303 -141.53004573230044 0.70710678118654757
v -26.422817735025824 10.150204047933032 -140.43075984793185 1
v -28.827941567839972 10.15020404793303 -139.33147396356324 0.70710678118654757
v -27.728655683471388 10.150204047933032 -136.92635013074914 1
cstype rat bspline
deg 2 1
surf 0 26.578480228423956 0 0.5 1949 1950 1951 1952 1953 1954 1955 1956 1957 1958 1959 1960 1961 1962 1963 1964 1965 1966
parm u 0 0 0 6.644620057105989 6.644620057105989 13.289240114211978 13.289240114211978 19.933860171317967 19.933860171317967 26.578480228423956 26.578480228423956 26.578480228423956
parm v 0 0 0.5 0.5
trim 0 26.578480228423956 506 0 0.5 507 0 26.578480228423956 508 0 0.5 509
end
# - trim loop
vp 4.2300965082238804 0
vp 4.1594766054567476 0.76972127263437229
vp 3.9330942457116014 1.5570761456133617
vp 3.5405717894050786 2.3147500670605421
vp 2.9911299260386421 2.9911299260386421
vp 2.3147500670605421 3.5405717894050786
vp 1.5570761456133617 3.9330942457116014
vp 0.76972127263437251 4.1594766054567476
vp 0 4.2300965082238804
vp -0.76972127263437207 4.1594766054567476
vp -1.5570761456133613 3.9330942457116014
vp -2.3147500670605421 3.5405717894050786
vp -2.9911299260386421 2.9911299260386421
vp -3.5405717894050786 2.3147500670605421
vp -3.9330942457116014 1.5570761456133619
vp -4.1594766054567476 0.76972127263437262
vp -4.2300965082238804 0
vp -4.1594766054567476 -0.76972127263437196
vp -3.9330942457116014 -1.5570761456133613
vp -3.5405717894050786 -2.3147500670605421
vp -2.9911299260386426 -2.9911299260386421
vp -2.3147500670605425 -3.5405717894050786
vp -1.5570761456133622 -3.9330942457116014
vp -0.76972127263437307 -4.1594766054567476
vp 0 -4.2300965082238804
vp 0.76972127263437151 -4.1594766054567476
vp 1.5570761456133606 -3.9330942457116014
vp 2.3147500670605412 -3.5405717894050786
vp 2.9911299260386413 -2.9911299260386421
vp 3.5405717894050777 -2.3147500670605421
vp 3.9330942457116005 -1.5570761456133617
vp 4.1594766054567476 -0.76972127263437229
cstype bezier
deg 1
curv2 5849 5850 5851 5852 5853 5854 5855 5856 5857 5858 5859 5860 5861 5862 5863 5864 5865 5866 5867 5868 5869 5870 5871 5872 5873 5874 5875 5876 5877 5878 5879 5880 5849
parm u 0 0.83057750713824863 1.6611550142764973 2.4917325214147459 3.3223100285529945 4.1528875356912431 4.9834650428294918 5.8140425499677404 6.644620057105989 7.4751975642442376 8.3057750713824863 9.1363525785207358 9.9669300856589835 10.797507592797231 11.628085099935481 12.45866260707373 13.289240114211978 14.119817621350226 14.950395128488475 15.780972635626725 16.611550142764973 17.44212764990322 18.272705157041472 19.103282664179719 19.933860171317967 20.764437678456215 21.595015185594463 22.425592692732714 23.256170199870962 24.086747707009209 24.917325214147461 25.747902721285708 26.578480228423956
end
# - hole loop
vp 0.30016816712680683 0.650933068399838
vp 0.41360273820559079 0.58544646471008022
vp 0.51869786890271452 0.49473963747457683
vp 0.60743633232517624 0.38057310764691582
vp 0.6725301332357928 0.24802824029238937
vp 0.70908300506197508 0.10495751533344291
vp 0.7157202660710974 -0.039487831388997571
vp 0.69468549656478029 -0.17671120212150951
vp 0.65093306839983001 -0.30016816712679883
vp 0.58544646471007444 -0.41360273820558768
vp 0.49473963747457278 -0.51869786890271596
vp 0.38057310764691299 -0.60743633232518146
vp 0.24802824029238704 -0.67253013323580091
vp 0.10495751533344032 -0.70908300506198474
vp -0.039487831389001124 -0.71572026607110739
vp -0.17671120212151459 -0.69468549656478928
vp -0.30016816712680594 -0.65093306839983711
vp -0.41360273820558935 -0.58544646471008277
vp -0.51869786890271297 -0.49473963747458227
vp -0.60743633232517502 -0.38057310764692315
vp -0.67253013323579258 -0.24802824029239745
vp -0.7090830050619763 -0.10495751533345048
vp -0.7157202660711004 0.039487831388991645
vp -0.69468549656478529 0.17671120212150618
vp -0.65093306839983711 0.30016816712679883
vp -0.58544646471008022 0.41360273820558435
vp -0.49473963747457722 0.51869786890271008
vp -0.3805731076469161 0.60743633232517402
vp -0.24802824029238885 0.6725301332357928
vp -0.10495751533344107 0.70908300506197741
vp 0.039487831389001186 0.71572026607110195
vp 0.1767112021215152 0.69468549656478673
cstype bezier
deg 1
curv2 5881 5882 5883 5884 5885 5886 5887 5888 5889 5890 5891 5892 5893 5894 5895 5896 5897 5898 5899 5900 5901 5902 5903 5904 5905 5906 5907 5908 5909 5910 5911 5912 5881
parm u 0 0.14074506948935789 0.28149013897871578 0.42223520846807366 0.56298027795743155 0.7037253474467895 0.84447041693614733 0.98521548642550516 1.1259605559148631 1.266705625404221 1.407450694893579 1.5481957643829367 1.6889408338722947 1.8296859033616526 1.9704309728510103 2.111176042340368 2.2519211118297262 2.3926661813190844 2.5334112508084421 2.6741563202977998 2.814901389787158 2.9556464592765157 3.0963915287658734 3.2371365982552316 3.3778816677445893 3.518626737233947 3.6593718067233052 3.8001168762126629 3.9408619457020206 4.0816070151913788 4.2223520846807361 4.3630971541700942 4.5038422236594524
end
v -23.691234415100276 9.8376299053113385 -142.40614816159615
v -29.70404399713566 9.8376299053113385 -139.65793345067468
v -20.943019704178806 9.8376299053113385 -136.39333857956078
v -26.95582928621419 9.8376299053113385 -133.6451238686393
cstype bspline
deg 1 1
surf -5.2876206352798505 5.2876206352798505 -5.2876206352798505 5.2876206352798505 1967 1968 1969 1970
parm u -5.2876206352798505 -5.2876206352798505 5.2876206352798505 5.2876206352798505
parm v -5.2876206352798505 -5.2876206352798505 5.2876206352798505 5.2876206352798505
trim 0 26.578480228423956 510
hole 0 4.5038422236594524 511
end
# - trim loop
vp 4.2300965082238804 0
vp 4.1594766054567476 0.76972127263437229
vp 3.9330942457116014 1.5570761456133617
vp 3.5405717894050786 2.3147500670605421
vp 2.9911299260386421 2.9911299260386421
vp 2.3147500670605421 3.5405717894050786
vp 1.5570761456133617 3.9330942457116014
vp 0.76972127263437251 4.1594766054567476
vp 0 4.2300965082238804
vp -0.76972127263437207 4.1594766054567476
vp -1.5570761456133613 3.9330942457116014
vp -2.3147500670605421 3.5405717894050786
vp -2.9911299260386421 2.9911299260386421
vp -3.5405717894050786 2.3147500670605421
vp -3.9330942457116014 1.5570761456133619
vp -4.1594766054567476 0.76972127263437262
vp -4.2300965082238804 0
vp -4.1594766054567476 -0.76972127263437196
vp -3.9330942457116014 -1.5570761456133613
vp -3.5405717894050786 -2.3147500670605421
vp -2.9911299260386426 -2.9911299260386421
vp -2.3147500670605425 -3.5405717894050786
vp -1.5570761456133622 -3.9330942457116014
vp -0.76972127263437307 -4.1594766054567476
vp 0 -4.2300965082238804
vp 0.76972127263437151 -4.1594766054567476
vp 1.5570761456133606 -3.9330942457116014
vp 2.3147500670605412 -3.5405717894050786
vp 2.9911299260386413 -2.9911299260386421
vp 3.5405717894050777 -2.3147500670605421
vp 3.9330942457116005 -1.5570761456133617
vp 4.1594766054567476 -0.76972127263437229
cstype bezier
deg 1
curv2 5913 5914 5915 5916 5917 5918 5919 5920 5921 5922 5923 5924 5925 5926 5927 5928 5929 5930 5931 5932 5933 5934 5935 5936 5937 5938 5939 5940 5941 5942 5943 5944 5913
parm u 0 0.83057750713824863 1.6611550142764973 2.4917325214147459 3.3223100285529945 4.1528875356912431 4.9834650428294918 5.8140425499677404 6.644620057105989 7.4751975642442376 8.3057750713824863 9.1363525785207358 9.9669300856589835 10.797507592797231 11.628085099935481 12.45866260707373 13.289240114211978 14.119817621350226 14.950395128488475 15.780972635626725 16.611550142764973 17.44212764990322 18.272705157041472 19.103282664179719 19.933860171317967 20.764437678456215 21.595015185594463 22.425592692732714 23.256170199870962 24.086747707009209 24.917325214147461 25.747902721285708 26.578480228423956
end
v -23.691234415100276 10.150204047933032 -142.40614816159615
v -29.70404399713566 10.150204047933032 -139.65793345067468
v -20.943019704178806 10.150204047933032 -136.39333857956078
v -26.95582928621419 10.150204047933032 -133.6451238686393
cstype bspline
deg 1 1
surf -5.2876206352798505 5.2876206352798505 -5.2876206352798505 5.2876206352798505 1971 1972 1973 1974
parm u -5.2876206352798505 -5.2876206352798505 5.2876206352798505 5.2876206352798505
parm v -5.2876206352798505 -5.2876206352798505 5.2876206352798505 5.2876206352798505
trim 0 26.578480228423956 512
end
# - trim loop
vp 4.5038422236594524 0.49999999999999972
vp 4.5038422236594524 8.2982877820565957
cstype bezier
deg 1
curv2 5945 5946
parm u 0.49999999999999978 8.2982877820565957
end
vp 4.5038422236594524 8.2982877820565957
vp 0 8.2982877820565957
cstype bezier
deg 1
curv2 5947 5948
parm u 0 4.5038422236594524
end
vp 0 8.2982877820565957
vp 0 0.50000000000000089
cstype bezier
deg 1
curv2 5949 5950
parm u 0 7.7982877820565948
end
vp 0 0.50000000000000089
vp 4.5038422236594524 0.49999999999999972
cstype bezier
deg 1
curv2 5951 5952
parm u 0 4.5038422236594524
end
v -25.325040109117943 10.150204047933032 -137.57752679071837 1
v -25.773149333517292 10.15020404793303 -137.57903504917908 0.70710678118654757
v -25.771641075056579 10.150204047933032 -138.02714427357841 1
v -25.770132816595869 10.15020404793303 -138.47525349797775 0.70710678118654757
v -25.322023592196523 10.150204047933032 -138.47374523951703 1
v -24.873914367797177 10.15020404793303 -138.47223698105634 0.70710678118654757
v -24.875422626257887 10.150204047933032 -138.02412775665698 1
v -24.876930884718604 10.15020404793303 -137.57601853225765 0.70710678118654757
v -25.325040109117943 10.150204047933032 -137.57752679071837 1
v -25.325040109117943 4.9625436705241945 -137.57752679071837 1
v -25.773149333517292 4.9625436705241945 -137.57903504917908 0.70710678118654757
v -25.771641075056579 4.9625436705241945 -138.02714427357841 1
v -25.770132816595869 4.9625436705241945 -138.47525349797775 0.70710678118654757
v -25.322023592196523 4.9625436705241945 -138.47374523951703 1
v -24.873914367797177 4.9625436705241945 -138.47223698105634 0.70710678118654757
v -24.875422626257887 4.9625436705241945 -138.02412775665698 1
v -24.876930884718604 4.9625436705241945 -137.57601853225765 0.70710678118654757
v -25.325040109117943 4.9625436705241945 -137.57752679071837 1
cstype rat bspline
deg 2 1
surf 0 4.5038422236594524 0 8.2982877820565957 1975 1976 1977 1978 1979 1980 1981 1982 1983 1984 1985 1986 1987 1988 1989 1990 1991 1992
parm u 0 0 0 1.1259605559148631 1.1259605559148631 2.2519211118297262 2.2519211118297262 3.3778816677445893 3.3778816677445893 4.5038422236594524 4.5038422236594524 4.5038422236594524
parm v 0 0 8.2982877820565957 8.2982877820565957
trim 0.49999999999999978 8.2982877820565957 513 0 4.5038422236594524 514 0 7.7982877820565948 515 0 4.5038422236594524 516
end
usemtl diffuse_170_230_123_255
# - trim loop
vp 0.71680875280139555 0
vp 0.70484189475760139 0.13043270865548445
vp 0.66648039245388924 0.26385350967383803
vp 0.59996570849700792 0.3922447408447633
vp 0.50686032991973851 0.50686032991973851
vp 0.3922447408447633 0.59996570849700792
vp 0.26385350967383808 0.66648039245388924
vp 0.13043270865548445 0.70484189475760139
vp 0 0.71680875280139555
vp -0.13043270865548437 0.70484189475760151
vp -0.26385350967383792 0.66648039245388946
vp -0.39224474084476318 0.59996570849700803
vp -0.50686032991973839 0.50686032991973851
vp -0.59996570849700792 0.39224474084476335
vp -0.66648039245388924 0.26385350967383808
vp -0.70484189475760139 0.13043270865548454
vp -0.71680875280139555 0
vp -0.70484189475760151 -0.13043270865548434
vp -0.66648039245388946 -0.26385350967383792
vp -0.59996570849700803 -0.39224474084476318
vp -0.50686032991973851 -0.50686032991973839
vp -0.39224474084476335 -0.59996570849700792
vp -0.26385350967383808 -0.66648039245388924
vp -0.13043270865548454 -0.70484189475760139
vp 0 -0.71680875280139555
vp 0.13043270865548429 -0.70484189475760139
vp 0.2638535096738378 -0.66648039245388924
vp 0.39224474084476307 -0.59996570849700792
vp 0.50686032991973828 -0.50686032991973851
vp 0.59996570849700781 -0.3922447408447633
vp 0.66648039245388913 -0.26385350967383803
vp 0.70484189475760139 -0.13043270865548445
cstype bezier
deg 1
curv2 5953 5954 5955 5956 5957 5958 5959 5960 5961 5962 5963 5964 5965 5966 5967 5968 5969 5970 5971 5972 5973 5974 5975 5976 5977 5978 5979 5980 5981 5982 5983 5984 5953
parm u 0 0.14074506948935789 0.28149013897871578 0.42223520846807366 0.56298027795743155 0.7037253474467895 0.84447041693614733 0.98521548642550516 1.1259605559148631 1.266705625404221 1.407450694893579 1.5481957643829367 1.6889408338722947 1.8296859033616526 1.9704309728510103 2.111176042340368 2.2519211118297262 2.3926661813190844 2.5334112508084421 2.6741563202977998 2.814901389787158 2.9556464592765157 3.0963915287658734 3.2371365982552316 3.3778816677445893 3.518626737233947 3.6593718067233052 3.8001168762126629 3.9408619457020206 4.0816070151913788 4.2223520846807361 4.3630971541700942 4.5038422236594524
end
v -13.424024426481147 4.9625436705241945 -69.609265706299183
v -13.427795072632922 4.9625436705241945 -68.48899264530084
v -14.544297487479508 4.9625436705241945 -69.613036352450948
v -14.548068133631283 4.9625436705241945 -68.492763291452604
cstype bspline
deg 1 1
surf -0.8960109410017445 0.8960109410017445 -0.8960109410017445 0.8960109410017445 1993 1994 1995 1996
parm u -0.8960109410017445 -0.8960109410017445 0.8960109410017445 0.8960109410017445
parm v -0.8960109410017445 -0.8960109410017445 0.8960109410017445 0.8960109410017445
trim 0 4.5038422236594524 517
end
# - trim loop
vp 0 0
vp 26.578480228423956 0
cstype bezier
deg 1
curv2 5985 5986
parm u 0 26.578480228423956
end
vp 26.578480228423956 0
vp 26.578480228423956 0.5
cstype bezier
deg 1
curv2 5987 5988
parm u 0 0.5
end
vp 26.578480228423956 0.5
vp 0 0.5
cstype bezier
deg 1
curv2 5989 5990
parm u 0 26.578480228423956
end
vp 0 0.5
vp 0 0
cstype bezier
deg 1
curv2 5991 5992
parm u 0 0.5
end
v -16.39117011287037 9.8376299053113385 -67.95172861450732 1
v -15.291884228501781 9.8376299053113367 -65.54660478169316 0.70710678118654757
v -12.886760395687631 9.8376299053113385 -66.64589066606175 1
v -10.481636562873481 9.8376299053113367 -67.74517655043034 0.70710678118654757
v -11.580922447242061 9.8376299053113385 -70.15030038324448 1
v -12.680208331610652 9.8376299053113367 -72.55542421605863 0.70710678118654757
v -15.085332164424806 9.8376299053113385 -71.45613833169004 1
v -17.490455997238954 9.8376299053113367 -70.35685244732144 0.70710678118654757
v -16.39117011287037 9.8376299053113385 -67.95172861450732 1
v -16.39117011287037 10.150204047933032 -67.95172861450732 1
v -15.291884228501781 10.15020404793303 -65.54660478169316 0.70710678118654757
v -12.886760395687631 10.150204047933032 -66.64589066606175 1
v -10.481636562873481 10.15020404793303 -67.74517655043034 0.70710678118654757
v -11.580922447242061 10.150204047933032 -70.15030038324448 1
v -12.680208331610652 10.15020404793303 -72.55542421605863 0.70710678118654757
v -15.085332164424806 10.150204047933032 -71.45613833169004 1
v -17.490455997238954 10.15020404793303 -70.35685244732144 0.70710678118654757
v -16.39117011287037 10.150204047933032 -67.95172861450732 1
cstype rat bspline
deg 2 1
surf 0 26.578480228423956 0 0.5 1997 1998 1999 2000 2001 2002 2003 2004 2005 2006 2007 2008 2009 2010 2011 2012 2013 2014
parm u 0 0 0 6.644620057105989 6.644620057105989 13.289240114211978 13.289240114211978 19.933860171317967 19.933860171317967 26.578480228423956 26.578480228423956 26.578480228423956
parm v 0 0 0.5 0.5
trim 0 26.578480228423956 518 0 0.5 519 0 26.578480228423956 520 0 0.5 521
end
# - trim loop
vp 4.2300965082238804 0
vp 4.1594766054567476 0.76972127263437229
vp 3.9330942457116014 1.5570761456133617
vp 3.5405717894050786 2.3147500670605421
vp 2.9911299260386421 2.9911299260386421
vp 2.3147500670605421 3.5405717894050786
vp 1.5570761456133617 3.9330942457116014
vp 0.76972127263437251 4.1594766054567476
vp 0 4.2300965082238804
vp -0.76972127263437207 4.1594766054567476
vp -1.5570761456133613 3.9330942457116014
vp -2.3147500670605421 3.5405717894050786
vp -2.9911299260386421 2.9911299260386421
vp -3.5405717894050786 2.3147500670605421
vp -3.9330942457116014 1.5570761456133619
vp -4.1594766054567476 0.76972127263437262
vp -4.2300965082238804 0
vp -4.1594766054567476 -0.76972127263437196
vp -3.9330942457116014 -1.5570761456133613
vp -3.5405717894050786 -2.3147500670605421
vp -2.9911299260386426 -2.9911299260386421
vp -2.3147500670605425 -3.5405717894050786
vp -1.5570761456133622 -3.9330942457116014
vp -0.76972127263437307 -4.1594766054567476
vp 0 -4.2300965082238804
vp 0.76972127263437151 -4.1594766054567476
vp 1.5570761456133606 -3.9330942457116014
vp 2.3147500670605412 -3.5405717894050786
vp 2.9911299260386413 -2.9911299260386421
vp 3.5405717894050777 -2.3147500670605421
vp 3.9330942457116005 -1.5570761456133617
vp 4.1594766054567476 -0.76972127263437229
cstype bezier
deg 1
curv2 5993 5994 5995 5996 5997 5998 5999 6000 6001 6002 6003 6004 6005 6006 6007 6008 6009 6010 6011 6012 6013 6014 6015 6016 6017 6018 6019 6020 6021 6022 6023 6024 5993
parm u 0 0.83057750713824863 1.6611550142764973 2.4917325214147459 3.3223100285529945 4.1528875356912431 4.9834650428294918 5.8140425499677404 6.644620057105989 7.4751975642442376 8.3057750713824863 9.1363525785207358 9.9669300856589835 10.797507592797231 11.628085099935481 12.45866260707373 13.289240114211978 14.119817621350226 14.950395128488475 15.780972635626725 16.611550142764973 17.44212764990322 18.272705157041472 19.103282664179719 19.933860171317967 20.764437678456215 21.595015185594463 22.425592692732714 23.256170199870962 24.086747707009209 24.917325214147461 25.747902721285708 26.578480228423956
end
# - hole loop
vp 0.30016816712680683 0.650933068399838
vp 0.41360273820559079 0.58544646471008022
vp 0.51869786890271452 0.49473963747457683
vp 0.60743633232517624 0.38057310764691582
vp 0.6725301332357928 0.24802824029238937
vp 0.70908300506197508 0.10495751533344291
vp 0.7157202660710974 -0.039487831388997571
vp 0.69468549656478029 -0.17671120212150951
vp 0.65093306839983001 -0.30016816712679883
vp 0.58544646471007444 -0.41360273820558768
vp 0.49473963747457278 -0.51869786890271596
vp 0.38057310764691299 -0.60743633232518146
vp 0.24802824029238704 -0.67253013323580091
vp 0.10495751533344032 -0.70908300506198474
vp -0.039487831389001124 -0.71572026607110739
vp -0.17671120212151459 -0.69468549656478928
vp -0.30016816712680594 -0.65093306839983711
vp -0.41360273820558935 -0.58544646471008277
vp -0.51869786890271297 -0.49473963747458227
vp -0.60743633232517502 -0.38057310764692315
vp -0.67253013323579258 -0.24802824029239745
vp -0.7090830050619763 -0.10495751533345048
vp -0.7157202660711004 0.039487831388991645
vp -0.69468549656478529 0.17671120212150618
vp -0.65093306839983711 0.30016816712679883
vp -0.58544646471008022 0.41360273820558435
vp -0.49473963747457722 0.51869786890271008
vp -0.3805731076469161 0.60743633232517402
vp -0.24802824029238885 0.6725301332357928
vp -0.10495751533344107 0.70908300506197741
vp 0.039487831389001186 0.71572026607110195
vp 0.1767112021215152 0.69468549656478673
cstype bezier
deg 1
curv2 6025 6026 6027 6028 6029 6030 6031 6032 6033 6034 6035 6036 6037 6038 6039 6040 6041 6042 6043 6044 6045 6046 6047 6048 6049 6050 6051 6052 6053 6054 6055 6056 6025
parm u 0 0.14074506948935789 0.28149013897871578 0.42223520846807366 0.56298027795743155 0.7037253474467895 0.84447041693614733 0.98521548642550516 1.1259605559148631 1.266705625404221 1.407450694893579 1.5481957643829367 1.6889408338722947 1.8296859033616526 1.9704309728510103 2.111176042340368 2.2519211118297262 2.3926661813190844 2.5334112508084421 2.6741563202977998 2.814901389787158 2.9556464592765157 3.0963915287658734 3.2371365982552316 3.3778816677445893 3.518626737233947 3.6593718067233052 3.8001168762126629 3.9408619457020206 4.0816070151913788 4.2223520846807361 4.3630971541700942 4.5038422236594524
end
v -12.353748844499258 9.8376299053113385 -73.431526645354325
v -18.366558426534642 9.8376299053113385 -70.683311934432851
v -9.6055341335777911 9.8376299053113385 -67.418717063318951
v -15.618343715613173 9.8376299053113385 -64.670502352397477
cstype bspline
deg 1 1
surf -5.2876206352798505 5.2876206352798505 -5.2876206352798505 5.2876206352798505 2015 2016 2017 2018
parm u -5.2876206352798505 -5.2876206352798505 5.2876206352798505 5.2876206352798505
parm v -5.2876206352798505 -5.2876206352798505 5.2876206352798505 5.2876206352798505
trim 0 26.578480228423956 522
hole 0 4.5038422236594524 523
end
# - trim loop
vp 4.2300965082238804 0
vp 4.1594766054567476 0.76972127263437229
vp 3.9330942457116014 1.5570761456133617
vp 3.5405717894050786 2.3147500670605421
vp 2.9911299260386421 2.9911299260386421
vp 2.3147500670605421 3.5405717894050786
vp 1.5570761456133617 3.9330942457116014
vp 0.76972127263437251 4.1594766054567476
vp 0 4.2300965082238804
vp -0.76972127263437207 4.1594766054567476
vp -1.5570761456133613 3.9330942457116014
vp -2.3147500670605421 3.5405717894050786
vp -2.9911299260386421 2.9911299260386421
vp -3.5405717894050786 2.3147500670605421
vp -3.9330942457116014 1.5570761456133619
vp -4.1594766054567476 0.76972127263437262
vp -4.2300965082238804 0
vp -4.1594766054567476 -0.76972127263437196
vp -3.9330942457116014 -1.5570761456133613
vp -3.5405717894050786 -2.3147500670605421
vp -2.9911299260386426 -2.9911299260386421
vp -2.3147500670605425 -3.5405717894050786
vp -1.5570761456133622 -3.9330942457116014
vp -0.76972127263437307 -4.1594766054567476
vp 0 -4.2300965082238804
vp 0.76972127263437151 -4.1594766054567476
vp 1.5570761456133606 -3.9330942457116014
vp 2.3147500670605412 -3.5405717894050786
vp 2.9911299260386413 -2.9911299260386421
vp 3.5405717894050777 -2.3147500670605421
vp 3.9330942457116005 -1.5570761456133617
vp 4.1594766054567476 -0.76972127263437229
cstype bezier
deg 1
curv2 6057 6058 6059 6060 6061 6062 6063 6064 6065 6066 6067 6068 6069 6070 6071 6072 6073 6074 6075 6076 6077 6078 6079 6080 6081 6082 6083 6084 6085 6086 6087 6088 6057
parm u 0 0.83057750713824863 1.6611550142764973 2.4917325214147459 3.3223100285529945 4.1528875356912431 4.9834650428294918 5.8140425499677404 6.644620057105989 7.4751975642442376 8.3057750713824863 9.1363525785207358 9.9669300856589835 10.797507592797231 11.628085099935481 12.45866260707373 13.289240114211978 14.119817621350226 14.950395128488475 15.780972635626725 16.611550142764973 17.44212764990322 18.272705157041472 19.103282664179719 19.933860171317967 20.764437678456215 21.595015185594463 22.425592692732714 23.256170199870962 24.086747707009209 24.917325214147461 25.747902721285708 26.578480228423956
end
v -12.353748844499258 10.150204047933032 -73.431526645354325
v -18.366558426534642 10.150204047933032 -70.683311934432851
v -9.6055341335777911 10.150204047933032 -67.418717063318951
v -15.618343715613173 10.150204047933032 -64.670502352397477
cstype bspline
deg 1 1
surf -5.2876206352798505 5.2876206352798505 -5.2876206352798505 5.2876206352798505 2019 2020 2021 2022
parm u -5.2876206352798505 -5.2876206352798505 5.2876206352798505 5.2876206352798505
parm v -5.2876206352798505 -5.2876206352798505 5.2876206352798505 5.2876206352798505
trim 0 26.578480228423956 524
end
# - trim loop
vp 4.5038422236594524 0.49999999999999972
vp 4.5038422236594524 8.2982877820565957
cstype bezier
deg 1
curv2 6089 6090
parm u 0.49999999999999978 8.2982877820565957
end
vp 4.5038422236594524 8.2982877820565957
vp 0 8.2982877820565957
cstype bezier
deg 1
curv2 6091 6092
parm u 0 4.5038422236594524
end
vp 0 8.2982877820565957
vp 0 0.50000000000000089
cstype bezier
deg 1
curv2 6093 6094
parm u 0 7.7982877820565948
end
vp 0 0.50000000000000089
vp 4.5038422236594524 0.49999999999999972
cstype bezier
deg 1
curv2 6095 6096
parm u 0 4.5038422236594524
end
v -13.987554538516925 10.150204047933032 -68.60290527447654 1
v -14.435663762916272 10.15020404793303 -68.60441353293727 0.70710678118654757
v -14.434155504455561 10.150204047933032 -69.0525227573366 1
v -14.432647245994854 10.15020404793303 -69.50063198173595 0.70710678118654757
v -13.984538021595505 10.150204047933032 -69.49912372327523 1
v -13.536428797196162 10.15020404793303 -69.49761546481453 0.70710678118654757
v -13.537937055656869 10.150204047933032 -69.04950624041518 1
v -13.539445314117584 10.15020404793303 -68.60139701601584 0.70710678118654757
v -13.987554538516925 10.150204047933032 -68.60290527447654 1
v -13.987554538516925 4.9625436705241945 -68.60290527447654 1
v -14.435663762916272 4.9625436705241945 -68.60441353293727 0.70710678118654757
v -14.434155504455561 4.9625436705241945 -69.0525227573366 1
v -14.432647245994854 4.9625436705241945 -69.50063198173595 0.70710678118654757
v -13.984538021595505 4.9625436705241945 -69.49912372327523 1
v -13.536428797196162 4.9625436705241945 -69.49761546481453 0.70710678118654757
v -13.537937055656869 4.9625436705241945 -69.04950624041518 1
v -13.539445314117584 4.9625436705241945 -68.60139701601584 0.70710678118654757
v -13.987554538516925 4.9625436705241945 -68.60290527447654 1
cstype rat bspline
deg 2 1
surf 0 4.5038422236594524 0 8.2982877820565957 2023 2024 2025 2026 2027 2028 2029 2030 2031 2032 2033 2034 2035 2036 2037 2038 2039 2040
parm u 0 0 0 1.1259605559148631 1.1259605559148631 2.2519211118297262 2.2519211118297262 3.3778816677445893 3.3778816677445893 4.5038422236594524 4.5038422236594524 4.5038422236594524
parm v 0 0 8.2982877820565957 8.2982877820565957
trim 0.49999999999999978 8.2982877820565957 525 0 4.5038422236594524 526 0 7.7982877820565948 527 0 4.5038422236594524 528
end
usemtl diffuse_170_230_123_255
# - trim loop
vp 0.71680875280139555 0
vp 0.70484189475760139 0.13043270865548445
vp 0.66648039245388924 0.26385350967383803
vp 0.59996570849700792 0.3922447408447633
vp 0.50686032991973851 0.50686032991973851
vp 0.3922447408447633 0.59996570849700792
vp 0.26385350967383808 0.66648039245388924
vp 0.13043270865548445 0.70484189475760139
vp 0 0.71680875280139555
vp -0.13043270865548437 0.70484189475760151
vp -0.26385350967383792 0.66648039245388946
vp -0.39224474084476318 0.59996570849700803
vp -0.50686032991973839 0.50686032991973851
vp -0.59996570849700792 0.39224474084476335
vp -0.66648039245388924 0.26385350967383808
vp -0.70484189475760139 0.13043270865548454
vp -0.71680875280139555 0
vp -0.70484189475760151 -0.13043270865548434
vp -0.66648039245388946 -0.26385350967383792
vp -0.59996570849700803 -0.39224474084476318
vp -0.50686032991973851 -0.50686032991973839
vp -0.39224474084476335 -0.59996570849700792
vp -0.26385350967383808 -0.66648039245388924
vp -0.13043270865548454 -0.70484189475760139
vp 0 -0.71680875280139555
vp 0.13043270865548429 -0.70484189475760139
vp 0.2638535096738378 -0.66648039245388924
vp 0.39224474084476307 -0.59996570849700792
vp 0.50686032991973828 -0.50686032991973851
vp 0.59996570849700781 -0.3922447408447633
vp 0.66648039245388913 -0.26385350967383803
vp 0.70484189475760139 -0.13043270865548445
cstype bezier
deg 1
curv2 6097 6098 6099 6100 6101 6102 6103 6104 6105 6106 6107 6108 6109 6110 6111 6112 6113 6114 6115 6116 6117 6118 6119 6120 6121 6122 6123 6124 6125 6126 6127 6128 6097
parm u 0 0.14074506948935789 0.28149013897871578 0.42223520846807366 0.56298027795743155 0.7037253474467895 0.84447041693614733 0.98521548642550516 1.1259605559148631 1.266705625404221 1.407450694893579 1.5481957643829367 1.6889408338722947 1.8296859033616526 1.9704309728510103 2.111176042340368 2.2519211118297262 2.3926661813190844 2.5334112508084421 2.6741563202977998 2.814901389787158 2.9556464592765157 3.0963915287658734 3.2371365982552316 3.3778816677445893 3.518626737233947 3.6593718067233052 3.8001168762126629 3.9408619457020206 4.0816070151913788 4.2223520846807361 4.3630971541700942 4.5038422236594524
end
v -6.9512396499754807 4.9625436705241945 -31.785469028188146
v -6.9550102961272557 4.9625436705241945 -30.665195967189796
v -8.0715127109738418 4.9625436705241945 -31.789239674339917
v -8.0752833571256168 4.9625436705241945 -30.668966613341567
cstype bspline
deg 1 1
surf -0.8960109410017445 0.8960109410017445 -0.8960109410017445 0.8960109410017445 2041 2042 2043 2044
parm u -0.8960109410017445 -0.8960109410017445 0.8960109410017445 0.8960109410017445
parm v -0.8960109410017445 -0.8960109410017445 0.8960109410017445 0.8960109410017445
trim 0 4.5038422236594524 529
end
# - trim loop
vp 0 0
vp 26.578480228423956 0
cstype bezier
deg 1
curv2 6129 6130
parm u 0 26.578480228423956
end
vp 26.578480228423956 0
vp 26.578480228423956 0.5
cstype bezier
deg 1
curv2 6131 6132
parm u 0 0.5
end
vp 26.578480228423956 0.5
vp 0 0.5
cstype bezier
deg 1
curv2 6133 6134
parm u 0 26.578480228423956
end
vp 0 0.5
vp 0 0
cstype bezier
deg 1
curv2 6135 6136
parm u 0 0.5
end
v -9.9183853363647039 9.8376299053113385 -30.12793193639628 1
v -8.8190994519961148 9.8376299053113367 -27.722808103582125 0.70710678118654757
v -6.413975619181965 9.8376299053113385 -28.82209398795071 1
v -4.0088517863678144 9.8376299053113367 -29.921379872319307 0.70710678118654757
v -5.1081376707363955 9.8376299053113385 -32.32650370513345 1
v -6.2074235551049854 9.8376299053113367 -34.73162753794759 0.70710678118654757
v -8.6125473879191397 9.8376299053113385 -33.632341653579005 1
v -11.017671220733288 9.8376299053113367 -32.53305576921041 0.70710678118654757
v -9.9183853363647039 9.8376299053113385 -30.12793193639628 1
v -9.9183853363647039 10.150204047933032 -30.12793193639628 1
v -8.8190994519961148 10.15020404793303 -27.722808103582125 0.70710678118654757
v -6.413975619181965 10.150204047933032 -28.82209398795071 1
v -4.0088517863678144 10.15020404793303 -29.921379872319307 0.70710678118654757
v -5.1081376707363955 10.150204047933032 -32.32650370513345 1
v -6.2074235551049854 10.15020404793303 -34.73162753794759 0.70710678118654757
v -8.6125473879191397 10.150204047933032 -33.632341653579005 1
v -11.017671220733288 10.15020404793303 -32.53305576921041 0.70710678118654757
v -9.9183853363647039 10.150204047933032 -30.12793193639628 1
cstype rat bspline
deg 2 1
surf 0 26.578480228423956 0 0.5 2045 2046 2047 2048 2049 2050 2051 2052 2053 2054 2055 2056 2057 2058 2059 2060 2061 2062
parm u 0 0 0 6.644620057105989 6.644620057105989 13.289240114211978 13.289240114211978 19.933860171317967 19.933860171317967 26.578480228423956 26.578480228423956 26.578480228423956
parm v 0 0 0.5 0.5
trim 0 26.578480228423956 530 0 0.5 531 0 26.578480228423956 532 0 0.5 533
end
# - trim loop
vp 4.2300965082238804 0
vp 4.1594766054567476 0.76972127263437229
vp 3.9330942457116014 1.5570761456133617
vp 3.5405717894050786 2.3147500670605421
vp 2.9911299260386421 2.9911299260386421
vp 2.3147500670605421 3.5405717894050786
vp 1.5570761456133617 3.9330942457116014
vp 0.76972127263437251 4.1594766054567476
vp 0 4.2300965082238804
vp -0.76972127263437207 4.1594766054567476
vp -1.5570761456133613 3.9330942457116014
vp -2.3147500670605421 3.5405717894050786
vp -2.9911299260386421 2.9911299260386421
vp -3.5405717894050786 2.3147500670605421
vp -3.9330942457116014 1.5570761456133619
vp -4.1594766054567476 0.76972127263437262
vp -4.2300965082238804 0
vp -4.1594766054567476 -0.76972127263437196
vp -3.9330942457116014 -1.5570761456133613
vp -3.5405717894050786 -2.3147500670605421
vp -2.9911299260386426 -2.9911299260386421
vp -2.3147500670605425 -3.5405717894050786
vp -1.5570761456133622 -3.9330942457116014
vp -0.76972127263437307 -4.1594766054567476
vp 0 -4.2300965082238804
vp 0.76972127263437151 -4.1594766054567476
vp 1.5570761456133606 -3.9330942457116014
vp 2.3147500670605412 -3.5405717894050786
vp 2.9911299260386413 -2.9911299260386421
vp 3.5405717894050777 -2.3147500670605421
vp 3.9330942457116005 -1.5570761456133617
vp 4.1594766054567476 -0.76972127263437229
cstype bezier
deg 1
curv2 6137 6138 6139 6140 6141 6142 6143 6144 6145 6146 6147 6148 6149 6150 6151 6152 6153 6154 6155 6156 6157 6158 6159 6160 6161 6162 6163 6164 6165 6166 6167 6168 6137
parm u 0 0.83057750713824863 1.6611550142764973 2.4917325214147459 3.3223100285529945 4.1528875356912431 4.9834650428294918 5.8140425499677404 6.644620057105989 7.4751975642442376 8.3057750713824863 9.1363525785207358 9.9669300856589835 10.797507592797231 11.628085099935481 12.45866260707373 13.289240114211978 14.119817621350226 14.950395128488475 15.780972635626725 16.611550142764973 17.44212764990322 18.272705157041472 19.103282664179719 19.933860171317967 20.764437678456215 21.595015185594463 22.425592692732714 23.256170199870962 24.086747707009209 24.917325214147461 25.747902721285708 26.578480228423956
end
# - hole loop
vp 0.30016816712680683 0.650933068399838
vp 0.41360273820559079 0.58544646471008022
vp 0.51869786890271452 0.49473963747457683
vp 0.60743633232517624 0.38057310764691582
vp 0.6725301332357928 0.24802824029238937
vp 0.70908300506197508 0.10495751533344291
vp 0.7157202660710974 -0.039487831388997571
vp 0.69468549656478029 -0.17671120212150951
vp 0.65093306839983001 -0.30016816712679883
vp 0.58544646471007444 -0.41360273820558768
vp 0.49473963747457278 -0.51869786890271596
vp 0.38057310764691299 -0.60743633232518146
vp 0.24802824029238704 -0.67253013323580091
vp 0.10495751533344032 -0.70908300506198474
vp -0.039487831389001124 -0.71572026607110739
vp -0.17671120212151459 -0.69468549656478928
vp -0.30016816712680594 -0.65093306839983711
vp -0.41360273820558935 -0.58544646471008277
vp -0.51869786890271297 -0.49473963747458227
vp -0.60743633232517502 -0.38057310764692315
vp -0.67253013323579258 -0.24802824029239745
vp -0.7090830050619763 -0.10495751533345048
vp -0.7157202660711004 0.039487831388991645
vp -0.69468549656478529 0.17671120212150618
vp -0.65093306839983711 0.30016816712679883
vp -0.58544646471008022 0.41360273820558435
vp -0.49473963747457722 0.51869786890271008
vp -0.3805731076469161 0.60743633232517402
vp -0.24802824029238885 0.6725301332357928
vp -0.10495751533344107 0.70908300506197741
vp 0.039487831389001186 0.71572026607110195
vp 0.1767112021215152 0.69468549656478673
cstype bezier
deg 1
curv2 6169 6170 6171 6172 6173 6174 6175 6176 6177 6178 6179 6180 6181 6182 6183 6184 6185 6186 6187 6188 6189 6190 6191 6192 6193 6194 6195 6196 6197 6198 6199 6200 6169
parm u 0 0.14074506948935789 0.28149013897871578 0.42223520846807366 0.56298027795743155 0.7037253474467895 0.84447041693614733 0.98521548642550516 1.1259605559148631 1.266705625404221 1.407450694893579 1.5481957643829367 1.6889408338722947 1.8296859033616526 1.9704309728510103 2.111176042340368 2.2519211118297262 2.3926661813190844 2.5334112508084421 2.6741563202977998 2.814901389787158 2.9556464592765157 3.0963915287658734 3.2371365982552316 3.3778816677445893 3.518626737233947 3.6593718067233052 3.8001168762126629 3.9408619457020206 4.0816070151913788 4.2223520846807361 4.3630971541700942 4.5038422236594524
end
v -5.8809640679935926 9.8376299053113385 -35.607729967243287
v -11.893773650028972 9.8376299053113385 -32.859515256321814
v -3.1327493570721243 9.8376299053113385 -29.59492038520791
v -9.1455589391075058 9.8376299053113385 -26.84670567428644
cstype bspline
deg 1 1
surf -5.2876206352798505 5.2876206352798505 -5.2876206352798505 5.2876206352798505 2063 2064 2065 2066
parm u -5.2876206352798505 -5.2876206352798505 5.2876206352798505 5.2876206352798505
parm v -5.2876206352798505 -5.2876206352798505 5.2876206352798505 5.2876206352798505
trim 0 26.578480228423956 534
hole 0 4.5038422236594524 535
end
# - trim loop
vp 4.2300965082238804 0
vp 4.1594766054567476 0.76972127263437229
vp 3.9330942457116014 1.5570761456133617
vp 3.5405717894050786 2.3147500670605421
vp 2.9911299260386421 2.9911299260386421
vp 2.3147500670605421 3.5405717894050786
vp 1.5570761456133617 3.9330942457116014
vp 0.76972127263437251 4.1594766054567476
vp 0 4.2300965082238804
vp -0.76972127263437207 4.1594766054567476
vp -1.5570761456133613 3.9330942457116014
vp -2.3147500670605421 3.5405717894050786
vp -2.9911299260386421 2.9911299260386421
vp -3.5405717894050786 2.3147500670605421
vp -3.9330942457116014 1.5570761456133619
vp -4.1594766054567476 0.76972127263437262
vp -4.2300965082238804 0
vp -4.1594766054567476 -0.76972127263437196
vp -3.9330942457116014 -1.5570761456133613
vp -3.5405717894050786 -2.3147500670605421
vp -2.9911299260386426 -2.9911299260386421
vp -2.3147500670605425 -3.5405717894050786
vp -1.5570761456133622 -3.9330942457116014
vp -0.76972127263437307 -4.1594766054567476
vp 0 -4.2300965082238804
vp 0.76972127263437151 -4.1594766054567476
vp 1.5570761456133606 -3.9330942457116014
vp 2.3147500670605412 -3.5405717894050786
vp 2.9911299260386413 -2.9911299260386421
vp 3.5405717894050777 -2.3147500670605421
vp 3.9330942457116005 -1.5570761456133617
vp 4.1594766054567476 -0.76972127263437229
cstype bezier
deg 1
curv2 6201 6202 6203 6204 6205 6206 6207 6208 6209 6210 6211 6212 6213 6214 6215 6216 6217 6218 6219 6220 6221 6222 6223 6224 6225 6226 6227 6228 6229 6230 6231 6232 6201
parm u 0 0.83057750713824863 1.6611550142764973 2.4917325214147459 3.3223100285529945 4.1528875356912431 4.9834650428294918 5.8140425499677404 6.644620057105989 7.4751975642442376 8.3057750713824863 9.1363525785207358 9.9669300856589835 10.797507592797231 11.628085099935481 12.45866260707373 13.289240114211978 14.119817621350226 14.950395128488475 15.780972635626725 16.611550142764973 17.44212764990322 18.272705157041472 19.103282664179719 19.933860171317967 20.764437678456215 21.595015185594463 22.425592692732714 23.256170199870962 24.086747707009209 24.917325214147461 25.747902721285708 26.578480228423956
end
v -5.8809640679935926 10.150204047933032 -35.607729967243287
v -11.893773650028972 10.150204047933032 -32.859515256321814
v -3.1327493570721243 10.150204047933032 -29.59492038520791
v -9.1455589391075058 10.150204047933032 -26.84670567428644
cstype bspline
deg 1 1
surf -5.2876206352798505 5.2876206352798505 -5.2876206352798505 5.2876206352798505 2067 2068 2069 2070
parm u -5.2876206352798505 -5.2876206352798505 5.2876206352798505 5.2876206352798505
parm v -5.2876206352798505 -5.2876206352798505 5.2876206352798505 5.2876206352798505
trim 0 26.578480228423956 536
end
# - trim loop
vp 4.5038422236594524 0.49999999999999972
vp 4.5038422236594524 8.2982877820565957
cstype bezier
deg 1
curv2 6233 6234
parm u 0.49999999999999978 8.2982877820565957
end
vp 4.5038422236594524 8.2982877820565957
vp 0 8.2982877820565957
cstype bezier
deg 1
curv2 6235 6236
parm u 0 4.5038422236594524
end
vp 0 8.2982877820565957
vp 0 0.50000000000000089
cstype bezier
deg 1
curv2 6237 6238
parm u 0 7.7982877820565948
end
vp 0 0.50000000000000089
vp 4.5038422236594524 0.49999999999999972
cstype bezier
deg 1
curv2 6239 6240
parm u 0 4.5038422236594524
end
v -7.5147697620112588 10.150204047933032 -30.779108596365504 1
v -7.9628789864106064 10.15020404793303 -30.780616854826228 0.70710678118654757
v -7.9613707279498946 10.150204047933032 -31.228726079225567 1
v -7.9598624694891873 10.15020404793303 -31.67683530362491 0.70710678118654757
v -7.5117532450898388 10.150204047933032 -31.675327045164195 1
v -7.0636440206904956 10.15020404793303 -31.67381878670348 0.70710678118654757
v -7.0651522791512029 10.150204047933032 -31.225709562304147 1
v -7.0666605376119174 10.15020404793303 -30.7776003379048 0.70710678118654757
v -7.5147697620112588 10.150204047933032 -30.779108596365504 1
v -7.5147697620112588 4.9625436705241945 -30.779108596365504 1
v -7.9628789864106064 4.9625436705241945 -30.780616854826228 0.70710678118654757
v -7.9613707279498946 4.9625436705241945 -31.228726079225567 1
v -7.9598624694891873 4.9625436705241945 -31.67683530362491 0.70710678118654757
v -7.5117532450898388 4.9625436705241945 -31.675327045164195 1
v -7.0636440206904956 4.9625436705241945 -31.67381878670348 0.70710678118654757
v -7.0651522791512029 4.9625436705241945 -31.225709562304147 1
v -7.0666605376119174 4.9625436705241945 -30.7776003379048 0.70710678118654757
v -7.5147697620112588 4.9625436705241945 -30.779108596365504 1
cstype rat bspline
deg 2 1
surf 0 4.5038422236594524 0 8.2982877820565957 2071 2072 2073 2074 2075 2076 2077 2078 2079 2080 2081 2082 2083 2084 2085 2086 2087 2088
parm u 0 0 0 1.1259605559148631 1.1259605559148631 2.2519211118297262 2.2519211118297262 3.3778816677445893 3.3778816677445893 4.5038422236594524 4.5038422236594524 4.5038422236594524
parm v 0 0 8.2982877820565957 8.2982877820565957
trim 0.49999999999999978 8.2982877820565957 537 0 4.5038422236594524 538 0 7.7982877820565948 539 0 4.5038422236594524 540
end
usemtl diffuse_170_230_123_255
# - trim loop
vp 0.71680875280139555 0
vp 0.70484189475760139 0.13043270865548445
vp 0.66648039245388924 0.26385350967383803
vp 0.59996570849700792 0.3922447408447633
vp 0.50686032991973851 0.50686032991973851
vp 0.3922447408447633 0.59996570849700792
vp 0.26385350967383808 0.66648039245388924
vp 0.13043270865548445 0.70484189475760139
vp 0 0.71680875280139555
vp -0.13043270865548437 0.70484189475760151
vp -0.26385350967383792 0.66648039245388946
vp -0.39224474084476318 0.59996570849700803
vp -0.50686032991973839 0.50686032991973851
vp -0.59996570849700792 0.39224474084476335
vp -0.66648039245388924 0.26385350967383808
vp -0.70484189475760139 0.13043270865548454
vp -0.71680875280139555 0
vp -0.70484189475760151 -0.13043270865548434
vp -0.66648039245388946 -0.26385350967383792
vp -0.59996570849700803 -0.39224474084476318
vp -0.50686032991973851 -0.50686032991973839
vp -0.39224474084476335 -0.59996570849700792
vp -0.26385350967383808 -0.66648039245388924
vp -0.13043270865548454 -0.70484189475760139
vp 0 -0.71680875280139555
vp 0.13043270865548429 -0.70484189475760139
vp 0.2638535096738378 -0.66648039245388924
vp 0.39224474084476307 -0.59996570849700792
vp 0.50686032991973828 -0.50686032991973851
vp 0.59996570849700781 -0.3922447408447633
vp 0.66648039245388913 -0.26385350967383803
vp 0.70484189475760139 -0.13043270865548445
cstype bezier
deg 1
curv2 6241 6242 6243 6244 6245 6246 6247 6248 6249 6250 6251 6252 6253 6254 6255 6256 6257 6258 6259 6260 6261 6262 6263 6264 6265 6266 6267 6268 6269 6270 6271 6272 6241
parm u 0 0.14074506948935789 0.28149013897871578 0.42223520846807366 0.56298027795743155 0.7037253474467895 0.84447041693614733 0.98521548642550516 1.1259605559148631 1.266705625404221 1.407450694893579 1.5481957643829367 1.6889408338722947 1.8296859033616526 1.9704309728510103 2.111176042340368 2.2519211118297262 2.3926661813190844 2.5334112508084421 2.6741563202977998 2.814901389787158 2.9556464592765157 3.0963915287658734 3.2371365982552316 3.3778816677445893 3.518626737233947 3.6593718067233052 3.8001168762126629 3.9408619457020206 4.0816070151913788 4.2223520846807361 4.3630971541700942 4.5038422236594524
end
v 0.26578856336520401 4.9625436705241945 8.3908181307941803
v 0.26201791721342915 4.9625436705241945 9.5110911917925343
v -0.85448449763315737 4.9625436705241945 8.3870474846424052
v -0.85825514378493217 4.9625436705241945 9.5073205456407592
cstype bspline
deg 1 1
surf -0.8960109410017445 0.8960109410017445 -0.8960109410017445 0.8960109410017445 2089 2090 2091 2092
parm u -0.8960109410017445 -0.8960109410017445 0.8960109410017445 0.8960109410017445
parm v -0.8960109410017445 -0.8960109410017445 0.8960109410017445 0.8960109410017445
trim 0 4.5038422236594524 541
end
# - trim loop
vp 0 0
vp 26.578480228423956 0
cstype bezier
deg 1
curv2 6273 6274
parm u 0 26.578480228423956
end
vp 26.578480228423956 0
vp 26.578480228423956 0.5
cstype bezier
deg 1
curv2 6275 6276
parm u 0 0.5
end
vp 26.578480228423956 0.5
vp 0 0.5
cstype bezier
deg 1
curv2 6277 6278
parm u 0 26.578480228423956
end
vp 0 0.5
vp 0 0
cstype bezier
deg 1
curv2 6279 6280
parm u 0 0.5
end
v -2.7013571230240192 9.8376299053113385 10.048355222586046 1
v -1.6020712386554279 9.8376299053113367 12.453479055400205 0.70710678118654757
v 0.80305259415872321 9.8376299053113385 11.354193171031618 1
v 3.208176426972873 9.8376299053113367 10.25490728666302 0.70710678118654757
v 2.108890542604291 9.8376299053113385 7.849783453848879 1
v 1.0096046582357023 9.8376299053113367 5.444659621034735 0.70710678118654757
v -1.395519174578455 9.8376299053113385 6.543945505403322 1
v -3.8006430073926012 9.8376299053113367 7.6432313897719215 0.70710678118654757
v -2.7013571230240192 9.8376299053113385 10.048355222586046 1
v -2.7013571230240192 10.150204047933032 10.048355222586046 1
v -1.6020712386554279 10.15020404793303 12.453479055400205 0.70710678118654757
v 0.80305259415872321 10.150204047933032 11.354193171031618 1
v 3.208176426972873 10.15020404793303 10.25490728666302 0.70710678118654757
v 2.108890542604291 10.150204047933032 7.849783453848879 1
v 1.0096046582357023 10.15020404793303 5.444659621034735 0.70710678118654757
v -1.395519174578455 10.150204047933032 6.543945505403322 1
v -3.8006430073926012 10.15020404793303 7.6432313897719215 0.70710678118654757
v -2.7013571230240192 10.150204047933032 10.048355222586046 1
cstype rat bspline
deg 2 1
surf 0 26.578480228423956 0 0.5 2093 2094 2095 2096 2097 2098 2099 2100 2101 2102 2103 2104 2105 2106 2107 2108 2109 2110
parm u 0 0 0 6.644620057105989 6.644620057105989 13.289240114211978 13.289240114211978 19.933860171317967 19.933860171317967 26.578480228423956 26.578480228423956 26.578480228423956
parm v 0 0 0.5 0.5
trim 0 26.578480228423956 542 0 0.5 543 0 26.578480228423956 544 0 0.5 545
end
# - trim loop
vp 4.2300965082238804 0
vp 4.1594766054567476 0.76972127263437229
vp 3.9330942457116014 1.5570761456133617
vp 3.5405717894050786 2.3147500670605421
vp 2.9911299260386421 2.9911299260386421
vp 2.3147500670605421 3.5405717894050786
vp 1.5570761456133617 3.9330942457116014
vp 0.76972127263437251 4.1594766054567476
vp 0 4.2300965082238804
vp -0.76972127263437207 4.1594766054567476
vp -1.5570761456133613 3.9330942457116014
vp -2.3147500670605421 3.5405717894050786
vp -2.9911299260386421 2.9911299260386421
vp -3.5405717894050786 2.3147500670605421
vp -3.9330942457116014 1.5570761456133619
vp -4.1594766054567476 0.76972127263437262
vp -4.2300965082238804 0
vp -4.1594766054567476 -0.76972127263437196
vp -3.9330942457116014 -1.5570761456133613
vp -3.5405717894050786 -2.3147500670605421
vp -2.9911299260386426 -2.9911299260386421
vp -2.3147500670605425 -3.5405717894050786
vp -1.5570761456133622 -3.9330942457116014
vp -0.76972127263437307 -4.1594766054567476
vp 0 -4.2300965082238804
vp 0.76972127263437151 -4.1594766054567476
vp 1.5570761456133606 -3.9330942457116014
vp 2.3147500670605412 -3.5405717894050786
vp 2.9911299260386413 -2.9911299260386421
vp 3.5405717894050777 -2.3147500670605421
vp 3.9330942457116005 -1.5570761456133617
vp 4.1594766054567476 -0.76972127263437229
cstype bezier
deg 1
curv2 6281 6282 6283 6284 6285 6286 6287 6288 6289 6290 6291 6292 6293 6294 6295 6296 6297 6298 6299 6300 6301 6302 6303 6304 6305 6306 6307 6308 6309 6310 6311 6312 6281
parm u 0 0.83057750713824863 1.6611550142764973 2.4917325214147459 3.3223100285529945 4.1528875356912431 4.9834650428294918 5.8140425499677404 6.644620057105989 7.4751975642442376 8.3057750713824863 9.1363525785207358 9.9669300856589835 10.797507592797231 11.628085099935481 12.45866260707373 13.289240114211978 14.119817621350226 14.950395128488475 15.780972635626725 16.611550142764973 17.44212764990322 18.272705157041472 19.103282664179719 19.933860171317967 20.764437678456215 21.595015185594463 22.425592692732714 23.256170199870962 24.086747707009209 24.917325214147461 25.747902721285708 26.578480228423956
end
# - hole loop
vp 0.30016816712680683 0.650933068399838
vp 0.41360273820559079 0.58544646471008022
vp 0.51869786890271452 0.49473963747457683
vp 0.60743633232517624 0.38057310764691582
vp 0.6725301332357928 0.24802824029238937
vp 0.70908300506197508 0.10495751533344291
vp 0.7157202660710974 -0.039487831388997571
vp 0.69468549656478029 -0.17671120212150951
vp 0.65093306839983001 -0.30016816712679883
vp 0.58544646471007444 -0.41360273820558768
vp 0.49473963747457278 -0.51869786890271596
vp 0.38057310764691299 -0.60743633232518146
vp 0.24802824029238704 -0.67253013323580091
vp 0.10495751533344032 -0.70908300506198474
vp -0.039487831389001124 -0.71572026607110739
vp -0.17671120212151459 -0.69468549656478928
vp -0.30016816712680594 -0.65093306839983711
vp -0.41360273820558935 -0.58544646471008277
vp -0.51869786890271297 -0.49473963747458227
vp -0.60743633232517502 -0.38057310764692315
vp -0.67253013323579258 -0.24802824029239745
vp -0.7090830050619763 -0.10495751533345048
vp -0.7157202660711004 0.039487831388991645
vp -0.69468549656478529 0.17671120212150618
vp -0.65093306839983711 0.30016816712679883
vp -0.58544646471008022 0.41360273820558435
vp -0.49473963747457722 0.51869786890271008
vp -0.3805731076469161 0.60743633232517402
vp -0.24802824029238885 0.6725301332357928
vp -0.10495751533344107 0.70908300506197741
vp 0.039487831389001186 0.71572026607110195
vp 0.1767112021215152 0.69468549656478673
cstype bezier
deg 1
curv2 6313 6314 6315 6316 6317 6318 6319 6320 6321 6322 6323 6324 6325 6326 6327 6328 6329 6330 6331 6332 6333 6334 6335 6336 6337 6338 6339 6340 6341 6342 6343 6344 6313
parm u 0 0.14074506948935789 0.28149013897871578 0.42223520846807366 0.56298027795743155 0.7037253474467895 0.84447041693614733 0.98521548642550516 1.1259605559148631 1.266705625404221 1.407450694893579 1.5481957643829367 1.6889408338722947 1.8296859033616526 1.9704309728510103 2.111176042340368 2.2519211118297262 2.3926661813190844 2.5334112508084421 2.6741563202977998 2.814901389787158 2.9556464592765157 3.0963915287658734 3.2371365982552316 3.3778816677445893 3.518626737233947 3.6593718067233052 3.8001168762126629 3.9408619457020206 4.0816070151913788 4.2223520846807361 4.3630971541700942 4.5038422236594524
end
v 1.3360641453470927 9.8376299053113385 4.5685571917390391
v -4.6767454366882886 9.8376299053113385 7.31677190266051
v 4.0842788562685604 9.8376299053113385 10.581366773774416
v -1.9285307257668209 9.8376299053113385 13.329581484695886
cstype bspline
deg 1 1
surf -5.2876206352798505 5.2876206352798505 -5.2876206352798505 5.2876206352798505 2111 2112 2113 2114
parm u -5.2876206352798505 -5.2876206352798505 5.2876206352798505 5.2876206352798505
parm v -5.2876206352798505 -5.2876206352798505 5.2876206352798505 5.2876206352798505
trim 0 26.578480228423956 546
hole 0 4.5038422236594524 547
end
# - trim loop
vp 4.2300965082238804 0
vp 4.1594766054567476 0.76972127263437229
vp 3.9330942457116014 1.5570761456133617
vp 3.5405717894050786 2.3147500670605421
vp 2.9911299260386421 2.9911299260386421
vp 2.3147500670605421 3.5405717894050786
vp 1.5570761456133617 3.9330942457116014
vp 0.76972127263437251 4.1594766054567476
vp 0 4.2300965082238804
vp -0.76972127263437207 4.1594766054567476
vp -1.5570761456133613 3.9330942457116014
vp -2.3147500670605421 3.5405717894050786
vp -2.9911299260386421 2.9911299260386421
vp -3.5405717894050786 2.3147500670605421
vp -3.9330942457116014 1.5570761456133619
vp -4.1594766054567476 0.76972127263437262
vp -4.2300965082238804 0
vp -4.1594766054567476 -0.76972127263437196
vp -3.9330942457116014 -1.5570761456133613
vp -3.5405717894050786 -2.3147500670605421
vp -2.9911299260386426 -2.9911299260386421
vp -2.3147500670605425 -3.5405717894050786
vp -1.5570761456133622 -3.9330942457116014
vp -0.76972127263437307 -4.1594766054567476
vp 0 -4.2300965082238804
vp 0.76972127263437151 -4.1594766054567476
vp 1.5570761456133606 -3.9330942457116014
vp 2.3147500670605412 -3.5405717894050786
vp 2.9911299260386413 -2.9911299260386421
vp 3.5405717894050777 -2.3147500670605421
vp 3.9330942457116005 -1.5570761456133617
vp 4.1594766054567476 -0.76972127263437229
cstype bezier
deg 1
curv2 6345 6346 6347 6348 6349 6350 6351 6352 6353 6354 6355 6356 6357 6358 6359 6360 6361 6362 6363 6364 6365 6366 6367 6368 6369 6370 6371 6372 6373 6374 6375 6376 6345
parm u 0 0.83057750713824863 1.6611550142764973 2.4917325214147459 3.3223100285529945 4.1528875356912431 4.9834650428294918 5.8140425499677404 6.644620057105989 7.4751975642442376 8.3057750713824863 9.1363525785207358 9.9669300856589835 10.797507592797231 11.628085099935481 12.45866260707373 13.289240114211978 14.119817621350226 14.950395128488475 15.780972635626725 16.611550142764973 17.44212764990322 18.272705157041472 19.103282664179719 19.933860171317967 20.764437678456215 21.595015185594463 22.425592692732714 23.256170199870962 24.086747707009209 24.917325214147461 25.747902721285708 26.578480228423956
end
v 1.3360641453470927 10.150204047933032 4.5685571917390391
v -4.6767454366882886 10.150204047933032 7.31677190266051
v 4.0842788562685604 10.150204047933032 10.581366773774416
v -1.9285307257668209 10.150204047933032 13.329581484695886
cstype bspline
deg 1 1
surf -5.2876206352798505 5.2876206352798505 -5.2876206352798505 5.2876206352798505 2115 2116 2117 2118
parm u -5.2876206352798505 -5.2876206352798505 5.2876206352798505 5.2876206352798505
parm v -5.2876206352798505 -5.2876206352798505 5.2876206352798505 5.2876206352798505
trim 0 26.578480228423956 548
end
# - trim loop
vp 4.5038422236594524 0.49999999999999972
vp 4.5038422236594524 8.2982877820565957
cstype bezier
deg 1
curv2 6377 6378
parm u 0.49999999999999978 8.2982877820565957
end
vp 4.5038422236594524 8.2982877820565957
vp 0 8.2982877820565957
cstype bezier
deg 1
curv2 6379 6380
parm u 0 4.5038422236594524
end
vp 0 8.2982877820565957
vp 0 0.50000000000000089
cstype bezier
deg 1
curv2 6381 6382
parm u 0 7.7982877820565948
end
vp 0 0.50000000000000089
vp 4.5038422236594524 0.49999999999999972
cstype bezier
deg 1
curv2 6383 6384
parm u 0 4.5038422236594524
end
v -0.29774154867057412 10.150204047933032 9.397178562616823 1
v -0.7458507730699202 10.15020404793303 9.395670304156098 0.70710678118654757
v -0.74434251460920997 10.150204047933032 8.94756107975676 1
v -0.74283425614850085 10.15020404793303 8.499451855357417 0.70710678118654757
v -0.2947250317491541 10.150204047933032 8.500960113818131 1
v 0.15338419265019188 10.15020404793303 8.502468372278843 0.70710678118654757
v 0.15187593418948175 10.150204047933032 8.95057759667818 1
v 0.15036767572877005 10.15020404793303 9.398686821077526 0.70710678118654757
v -0.29774154867057412 10.150204047933032 9.397178562616823 1
v -0.29774154867057412 4.9625436705241945 9.397178562616823 1
v -0.7458507730699202 4.9625436705241945 9.395670304156098 0.70710678118654757
v -0.74434251460920997 4.9625436705241945 8.94756107975676 1
v -0.74283425614850085 4.9625436705241945 8.499451855357417 0.70710678118654757
v -0.2947250317491541 4.9625436705241945 8.500960113818131 1
v 0.15338419265019188 4.9625436705241945 8.502468372278843 0.70710678118654757
v 0.15187593418948175 4.9625436705241945 8.95057759667818 1
v 0.15036767572877005 4.9625436705241945 9.398686821077526 0.70710678118654757
v -0.29774154867057412 4.9625436705241945 9.397178562616823 1
cstype rat bspline
deg 2 1
surf 0 4.5038422236594524 0 8.2982877820565957 2119 2120 2121 2122 2123 2124 2125 2126 2127 2128 2129 2130 2131 2132 2133 2134 2135 2136
parm u 0 0 0 1.1259605559148631 1.1259605559148631 2.2519211118297262 2.2519211118297262 3.3778816677445893 3.3778816677445893 4.5038422236594524 4.5038422236594524 4.5038422236594524
parm v 0 0 8.2982877820565957 8.2982877820565957
trim 0.49999999999999978 8.2982877820565957 549 0 4.5038422236594524 550 0 7.7982877820565948 551 0 4.5038422236594524 552
end
usemtl diffuse_170_230_123_255
# - trim loop
vp 0.71680875280139555 0
vp 0.70484189475760139 0.13043270865548445
vp 0.66648039245388924 0.26385350967383803
vp 0.59996570849700792 0.3922447408447633
vp 0.50686032991973851 0.50686032991973851
vp 0.3922447408447633 0.59996570849700792
vp 0.26385350967383808 0.66648039245388924
vp 0.13043270865548445 0.70484189475760139
vp 0 0.71680875280139555
vp -0.13043270865548437 0.70484189475760151
vp -0.26385350967383792 0.66648039245388946
vp -0.39224474084476318 0.59996570849700803
vp -0.50686032991973839 0.50686032991973851
vp -0.59996570849700792 0.39224474084476335
vp -0.66648039245388924 0.26385350967383808
vp -0.70484189475760139 0.13043270865548454
vp -0.71680875280139555 0
vp -0.70484189475760151 -0.13043270865548434
vp -0.66648039245388946 -0.26385350967383792
vp -0.59996570849700803 -0.39224474084476318
vp -0.50686032991973851 -0.50686032991973839
vp -0.39224474084476335 -0.59996570849700792
vp -0.26385350967383808 -0.66648039245388924
vp -0.13043270865548454 -0.70484189475760139
vp 0 -0.71680875280139555
vp 0.13043270865548429 -0.70484189475760139
vp 0.2638535096738378 -0.66648039245388924
vp 0.39224474084476307 -0.59996570849700792
vp 0.50686032991973828 -0.50686032991973851
vp 0.59996570849700781 -0.3922447408447633
vp 0.66648039245388913 -0.26385350967383803
vp 0.70484189475760139 -0.13043270865548445
cstype bezier
deg 1
curv2 6385 6386 6387 6388 6389 6390 6391 6392 6393 6394 6395 6396 6397 6398 6399 6400 6401 6402 6403 6404 6405 6406 6407 6408 6409 6410 6411 6412 6413 6414 6415 6416 6385
parm u 0 0.14074506948935789 0.28149013897871578 0.42223520846807366 0.56298027795743155 0.7037253474467895 0.84447041693614733 0.98521548642550516 1.1259605559148631 1.266705625404221 1.407450694893579 1.5481957643829367 1.6889408338722947 1.8296859033616526 1.9704309728510103 2.111176042340368 2.2519211118297262 2.3926661813190844 2.5334112508084421 2.6741563202977998 2.814901389787158 2.9556464592765157 3.0963915287658734 3.2371365982552316 3.3778816677445893 3.518626737233947 3.6593718067233052 3.8001168762126629 3.9408619457020206 4.0816070151913788 4.2223520846807361 4.3630971541700942 4.5038422236594524
end
v 4.3298929756603517 4.9625436705241945 25.600045804973163
v 4.3261223295085767 4.9625436705241945 26.720318865971514
v 3.2096199146619906 4.9625436705241945 25.596275158821392
v 3.2058492685102156 4.9625436705241945 26.716548219819742
cstype bspline
deg 1 1
surf -0.8960109410017445 0.8960109410017445 -0.8960109410017445 0.8960109410017445 2137 2138 2139 2140
parm u -0.8960109410017445 -0.8960109410017445 0.8960109410017445 0.8960109410017445
parm v -0.8960109410017445 -0.8960109410017445 0.8960109410017445 0.8960109410017445
trim 0 4.5038422236594524 553
end
# - trim loop
vp 0 0
vp 26.578480228423956 0
cstype bezier
deg 1
curv2 6417 6418
parm u 0 26.578480228423956
end
vp 26.578480228423956 0
vp 26.578480228423956 0.5
cstype bezier
deg 1
curv2 6419 6420
parm u 0 0.5
end
vp 26.578480228423956 0.5
vp 0 0.5
cstype bezier
deg 1
curv2 6421 6422
parm u 0 26.578480228423956
end
vp 0 0.5
vp 0 0
cstype bezier
deg 1
curv2 6423 6424
parm u 0 0.5
end
v 1.3627472892711285 9.8376299053113385 27.25758289676503 1
v 2.4620331736397199 9.8376299053113367 29.662706729579188 0.70710678118654757
v 4.8671570064538709 9.8376299053113385 28.5634208452106 1
v 7.2722808392680207 9.8376299053113367 27.464134960842003 0.70710678118654757
v 6.1729949548994387 9.8376299053113385 25.059011128027862 1
v 5.0737090705308496 9.8376299053113367 22.653887295213718 0.70710678118654757
v 2.6685852377166928 9.8376299053113385 23.753173179582305 1
v 0.26346140490254655 9.8376299053113367 24.852459063950903 0.70710678118654757
v 1.3627472892711285 9.8376299053113385 27.25758289676503 1
v 1.3627472892711285 10.150204047933032 27.25758289676503 1
v 2.4620331736397199 10.15020404793303 29.662706729579188 0.70710678118654757
v 4.8671570064538709 10.150204047933032 28.5634208452106 1
v 7.2722808392680207 10.15020404793303 27.464134960842003 0.70710678118654757
v 6.1729949548994387 10.150204047933032 25.059011128027862 1
v 5.0737090705308496 10.15020404793303 22.653887295213718 0.70710678118654757
v 2.6685852377166928 10.150204047933032 23.753173179582305 1
v 0.26346140490254655 10.15020404793303 24.852459063950903 0.70710678118654757
v 1.3627472892711285 10.150204047933032 27.25758289676503 1
cstype rat bspline
deg 2 1
surf 0 26.578480228423956 0 0.5 2141 2142 2143 2144 2145 2146 2147 2148 2149 2150 2151 2152 2153 2154 2155 2156 2157 2158
parm u 0 0 0 6.644620057105989 6.644620057105989 13.289240114211978 13.289240114211978 19.933860171317967 19.933860171317967 26.578480228423956 26.578480228423956 26.578480228423956
parm v 0 0 0.5 0.5
trim 0 26.578480228423956 554 0 0.5 555 0 26.578480228423956 556 0 0.5 557
end
# - trim loop
vp 4.2300965082238804 0
vp 4.1594766054567476 0.76972127263437229
vp 3.9330942457116014 1.5570761456133617
vp 3.5405717894050786 2.3147500670605421
vp 2.9911299260386421 2.9911299260386421
vp 2.3147500670605421 3.5405717894050786
vp 1.5570761456133617 3.9330942457116014
vp 0.76972127263437251 4.1594766054567476
vp 0 4.2300965082238804
vp -0.76972127263437207 4.1594766054567476
vp -1.5570761456133613 3.9330942457116014
vp -2.3147500670605421 3.5405717894050786
vp -2.9911299260386421 2.9911299260386421
vp -3.5405717894050786 2.3147500670605421
vp -3.9330942457116014 1.5570761456133619
vp -4.1594766054567476 0.76972127263437262
vp -4.2300965082238804 0
vp -4.1594766054567476 -0.76972127263437196
vp -3.9330942457116014 -1.5570761456133613
vp -3.5405717894050786 -2.3147500670605421
vp -2.9911299260386426 -2.9911299260386421
vp -2.3147500670605425 -3.5405717894050786
vp -1.5570761456133622 -3.9330942457116014
vp -0.76972127263437307 -4.1594766054567476
vp 0 -4.2300965082238804
vp 0.76972127263437151 -4.1594766054567476
vp 1.5570761456133606 -3.9330942457116014
vp 2.3147500670605412 -3.5405717894050786
vp 2.9911299260386413 -2.9911299260386421
vp 3.5405717894050777 -2.3147500670605421
vp 3.9330942457116005 -1.5570761456133617
vp 4.1594766054567476 -0.76972127263437229
cstype bezier
deg 1
curv2 6425 6426 6427 6428 6429 6430 6431 6432 6433 6434 6435 6436 6437 6438 6439 6440 6441 6442 6443 6444 6445 6446 6447 6448 6449 6450 6451 6452 6453 6454 6455 6456 6425
parm u 0 0.83057750713824863 1.6611550142764973 2.4917325214147459 3.3223100285529945 4.1528875356912431 4.9834650428294918 5.8140425499677404 6.644620057105989 7.4751975642442376 8.3057750713824863 9.1363525785207358 9.9669300856589835 10.797507592797231 11.628085099935481 12.45866260707373 13.289240114211978 14.119817621350226 14.950395128488475 15.780972635626725 16.611550142764973 17.44212764990322 18.272705157041472 19.103282664179719 19.933860171317967 20.764437678456215 21.595015185594463 22.425592692732714 23.256170199870962 24.086747707009209 24.917325214147461 25.747902721285708 26.578480228423956
end
# - hole loop
vp 0.30016816712680683 0.650933068399838
vp 0.41360273820559079 0.58544646471008022
vp 0.51869786890271452 0.49473963747457683
vp 0.60743633232517624 0.38057310764691582
vp 0.6725301332357928 0.24802824029238937
vp 0.70908300506197508 0.10495751533344291
vp 0.7157202660710974 -0.039487831388997571
vp 0.69468549656478029 -0.17671120212150951
vp 0.65093306839983001 -0.30016816712679883
vp 0.58544646471007444 -0.41360273820558768
vp 0.49473963747457278 -0.51869786890271596
vp 0.38057310764691299 -0.60743633232518146
vp 0.24802824029238704 -0.67253013323580091
vp 0.10495751533344032 -0.70908300506198474
vp -0.039487831389001124 -0.71572026607110739
vp -0.17671120212151459 -0.69468549656478928
vp -0.30016816712680594 -0.65093306839983711
vp -0.41360273820558935 -0.58544646471008277
vp -0.51869786890271297 -0.49473963747458227
vp -0.60743633232517502 -0.38057310764692315
vp -0.67253013323579258 -0.24802824029239745
vp -0.7090830050619763 -0.10495751533345048
vp -0.7157202660711004 0.039487831388991645
vp -0.69468549656478529 0.17671120212150618
vp -0.65093306839983711 0.30016816712679883
vp -0.58544646471008022 0.41360273820558435
vp -0.49473963747457722 0.51869786890271008
vp -0.3805731076469161 0.60743633232517402
vp -0.24802824029238885 0.6725301332357928
vp -0.10495751533344107 0.70908300506197741
vp 0.039487831389001186 0.71572026607110195
vp 0.1767112021215152 0.69468549656478673
cstype bezier
deg 1
curv2 6457 6458 6459 6460 6461 6462 6463 6464 6465 6466 6467 6468 6469 6470 6471 6472 6473 6474 6475 6476 6477 6478 6479 6480 6481 6482 6483 6484 6485 6486 6487 6488 6457
parm u 0 0.14074506948935789 0.28149013897871578 0.42223520846807366 0.56298027795743155 0.7037253474467895 0.84447041693614733 0.98521548642550516 1.1259605559148631 1.266705625404221 1.407450694893579 1.5481957643829367 1.6889408338722947 1.8296859033616526 1.9704309728510103 2.111176042340368 2.2519211118297262 2.3926661813190844 2.5334112508084421 2.6741563202977998 2.814901389787158 2.9556464592765157 3.0963915287658734 3.2371365982552316 3.3778816677445893 3.518626737233947 3.6593718067233052 3.8001168762126629 3.9408619457020206 4.0816070151913788 4.2223520846807361 4.3630971541700942 4.5038422236594524
end
v 5.4001685576422398 9.8376299053113385 21.777784865918022
v -0.61264102439314105 9.8376299053113385 24.525999576839492
v 8.1483832685637072 9.8376299053113385 27.790594447953399
v 2.1355736865283266 9.8376299053113385 30.538809158874869
cstype bspline
deg 1 1
surf -5.2876206352798505 5.2876206352798505 -5.2876206352798505 5.2876206352798505 2159 2160 2161 2162
parm u -5.2876206352798505 -5.2876206352798505 5.2876206352798505 5.2876206352798505
parm v -5.2876206352798505 -5.2876206352798505 5.2876206352798505 5.2876206352798505
trim 0 26.578480228423956 558
hole 0 4.5038422236594524 559
end
# - trim loop
vp 4.2300965082238804 0
vp 4.1594766054567476 0.76972127263437229
vp 3.9330942457116014 1.5570761456133617
vp 3.5405717894050786 2.3147500670605421
vp 2.9911299260386421 2.9911299260386421
vp 2.3147500670605421 3.5405717894050786
vp 1.5570761456133617 3.9330942457116014
vp 0.76972127263437251 4.1594766054567476
vp 0 4.2300965082238804
vp -0.76972127263437207 4.1594766054567476
vp -1.5570761456133613 3.9330942457116014
vp -2.3147500670605421 3.5405717894050786
vp -2.9911299260386421 2.9911299260386421
vp -3.5405717894050786 2.3147500670605421
vp -3.9330942457116014 1.5570761456133619
vp -4.1594766054567476 0.76972127263437262
vp -4.2300965082238804 0
vp -4.1594766054567476 -0.76972127263437196
vp -3.9330942457116014 -1.5570761456133613
vp -3.5405717894050786 -2.3147500670605421
vp -2.9911299260386426 -2.9911299260386421
vp -2.3147500670605425 -3.5405717894050786
vp -1.5570761456133622 -3.9330942457116014
vp -0.76972127263437307 -4.1594766054567476
vp 0 -4.2300965082238804
vp 0.76972127263437151 -4.1594766054567476
vp 1.5570761456133606 -3.9330942457116014
vp 2.3147500670605412 -3.5405717894050786
vp 2.9911299260386413 -2.9911299260386421
vp 3.5405717894050777 -2.3147500670605421
vp 3.9330942457116005 -1.5570761456133617
vp 4.1594766054567476 -0.76972127263437229
cstype bezier
deg 1
curv2 6489 6490 6491 6492 6493 6494 6495 6496 6497 6498 6499 6500 6501 6502 6503 6504 6505 6506 6507 6508 6509 6510 6511 6512 6513 6514 6515 6516 6517 6518 6519 6520 6489
parm u 0 0.83057750713824863 1.6611550142764973 2.4917325214147459 3.3223100285529945 4.1528875356912431 4.9834650428294918 5.8140425499677404 6.644620057105989 7.4751975642442376 8.3057750713824863 9.1363525785207358 9.9669300856589835 10.797507592797231 11.628085099935481 12.45866260707373 13.289240114211978 14.119817621350226 14.950395128488475 15.780972635626725 16.611550142764973 17.44212764990322 18.272705157041472 19.103282664179719 19.933860171317967 20.764437678456215 21.595015185594463 22.425592692732714 23.256170199870962 24.086747707009209 24.917325214147461 25.747902721285708 26.578480228423956
end
v 5.4001685576422398 10.150204047933032 21.777784865918022
v -0.61264102439314105 10.150204047933032 24.525999576839492
v 8.1483832685637072 10.150204047933032 27.790594447953399
v 2.1355736865283266 10.150204047933032 30.538809158874869
cstype bspline
deg 1 1
surf -5.2876206352798505 5.2876206352798505 -5.2876206352798505 5.2876206352798505 2163 2164 2165 2166
parm u -5.2876206352798505 -5.2876206352798505 5.2876206352798505 5.2876206352798505
parm v -5.2876206352798505 -5.2876206352798505 5.2876206352798505 5.2876206352798505
trim 0 26.578480228423956 560
end
# - trim loop
vp 4.5038422236594524 0.49999999999999972
vp 4.5038422236594524 8.2982877820565957
cstype bezier
deg 1
curv2 6521 6522
parm u 0.49999999999999978 8.2982877820565957
end
vp 4.5038422236594524 8.2982877820565957
vp 0 8.2982877820565957
cstype bezier
deg 1
curv2 6523 6524
parm u 0 4.5038422236594524
end
vp 0 8.2982877820565957
vp 0 0.50000000000000089
cstype bezier
deg 1
curv2 6525 6526
parm u 0 7.7982877820565948
end
vp 0 0.50000000000000089
vp 4.5038422236594524 0.49999999999999972
cstype bezier
deg 1
curv2 6527 6528
parm u 0 4.5038422236594524
end
v 3.7663628636245736 10.150204047933032 26.606406236795806 1
v 3.3182536392252273 10.15020404793303 26.60489797833508 0.70710678118654757
v 3.3197618976859378 10.150204047933032 26.156788753935743 1
v 3.3212701561466469 10.15020404793303 25.7086795295364 0.70710678118654757
v 3.7693793805459936 10.150204047933032 25.710187787997114 1
v 4.2174886049453395 10.15020404793303 25.711696046457828 0.70710678118654757
v 4.2159803464846295 10.150204047933032 26.159805270857163 1
v 4.2144720880239177 10.15020404793303 26.60791449525651 0.70710678118654757
v 3.7663628636245736 10.150204047933032 26.606406236795806 1
v 3.7663628636245736 4.9625436705241945 26.606406236795806 1
v 3.3182536392252273 4.9625436705241945 26.60489797833508 0.70710678118654757
v 3.3197618976859378 4.9625436705241945 26.156788753935743 1
v 3.3212701561466469 4.9625436705241945 25.7086795295364 0.70710678118654757
v 3.7693793805459936 4.9625436705241945 25.710187787997114 1
v 4.2174886049453395 4.9625436705241945 25.711696046457828 0.70710678118654757
v 4.2159803464846295 4.9625436705241945 26.159805270857163 1
v 4.2144720880239177 4.9625436705241945 26.60791449525651 0.70710678118654757
v 3.7663628636245736 4.9625436705241945 26.606406236795806 1
cstype rat bspline
deg 2 1
surf 0 4.5038422236594524 0 8.2982877820565957 2167 2168 2169 2170 2171 2172 2173 2174 2175 2176 2177 2178 2179 2180 2181 2182 2183 2184
parm u 0 0 0 1.1259605559148631 1.1259605559148631 2.2519211118297262 2.2519211118297262 3.3778816677445893 3.3778816677445893 4.5038422236594524 4.5038422236594524 4.5038422236594524
parm v 0 0 8.2982877820565957 8.2982877820565957
trim 0.49999999999999978 8.2982877820565957 561 0 4.5038422236594524 562 0 7.7982877820565948 563 0 4.5038422236594524 564
end
usemtl diffuse_170_230_123_255
# - trim loop
vp 0.71680875280139555 0
vp 0.70484189475760139 0.13043270865548445
vp 0.66648039245388924 0.26385350967383803
vp 0.59996570849700792 0.3922447408447633
vp 0.50686032991973851 0.50686032991973851
vp 0.3922447408447633 0.59996570849700792
vp 0.26385350967383808 0.66648039245388924
vp 0.13043270865548445 0.70484189475760139
vp 0 0.71680875280139555
vp -0.13043270865548437 0.70484189475760151
vp -0.26385350967383792 0.66648039245388946
vp -0.39224474084476318 0.59996570849700803
vp -0.50686032991973839 0.50686032991973851
vp -0.59996570849700792 0.39224474084476335
vp -0.66648039245388924 0.26385350967383808
vp -0.70484189475760139 0.13043270865548454
vp -0.71680875280139555 0
vp -0.70484189475760151 -0.13043270865548434
vp -0.66648039245388946 -0.26385350967383792
vp -0.59996570849700803 -0.39224474084476318
vp -0.50686032991973851 -0.50686032991973839
vp -0.39224474084476335 -0.59996570849700792
vp -0.26385350967383808 -0.66648039245388924
vp -0.13043270865548454 -0.70484189475760139
vp 0 -0.71680875280139555
vp 0.13043270865548429 -0.70484189475760139
vp 0.2638535096738378 -0.66648039245388924
vp 0.39224474084476307 -0.59996570849700792
vp 0.50686032991973828 -0.50686032991973851
vp 0.59996570849700781 -0.3922447408447633
vp 0.66648039245388913 -0.26385350967383803
vp 0.70484189475760139 -0.13043270865548445
cstype bezier
deg 1
curv2 6529 6530 6531 6532 6533 6534 6535 6536 6537 6538 6539 6540 6541 6542 6543 6544 6545 6546 6547 6548 6549 6550 6551 6552 6553 6554 6555 6556 6557 6558 6559 6560 6529
parm u 0 0.14074506948935789 0.28149013897871578 0.42223520846807366 0.56298027795743155 0.7037253474467895 0.84447041693614733 0.98521548642550516 1.1259605559148631 1.266705625404221 1.407450694893579 1.5481957643829367 1.6889408338722947 1.8296859033616526 1.9704309728510103 2.111176042340368 2.2519211118297262 2.3926661813190844 2.5334112508084421 2.6741563202977998 2.814901389787158 2.9556464592765157 3.0963915287658734 3.2371365982552316 3.3778816677445893 3.518626737233947 3.6593718067233052 3.8001168762126629 3.9408619457020206 4.0816070151913788 4.2223520846807361 4.3630971541700942 4.5038422236594524
end
v 11.46725419643094 4.9625436705241945 66.073453264108565
v 11.463483550279165 4.9625436705241945 67.193726325106908
v 10.346981135432578 4.9625436705241945 66.069682617956801
v 10.343210489280803 4.9625436705241945 67.189955678955144
cstype bspline
deg 1 1
surf -0.8960109410017445 0.8960109410017445 -0.8960109410017445 0.8960109410017445 2185 2186 2187 2188
parm u -0.8960109410017445 -0.8960109410017445 0.8960109410017445 0.8960109410017445
parm v -0.8960109410017445 -0.8960109410017445 0.8960109410017445 0.8960109410017445
trim 0 4.5038422236594524 565
end
# - trim loop
vp 0 0
vp 26.578480228423956 0
cstype bezier
deg 1
curv2 6561 6562
parm u 0 26.578480228423956
end
vp 26.578480228423956 0
vp 26.578480228423956 0.5
cstype bezier
deg 1
curv2 6563 6564
parm u 0 0.5
end
vp 26.578480228423956 0.5
vp 0 0.5
cstype bezier
deg 1
curv2 6565 6566
parm u 0 26.578480228423956
end
vp 0 0.5
vp 0 0
cstype bezier
deg 1
curv2 6567 6568
parm u 0 0.5
end
v 8.5001085100417164 9.8376299053113385 67.73099035590043 1
v 9.5993943944103073 9.8376299053113367 70.13611418871459 0.70710678118654757
v 12.004518227224459 9.8376299053113385 69.036828304346 1
v 14.409642060038609 9.8376299053113367 67.9375424199774 0.70710678118654757
v 13.310356175670027 9.8376299053113385 65.53241858716326 1
v 12.211070291301438 9.8376299053113367 63.127294754349116 0.70710678118654757
v 9.8059464584872806 9.8376299053113385 64.2265806387177 1
v 7.4008226256731335 9.8376299053113367 65.3258665230863 0.70710678118654757
v 8.5001085100417164 9.8376299053113385 67.73099035590043 1
v 8.5001085100417164 10.150204047933032 67.73099035590043 1
v 9.5993943944103073 10.15020404793303 70.13611418871459 0.70710678118654757
v 12.004518227224459 10.150204047933032 69.036828304346 1
v 14.409642060038609 10.15020404793303 67.9375424199774 0.70710678118654757
v 13.310356175670027 10.150204047933032 65.53241858716326 1
v 12.211070291301438 10.15020404793303 63.127294754349116 0.70710678118654757
v 9.8059464584872806 10.150204047933032 64.2265806387177 1
v 7.4008226256731335 10.15020404793303 65.3258665230863 0.70710678118654757
v 8.5001085100417164 10.150204047933032 67.73099035590043 1
cstype rat bspline
deg 2 1
surf 0 26.578480228423956 0 0.5 2189 2190 2191 2192 2193 2194 2195 2196 2197 2198 2199 2200 2201 2202 2203 2204 2205 2206
parm u 0 0 0 6.644620057105989 6.644620057105989 13.289240114211978 13.289240114211978 19.933860171317967 19.933860171317967 26.578480228423956 26.578480228423956 26.578480228423956
parm v 0 0 0.5 0.5
trim 0 26.578480228423956 566 0 0.5 567 0 26.578480228423956 568 0 0.5 569
end
# - trim loop
vp 4.2300965082238804 0
vp 4.1594766054567476 0.76972127263437229
vp 3.9330942457116014 1.5570761456133617
vp 3.5405717894050786 2.3147500670605421
vp 2.9911299260386421 2.9911299260386421
vp 2.3147500670605421 3.5405717894050786
vp 1.5570761456133617 3.9330942457116014
vp 0.76972127263437251 4.1594766054567476
vp 0 4.2300965082238804
vp -0.76972127263437207 4.1594766054567476
vp -1.5570761456133613 3.9330942457116014
vp -2.3147500670605421 3.5405717894050786
vp -2.9911299260386421 2.9911299260386421
vp -3.5405717894050786 2.3147500670605421
vp -3.9330942457116014 1.5570761456133619
vp -4.1594766054567476 0.76972127263437262
vp -4.2300965082238804 0
vp -4.1594766054567476 -0.76972127263437196
vp -3.9330942457116014 -1.5570761456133613
vp -3.5405717894050786 -2.3147500670605421
vp -2.9911299260386426 -2.9911299260386421
vp -2.3147500670605425 -3.5405717894050786
vp -1.5570761456133622 -3.9330942457116014
vp -0.76972127263437307 -4.1594766054567476
vp 0 -4.2300965082238804
vp 0.76972127263437151 -4.1594766054567476
vp 1.5570761456133606 -3.9330942457116014
vp 2.3147500670605412 -3.5405717894050786
vp 2.9911299260386413 -2.9911299260386421
vp 3.5405717894050777 -2.3147500670605421
vp 3.9330942457116005 -1.5570761456133617
vp 4.1594766054567476 -0.76972127263437229
cstype bezier
deg 1
curv2 6569 6570 6571 6572 6573 6574 6575 6576 6577 6578 6579 6580 6581 6582 6583 6584 6585 6586 6587 6588 6589 6590 6591 6592 6593 6594 6595 6596 6597 6598 6599 6600 6569
parm u 0 0.83057750713824863 1.6611550142764973 2.4917325214147459 3.3223100285529945 4.1528875356912431 4.9834650428294918 5.8140425499677404 6.644620057105989 7.4751975642442376 8.3057750713824863 9.1363525785207358 9.9669300856589835 10.797507592797231 11.628085099935481 12.45866260707373 13.289240114211978 14.119817621350226 14.950395128488475 15.780972635626725 16.611550142764973 17.44212764990322 18.272705157041472 19.103282664179719 19.933860171317967 20.764437678456215 21.595015185594463 22.425592692732714 23.256170199870962 24.086747707009209 24.917325214147461 25.747902721285708 26.578480228423956
end
# - hole loop
vp 0.30016816712680683 0.650933068399838
vp 0.41360273820559079 0.58544646471008022
vp 0.51869786890271452 0.49473963747457683
vp 0.60743633232517624 0.38057310764691582
vp 0.6725301332357928 0.24802824029238937
vp 0.70908300506197508 0.10495751533344291
vp 0.7157202660710974 -0.039487831388997571
vp 0.69468549656478029 -0.17671120212150951
vp 0.65093306839983001 -0.30016816712679883
vp 0.58544646471007444 -0.41360273820558768
vp 0.49473963747457278 -0.51869786890271596
vp 0.38057310764691299 -0.60743633232518146
vp 0.24802824029238704 -0.67253013323580091
vp 0.10495751533344032 -0.70908300506198474
vp -0.039487831389001124 -0.71572026607110739
vp -0.17671120212151459 -0.69468549656478928
vp -0.30016816712680594 -0.65093306839983711
vp -0.41360273820558935 -0.58544646471008277
vp -0.51869786890271297 -0.49473963747458227
vp -0.60743633232517502 -0.38057310764692315
vp -0.67253013323579258 -0.24802824029239745
vp -0.7090830050619763 -0.10495751533345048
vp -0.7157202660711004 0.039487831388991645
vp -0.69468549656478529 0.17671120212150618
vp -0.65093306839983711 0.30016816712679883
vp -0.58544646471008022 0.41360273820558435
vp -0.49473963747457722 0.51869786890271008
vp -0.3805731076469161 0.60743633232517402
vp -0.24802824029238885 0.6725301332357928
vp -0.10495751533344107 0.70908300506197741
vp 0.039487831389001186 0.71572026607110195
vp 0.1767112021215152 0.69468549656478673
cstype bezier
deg 1
curv2 6601 6602 6603 6604 6605 6606 6607 6608 6609 6610 6611 6612 6613 6614 6615 6616 6617 6618 6619 6620 6621 6622 6623 6624 6625 6626 6627 6628 6629 6630 6631 6632 6601
parm u 0 0.14074506948935789 0.28149013897871578 0.42223520846807366 0.56298027795743155 0.7037253474467895 0.84447041693614733 0.98521548642550516 1.1259605559148631 1.266705625404221 1.407450694893579 1.5481957643829367 1.6889408338722947 1.8296859033616526 1.9704309728510103 2.111176042340368 2.2519211118297262 2.3926661813190844 2.5334112508084421 2.6741563202977998 2.814901389787158 2.9556464592765157 3.0963915287658734 3.2371365982552316 3.3778816677445893 3.518626737233947 3.6593718067233052 3.8001168762126629 3.9408619457020206 4.0816070151913788 4.2223520846807361 4.3630971541700942 4.5038422236594524
end
v 12.537529778412829 9.8376299053113385 62.251192325053424
v 6.524720196377447 9.8376299053113385 64.999407035974897
v 15.285744489334295 9.8376299053113385 68.264001907088797
v 9.2729349072989145 9.8376299053113385 71.012216618010271
cstype bspline
deg 1 1
surf -5.2876206352798505 5.2876206352798505 -5.2876206352798505 5.2876206352798505 2207 2208 2209 2210
parm u -5.2876206352798505 -5.2876206352798505 5.2876206352798505 5.2876206352798505
parm v -5.2876206352798505 -5.2876206352798505 5.2876206352798505 5.2876206352798505
trim 0 26.578480228423956 570
hole 0 4.5038422236594524 571
end
# - trim loop
vp 4.2300965082238804 0
vp 4.1594766054567476 0.76972127263437229
vp 3.9330942457116014 1.5570761456133617
vp 3.5405717894050786 2.3147500670605421
vp 2.9911299260386421 2.9911299260386421
vp 2.3147500670605421 3.5405717894050786
vp 1.5570761456133617 3.9330942457116014
vp 0.76972127263437251 4.1594766054567476
vp 0 4.2300965082238804
vp -0.76972127263437207 4.1594766054567476
vp -1.5570761456133613 3.9330942457116014
vp -2.3147500670605421 3.5405717894050786
vp -2.9911299260386421 2.9911299260386421
vp -3.5405717894050786 2.3147500670605421
vp -3.9330942457116014 1.5570761456133619
vp -4.1594766054567476 0.76972127263437262
vp -4.2300965082238804 0
vp -4.1594766054567476 -0.76972127263437196
vp -3.9330942457116014 -1.5570761456133613
vp -3.5405717894050786 -2.3147500670605421
vp -2.9911299260386426 -2.9911299260386421
vp -2.3147500670605425 -3.5405717894050786
vp -1.5570761456133622 -3.9330942457116014
vp -0.76972127263437307 -4.1594766054567476
vp 0 -4.2300965082238804
vp 0.76972127263437151 -4.1594766054567476
vp 1.5570761456133606 -3.9330942457116014
vp 2.3147500670605412 -3.5405717894050786
vp 2.9911299260386413 -2.9911299260386421
vp 3.5405717894050777 -2.3147500670605421
vp 3.9330942457116005 -1.5570761456133617
vp 4.1594766054567476 -0.76972127263437229
cstype bezier
deg 1
curv2 6633 6634 6635 6636 6637 6638 6639 6640 6641 6642 6643 6644 6645 6646 6647 6648 6649 6650 6651 6652 6653 6654 6655 6656 6657 6658 6659 6660 6661 6662 6663 6664 6633
parm u 0 0.83057750713824863 1.6611550142764973 2.4917325214147459 3.3223100285529945 4.1528875356912431 4.9834650428294918 5.8140425499677404 6.644620057105989 7.4751975642442376 8.3057750713824863 9.1363525785207358 9.9669300856589835 10.797507592797231 11.628085099935481 12.45866260707373 13.289240114211978 14.119817621350226 14.950395128488475 15.780972635626725 16.611550142764973 17.44212764990322 18.272705157041472 19.103282664179719 19.933860171317967 20.764437678456215 21.595015185594463 22.425592692732714 23.256170199870962 24.086747707009209 24.917325214147461 25.747902721285708 26.578480228423956
end
v 12.537529778412829 10.150204047933032 62.251192325053424
v 6.524720196377447 10.150204047933032 64.999407035974897
v 15.285744489334295 10.150204047933032 68.264001907088797
v 9.2729349072989145 10.150204047933032 71.012216618010271
cstype bspline
deg 1 1
surf -5.2876206352798505 5.2876206352798505 -5.2876206352798505 5.2876206352798505 2211 2212 2213 2214
parm u -5.2876206352798505 -5.2876206352798505 5.2876206352798505 5.2876206352798505
parm v -5.2876206352798505 -5.2876206352798505 5.2876206352798505 5.2876206352798505
trim 0 26.578480228423956 572
end
# - trim loop
vp 4.5038422236594524 0.49999999999999972
vp 4.5038422236594524 8.2982877820565957
cstype bezier
deg 1
curv2 6665 6666
parm u 0.49999999999999978 8.2982877820565957
end
vp 4.5038422236594524 8.2982877820565957
vp 0 8.2982877820565957
cstype bezier
deg 1
curv2 6667 6668
parm u 0 4.5038422236594524
end
vp 0 8.2982877820565957
vp 0 0.50000000000000089
cstype bezier
deg 1
curv2 6669 6670
parm u 0 7.7982877820565948
end
vp 0 0.50000000000000089
vp 4.5038422236594524 0.49999999999999972
cstype bezier
deg 1
curv2 6671 6672
parm u 0 4.5038422236594524
end
v 10.903724084395161 10.150204047933032 67.07981369593121 1
v 10.455614859995816 10.15020404793303 67.07830543747048 0.70710678118654757
v 10.457123118456526 10.150204047933032 66.63019621307114 1
v 10.458631376917234 10.15020404793303 66.1820869886718 0.70710678118654757
v 10.906740601316582 10.150204047933032 66.18359524713252 1
v 11.354849825715927 10.15020404793303 66.18510350559323 0.70710678118654757
v 11.353341567255217 10.150204047933032 66.63321272999256 1
v 11.351833308794506 10.15020404793303 67.08132195439191 0.70710678118654757
v 10.903724084395161 10.150204047933032 67.07981369593121 1
v 10.903724084395161 4.9625436705241945 67.07981369593121 1
v 10.455614859995816 4.9625436705241945 67.07830543747048 0.70710678118654757
v 10.457123118456526 4.9625436705241945 66.63019621307114 1
v 10.458631376917234 4.9625436705241945 66.1820869886718 0.70710678118654757
v 10.906740601316582 4.9625436705241945 66.18359524713252 1
v 11.354849825715927 4.9625436705241945 66.18510350559323 0.70710678118654757
v 11.353341567255217 4.9625436705241945 66.63321272999256 1
v 11.351833308794506 4.9625436705241945 67.08132195439191 0.70710678118654757
v 10.903724084395161 4.9625436705241945 67.07981369593121 1
cstype rat bspline
deg 2 1
surf 0 4.5038422236594524 0 8.2982877820565957 2215 2216 2217 2218 2219 2220 2221 2222 2223 2224 2225 2226 2227 2228 2229 2230 2231 2232
parm u 0 0 0 1.1259605559148631 1.1259605559148631 2.2519211118297262 2.2519211118297262 3.3778816677445893 3.3778816677445893 4.5038422236594524 4.5038422236594524 4.5038422236594524
parm v 0 0 8.2982877820565957 8.2982877820565957
trim 0.49999999999999978 8.2982877820565957 573 0 4.5038422236594524 574 0 7.7982877820565948 575 0 4.5038422236594524 576
end
usemtl diffuse_170_230_123_255
# - trim loop
vp 0.71680875280139555 0
vp 0.70484189475760139 0.13043270865548445
vp 0.66648039245388924 0.26385350967383803
vp 0.59996570849700792 0.3922447408447633
vp 0.50686032991973851 0.50686032991973851
vp 0.3922447408447633 0.59996570849700792
vp 0.26385350967383808 0.66648039245388924
vp 0.13043270865548445 0.70484189475760139
vp 0 0.71680875280139555
vp -0.13043270865548437 0.70484189475760151
vp -0.26385350967383792 0.66648039245388946
vp -0.39224474084476318 0.59996570849700803
vp -0.50686032991973839 0.50686032991973851
vp -0.59996570849700792 0.39224474084476335
vp -0.66648039245388924 0.26385350967383808
vp -0.70484189475760139 0.13043270865548454
vp -0.71680875280139555 0
vp -0.70484189475760151 -0.13043270865548434
vp -0.66648039245388946 -0.26385350967383792
vp -0.59996570849700803 -0.39224474084476318
vp -0.50686032991973851 -0.50686032991973839
vp -0.39224474084476335 -0.59996570849700792
vp -0.26385350967383808 -0.66648039245388924
vp -0.13043270865548454 -0.70484189475760139
vp 0 -0.71680875280139555
vp 0.13043270865548429 -0.70484189475760139
vp 0.2638535096738378 -0.66648039245388924
vp 0.39224474084476307 -0.59996570849700792
vp 0.50686032991973828 -0.50686032991973851
vp 0.59996570849700781 -0.3922447408447633
vp 0.66648039245388913 -0.26385350967383803
vp 0.70484189475760139 -0.13043270865548445
cstype bezier
deg 1
curv2 6673 6674 6675 6676 6677 6678 6679 6680 6681 6682 6683 6684 6685 6686 6687 6688 6689 6690 6691 6692 6693 6694 6695 6696 6697 6698 6699 6700 6701 6702 6703 6704 6673
parm u 0 0.14074506948935789 0.28149013897871578 0.42223520846807366 0.56298027795743155 0.7037253474467895 0.84447041693614733 0.98521548642550516 1.1259605559148631 1.266705625404221 1.407450694893579 1.5481957643829367 1.6889408338722947 1.8296859033616526 1.9704309728510103 2.111176042340368 2.2519211118297262 2.3926661813190844 2.5334112508084421 2.6741563202977998 2.814901389787158 2.9556464592765157 3.0963915287658734 3.2371365982552316 3.3778816677445893 3.518626737233947 3.6593718067233052 3.8001168762126629 3.9408619457020206 4.0816070151913788 4.2223520846807361 4.3630971541700942 4.5038422236594524
end
v 11.46725419643094 4.9625436705241945 79.007298845882346
v 11.463483550279165 4.9625436705241945 80.127571906880689
v 10.346981135432578 4.9625436705241945 79.003528199730582
v 10.343210489280803 4.9625436705241945 80.123801260728925
cstype bspline
deg 1 1
surf -0.8960109410017445 0.8960109410017445 -0.8960109410017445 0.8960109410017445 2233 2234 2235 2236
parm u -0.8960109410017445 -0.8960109410017445 0.8960109410017445 0.8960109410017445
parm v -0.8960109410017445 -0.8960109410017445 0.8960109410017445 0.8960109410017445
trim 0 4.5038422236594524 577
end
# - trim loop
vp 0 0
vp 26.578480228423956 0
cstype bezier
deg 1
curv2 6705 6706
parm u 0 26.578480228423956
end
vp 26.578480228423956 0
vp 26.578480228423956 0.5
cstype bezier
deg 1
curv2 6707 6708
parm u 0 0.5
end
vp 26.578480228423956 0.5
vp 0 0.5
cstype bezier
deg 1
curv2 6709 6710
parm u 0 26.578480228423956
end
vp 0 0.5
vp 0 0
cstype bezier
deg 1
curv2 6711 6712
parm u 0 0.5
end
v 8.5001085100417164 9.8376299053113385 80.66483593767421 1
v 9.5993943944103073 9.8376299053113367 83.06995977048837 0.70710678118654757
v 12.004518227224459 9.8376299053113385 81.97067388611978 1
v 14.409642060038609 9.8376299053113367 80.87138800175119 0.70710678118654757
v 13.310356175670027 9.8376299053113385 78.46626416893704 1
v 12.211070291301438 9.8376299053113367 76.0611403361229 0.70710678118654757
v 9.8059464584872806 9.8376299053113385 77.16042622049149 1
v 7.4008226256731335 9.8376299053113367 78.25971210486009 0.70710678118654757
v 8.5001085100417164 9.8376299053113385 80.66483593767421 1
v 8.5001085100417164 10.150204047933032 80.66483593767421 1
v 9.5993943944103073 10.15020404793303 83.06995977048837 0.70710678118654757
v 12.004518227224459 10.150204047933032 81.97067388611978 1
v 14.409642060038609 10.15020404793303 80.87138800175119 0.70710678118654757
v 13.310356175670027 10.150204047933032 78.46626416893704 1
v 12.211070291301438 10.15020404793303 76.0611403361229 0.70710678118654757
v 9.8059464584872806 10.150204047933032 77.16042622049149 1
v 7.4008226256731335 10.15020404793303 78.25971210486009 0.70710678118654757
v 8.5001085100417164 10.150204047933032 80.66483593767421 1
cstype rat bspline
deg 2 1
surf 0 26.578480228423956 0 0.5 2237 2238 2239 2240 2241 2242 2243 2244 2245 2246 2247 2248 2249 2250 2251 2252 2253 2254
parm u 0 0 0 6.644620057105989 6.644620057105989 13.289240114211978 13.289240114211978 19.933860171317967 19.933860171317967 26.578480228423956 26.578480228423956 26.578480228423956
parm v 0 0 0.5 0.5
trim 0 26.578480228423956 578 0 0.5 579 0 26.578480228423956 580 0 0.5 581
end
# - trim loop
vp 4.2300965082238804 0
vp 4.1594766054567476 0.76972127263437229
vp 3.9330942457116014 1.5570761456133617
vp 3.5405717894050786 2.3147500670605421
vp 2.9911299260386421 2.9911299260386421
vp 2.3147500670605421 3.5405717894050786
vp 1.5570761456133617 3.9330942457116014
vp 0.76972127263437251 4.1594766054567476
vp 0 4.2300965082238804
vp -0.76972127263437207 4.1594766054567476
vp -1.5570761456133613 3.9330942457116014
vp -2.3147500670605421 3.5405717894050786
vp -2.9911299260386421 2.9911299260386421
vp -3.5405717894050786 2.3147500670605421
vp -3.9330942457116014 1.5570761456133619
vp -4.1594766054567476 0.76972127263437262
vp -4.2300965082238804 0
vp -4.1594766054567476 -0.76972127263437196
vp -3.9330942457116014 -1.5570761456133613
vp -3.5405717894050786 -2.3147500670605421
vp -2.9911299260386426 -2.9911299260386421
vp -2.3147500670605425 -3.5405717894050786
vp -1.5570761456133622 -3.9330942457116014
vp -0.76972127263437307 -4.1594766054567476
vp 0 -4.2300965082238804
vp 0.76972127263437151 -4.1594766054567476
vp 1.5570761456133606 -3.9330942457116014
vp 2.3147500670605412 -3.5405717894050786
vp 2.9911299260386413 -2.9911299260386421
vp 3.5405717894050777 -2.3147500670605421
vp 3.9330942457116005 -1.5570761456133617
vp 4.1594766054567476 -0.76972127263437229
cstype bezier
deg 1
curv2 6713 6714 6715 6716 6717 6718 6719 6720 6721 6722 6723 6724 6725 6726 6727 6728 6729 6730 6731 6732 6733 6734 6735 6736 6737 6738 6739 6740 6741 6742 6743 6744 6713
parm u 0 0.83057750713824863 1.6611550142764973 2.4917325214147459 3.3223100285529945 4.1528875356912431 4.9834650428294918 5.8140425499677404 6.644620057105989 7.4751975642442376 8.3057750713824863 9.1363525785207358 9.9669300856589835 10.797507592797231 11.628085099935481 12.45866260707373 13.289240114211978 14.119817621350226 14.950395128488475 15.780972635626725 16.611550142764973 17.44212764990322 18.272705157041472 19.103282664179719 19.933860171317967 20.764437678456215 21.595015185594463 22.425592692732714 23.256170199870962 24.086747707009209 24.917325214147461 25.747902721285708 26.578480228423956
end
# - hole loop
vp 0.30016816712680683 0.650933068399838
vp 0.41360273820559079 0.58544646471008022
vp 0.51869786890271452 0.49473963747457683
vp 0.60743633232517624 0.38057310764691582
vp 0.6725301332357928 0.24802824029238937
vp 0.70908300506197508 0.10495751533344291
vp 0.7157202660710974 -0.039487831388997571
vp 0.69468549656478029 -0.17671120212150951
vp 0.65093306839983001 -0.30016816712679883
vp 0.58544646471007444 -0.41360273820558768
vp 0.49473963747457278 -0.51869786890271596
vp 0.38057310764691299 -0.60743633232518146
vp 0.24802824029238704 -0.67253013323580091
vp 0.10495751533344032 -0.70908300506198474
vp -0.039487831389001124 -0.71572026607110739
vp -0.17671120212151459 -0.69468549656478928
vp -0.30016816712680594 -0.65093306839983711
vp -0.41360273820558935 -0.58544646471008277
vp -0.51869786890271297 -0.49473963747458227
vp -0.60743633232517502 -0.38057310764692315
vp -0.67253013323579258 -0.24802824029239745
vp -0.7090830050619763 -0.10495751533345048
vp -0.7157202660711004 0.039487831388991645
vp -0.69468549656478529 0.17671120212150618
vp -0.65093306839983711 0.30016816712679883
vp -0.58544646471008022 0.41360273820558435
vp -0.49473963747457722 0.51869786890271008
vp -0.3805731076469161 0.60743633232517402
vp -0.24802824029238885 0.6725301332357928
vp -0.10495751533344107 0.70908300506197741
vp 0.039487831389001186 0.71572026607110195
vp 0.1767112021215152 0.69468549656478673
cstype bezier
deg 1
curv2 6745 6746 6747 6748 6749 6750 6751 6752 6753 6754 6755 6756 6757 6758 6759 6760 6761 6762 6763 6764 6765 6766 6767 6768 6769 6770 6771 6772 6773 6774 6775 6776 6745
parm u 0 0.14074506948935789 0.28149013897871578 0.42223520846807366 0.56298027795743155 0.7037253474467895 0.84447041693614733 0.98521548642550516 1.1259605559148631 1.266705625404221 1.407450694893579 1.5481957643829367 1.6889408338722947 1.8296859033616526 1.9704309728510103 2.111176042340368 2.2519211118297262 2.3926661813190844 2.5334112508084421 2.6741563202977998 2.814901389787158 2.9556464592765157 3.0963915287658734 3.2371365982552316 3.3778816677445893 3.518626737233947 3.6593718067233052 3.8001168762126629 3.9408619457020206 4.0816070151913788 4.2223520846807361 4.3630971541700942 4.5038422236594524
end
v 12.537529778412829 9.8376299053113385 75.185037906827205
v 6.524720196377447 9.8376299053113385 77.933252617748678
v 15.285744489334295 9.8376299053113385 81.197847488862578
v 9.2729349072989145 9.8376299053113385 83.946062199784052
cstype bspline
deg 1 1
surf -5.2876206352798505 5.2876206352798505 -5.2876206352798505 5.2876206352798505 2255 2256 2257 2258
parm u -5.2876206352798505 -5.2876206352798505 5.2876206352798505 5.2876206352798505
parm v -5.2876206352798505 -5.2876206352798505 5.2876206352798505 5.2876206352798505
trim 0 26.578480228423956 582
hole 0 4.5038422236594524 583
end
# - trim loop
vp 4.2300965082238804 0
vp 4.1594766054567476 0.76972127263437229
vp 3.9330942457116014 1.5570761456133617
vp 3.5405717894050786 2.3147500670605421
vp 2.9911299260386421 2.9911299260386421
vp 2.3147500670605421 3.5405717894050786
vp 1.5570761456133617 3.9330942457116014
vp 0.76972127263437251 4.1594766054567476
vp 0 4.2300965082238804
vp -0.76972127263437207 4.1594766054567476
vp -1.5570761456133613 3.9330942457116014
vp -2.3147500670605421 3.5405717894050786
vp -2.9911299260386421 2.9911299260386421
vp -3.5405717894050786 2.3147500670605421
vp -3.9330942457116014 1.5570761456133619
vp -4.1594766054567476 0.76972127263437262
vp -4.2300965082238804 0
vp -4.1594766054567476 -0.76972127263437196
vp -3.9330942457116014 -1.5570761456133613
vp -3.5405717894050786 -2.3147500670605421
vp -2.9911299260386426 -2.9911299260386421
vp -2.3147500670605425 -3.5405717894050786
vp -1.5570761456133622 -3.9330942457116014
vp -0.76972127263437307 -4.1594766054567476
vp 0 -4.2300965082238804
vp 0.76972127263437151 -4.1594766054567476
vp 1.5570761456133606 -3.9330942457116014
vp 2.3147500670605412 -3.5405717894050786
vp 2.9911299260386413 -2.9911299260386421
vp 3.5405717894050777 -2.3147500670605421
vp 3.9330942457116005 -1.5570761456133617
vp 4.1594766054567476 -0.76972127263437229
cstype bezier
deg 1
curv2 6777 6778 6779 6780 6781 6782 6783 6784 6785 6786 6787 6788 6789 6790 6791 6792 6793 6794 6795 6796 6797 6798 6799 6800 6801 6802 6803 6804 6805 6806 6807 6808 6777
parm u 0 0.83057750713824863 1.6611550142764973 2.4917325214147459 3.3223100285529945 4.1528875356912431 4.9834650428294918 5.8140425499677404 6.644620057105989 7.4751975642442376 8.3057750713824863 9.1363525785207358 9.9669300856589835 10.797507592797231 11.628085099935481 12.45866260707373 13.289240114211978 14.119817621350226 14.950395128488475 15.780972635626725 16.611550142764973 17.44212764990322 18.272705157041472 19.103282664179719 19.933860171317967 20.764437678456215 21.595015185594463 22.425592692732714 23.256170199870962 24.086747707009209 24.917325214147461 25.747902721285708 26.578480228423956
end
v 12.537529778412829 10.150204047933032 75.185037906827205
v 6.524720196377447 10.150204047933032 77.933252617748678
v 15.285744489334295 10.150204047933032 81.197847488862578
v 9.2729349072989145 10.150204047933032 83.946062199784052
cstype bspline
deg 1 1
surf -5.2876206352798505 5.2876206352798505 -5.2876206352798505 5.2876206352798505 2259 2260 2261 2262
parm u -5.2876206352798505 -5.2876206352798505 5.2876206352798505 5.2876206352798505
parm v -5.2876206352798505 -5.2876206352798505 5.2876206352798505 5.2876206352798505
trim 0 26.578480228423956 584
end
# - trim loop
vp 4.5038422236594524 0.49999999999999972
vp 4.5038422236594524 8.2982877820565957
cstype bezier
deg 1
curv2 6809 6810
parm u 0.49999999999999978 8.2982877820565957
end
vp 4.5038422236594524 8.2982877820565957
vp 0 8.2982877820565957
cstype bezier
deg 1
curv2 6811 6812
parm u 0 4.5038422236594524
end
vp 0 8.2982877820565957
vp 0 0.50000000000000089
cstype bezier
deg 1
curv2 6813 6814
parm u 0 7.7982877820565948
end
vp 0 0.50000000000000089
vp 4.5038422236594524 0.49999999999999972
cstype bezier
deg 1
curv2 6815 6816
parm u 0 4.5038422236594524
end
v 10.903724084395161 10.150204047933032 80.01365927770499 1
v 10.455614859995816 10.15020404793303 80.01215101924426 0.70710678118654757
v 10.457123118456526 10.150204047933032 79.56404179484493 1
v 10.458631376917234 10.15020404793303 79.11593257044558 0.70710678118654757
v 10.906740601316582 10.150204047933032 79.1174408289063 1
v 11.354849825715927 10.15020404793303 79.118949087367 0.70710678118654757
v 11.353341567255217 10.150204047933032 79.56705831176635 1
v 11.351833308794506 10.15020404793303 80.01516753616569 0.70710678118654757
v 10.903724084395161 10.150204047933032 80.01365927770499 1
v 10.903724084395161 4.9625436705241945 80.01365927770499 1
v 10.455614859995816 4.9625436705241945 80.01215101924426 0.70710678118654757
v 10.457123118456526 4.9625436705241945 79.56404179484493 1
v 10.458631376917234 4.9625436705241945 79.11593257044558 0.70710678118654757
v 10.906740601316582 4.9625436705241945 79.1174408289063 1
v 11.354849825715927 4.9625436705241945 79.118949087367 0.70710678118654757
v 11.353341567255217 4.9625436705241945 79.56705831176635 1
v 11.351833308794506 4.9625436705241945 80.01516753616569 0.70710678118654757
v 10.903724084395161 4.9625436705241945 80.01365927770499 1
cstype rat bspline
deg 2 1
surf 0 4.5038422236594524 0 8.2982877820565957 2263 2264 2265 2266 2267 2268 2269 2270 2271 2272 2273 2274 2275 2276 2277 2278 2279 2280
parm u 0 0 0 1.1259605559148631 1.1259605559148631 2.2519211118297262 2.2519211118297262 3.3778816677445893 3.3778816677445893 4.5038422236594524 4.5038422236594524 4.5038422236594524
parm v 0 0 8.2982877820565957 8.2982877820565957
trim 0.49999999999999978 8.2982877820565957 585 0 4.5038422236594524 586 0 7.7982877820565948 587 0 4.5038422236594524 588
end
usemtl diffuse_170_230_123_255
# - trim loop
vp 0.71680875280139555 0
vp 0.70484189475760139 0.13043270865548445
vp 0.66648039245388924 0.26385350967383803
vp 0.59996570849700792 0.3922447408447633
vp 0.50686032991973851 0.50686032991973851
vp 0.3922447408447633 0.59996570849700792
vp 0.26385350967383808 0.66648039245388924
vp 0.13043270865548445 0.70484189475760139
vp 0 0.71680875280139555
vp -0.13043270865548437 0.70484189475760151
vp -0.26385350967383792 0.66648039245388946
vp -0.39224474084476318 0.59996570849700803
vp -0.50686032991973839 0.50686032991973851
vp -0.59996570849700792 0.39224474084476335
vp -0.66648039245388924 0.26385350967383808
vp -0.70484189475760139 0.13043270865548454
vp -0.71680875280139555 0
vp -0.70484189475760151 -0.13043270865548434
vp -0.66648039245388946 -0.26385350967383792
vp -0.59996570849700803 -0.39224474084476318
vp -0.50686032991973851 -0.50686032991973839
vp -0.39224474084476335 -0.59996570849700792
vp -0.26385350967383808 -0.66648039245388924
vp -0.13043270865548454 -0.70484189475760139
vp 0 -0.71680875280139555
vp 0.13043270865548429 -0.70484189475760139
vp 0.2638535096738378 -0.66648039245388924
vp 0.39224474084476307 -0.59996570849700792
vp 0.50686032991973828 -0.50686032991973851
vp 0.59996570849700781 -0.3922447408447633
vp 0.66648039245388913 -0.26385350967383803
vp 0.70484189475760139 -0.13043270865548445
cstype bezier
deg 1
curv2 6817 6818 6819 6820 6821 6822 6823 6824 6825 6826 6827 6828 6829 6830 6831 6832 6833 6834 6835 6836 6837 6838 6839 6840 6841 6842 6843 6844 6845 6846 6847 6848 6817
parm u 0 0.14074506948935789 0.28149013897871578 0.42223520846807366 0.56298027795743155 0.7037253474467895 0.84447041693614733 0.98521548642550516 1.1259605559148631 1.266705625404221 1.407450694893579 1.5481957643829367 1.6889408338722947 1.8296859033616526 1.9704309728510103 2.111176042340368 2.2519211118297262 2.3926661813190844 2.5334112508084421 2.6741563202977998 2.814901389787158 2.9556464592765157 3.0963915287658734 3.2371365982552316 3.3778816677445893 3.518626737233947 3.6593718067233052 3.8001168762126629 3.9408619457020206 4.0816070151913788 4.2223520846807361 4.3630971541700942 4.5038422236594524
end
v 20.880408476718813 2.9630282819245193 127.11183110998577
v 20.876637830567041 2.9630282819245193 128.23210417098414
v 19.760135415720448 2.9630282819245193 127.10806046383401
v 19.756364769568677 2.9630282819245193 128.22833352483235
cstype bspline
deg 1 1
surf -0.8960109410017445 0.8960109410017445 -0.8960109410017445 0.8960109410017445 2281 2282 2283 2284
parm u -0.8960109410017445 -0.8960109410017445 0.8960109410017445 0.8960109410017445
parm v -0.8960109410017445 -0.8960109410017445 0.8960109410017445 0.8960109410017445
trim 0 4.5038422236594524 589
end
# - trim loop
vp 0 0
vp 26.578480228423956 0
cstype bezier
deg 1
curv2 6849 6850
parm u 0 26.578480228423956
end
vp 26.578480228423956 0
vp 26.578480228423956 0.5
cstype bezier
deg 1
curv2 6851 6852
parm u 0 0.5
end
vp 26.578480228423956 0.5
vp 0 0.5
cstype bezier
deg 1
curv2 6853 6854
parm u 0 26.578480228423956
end
vp 0 0.5
vp 0 0
cstype bezier
deg 1
curv2 6855 6856
parm u 0 0.5
end
v 17.91326279032959 7.8381145167116628 128.76936820177764 1
v 19.012548674698181 7.8381145167116619 131.1744920345918 0.70710678118654757
v 21.417672507512332 7.8381145167116628 130.0752061502232 1
v 23.822796340326484 7.8381145167116619 128.9759202658546 0.70710678118654757
v 22.7235104559579 7.8381145167116628 126.57079643304047 1
v 21.624224571589309 7.8381145167116619 124.16567260022633 0.70710678118654757
v 19.219100738775154 7.8381145167116628 125.26495848459491 1
v 16.813976905961006 7.8381145167116619 126.3642443689635 0.70710678118654757
v 17.91326279032959 7.8381145167116628 128.76936820177764 1
v 17.91326279032959 8.1506886593333565 128.76936820177764 1
v 19.012548674698181 8.1506886593333547 131.1744920345918 0.70710678118654757
v 21.417672507512332 8.1506886593333565 130.0752061502232 1
v 23.822796340326484 8.1506886593333547 128.9759202658546 0.70710678118654757
v 22.7235104559579 8.1506886593333565 126.57079643304047 1
v 21.624224571589309 8.1506886593333547 124.16567260022633 0.70710678118654757
v 19.219100738775154 8.1506886593333565 125.26495848459491 1
v 16.813976905961006 8.1506886593333547 126.3642443689635 0.70710678118654757
v 17.91326279032959 8.1506886593333565 128.76936820177764 1
cstype rat bspline
deg 2 1
surf 0 26.578480228423956 0 0.5 2285 2286 2287 2288 2289 2290 2291 2292 2293 2294 2295 2296 2297 2298 2299 2300 2301 2302
parm u 0 0 0 6.644620057105989 6.644620057105989 13.289240114211978 13.289240114211978 19.933860171317967 19.933860171317967 26.578480228423956 26.578480228423956 26.578480228423956
parm v 0 0 0.5 0.5
trim 0 26.578480228423956 590 0 0.5 591 0 26.578480228423956 592 0 0.5 593
end
# - trim loop
vp 4.2300965082238804 0
vp 4.1594766054567476 0.76972127263437229
vp 3.9330942457116014 1.5570761456133617
vp 3.5405717894050786 2.3147500670605421
vp 2.9911299260386421 2.9911299260386421
vp 2.3147500670605421 3.5405717894050786
vp 1.5570761456133617 3.9330942457116014
vp 0.76972127263437251 4.1594766054567476
vp 0 4.2300965082238804
vp -0.76972127263437207 4.1594766054567476
vp -1.5570761456133613 3.9330942457116014
vp -2.3147500670605421 3.5405717894050786
vp -2.9911299260386421 2.9911299260386421
vp -3.5405717894050786 2.3147500670605421
vp -3.9330942457116014 1.5570761456133619
vp -4.1594766054567476 0.76972127263437262
vp -4.2300965082238804 0
vp -4.1594766054567476 -0.76972127263437196
vp -3.9330942457116014 -1.5570761456133613
vp -3.5405717894050786 -2.3147500670605421
vp -2.9911299260386426 -2.9911299260386421
vp -2.3147500670605425 -3.5405717894050786
vp -1.5570761456133622 -3.9330942457116014
vp -0.76972127263437307 -4.1594766054567476
vp 0 -4.2300965082238804
vp 0.76972127263437151 -4.1594766054567476
vp 1.5570761456133606 -3.9330942457116014
vp 2.3147500670605412 -3.5405717894050786
vp 2.9911299260386413 -2.9911299260386421
vp 3.5405717894050777 -2.3147500670605421
vp 3.9330942457116005 -1.5570761456133617
vp 4.1594766054567476 -0.76972127263437229
cstype bezier
deg 1
curv2 6857 6858 6859 6860 6861 6862 6863 6864 6865 6866 6867 6868 6869 6870 6871 6872 6873 6874 6875 6876 6877 6878 6879 6880 6881 6882 6883 6884 6885 6886 6887 6888 6857
parm u 0 0.83057750713824863 1.6611550142764973 2.4917325214147459 3.3223100285529945 4.1528875356912431 4.9834650428294918 5.8140425499677404 6.644620057105989 7.4751975642442376 8.3057750713824863 9.1363525785207358 9.9669300856589835 10.797507592797231 11.628085099935481 12.45866260707373 13.289240114211978 14.119817621350226 14.950395128488475 15.780972635626725 16.611550142764973 17.44212764990322 18.272705157041472 19.103282664179719 19.933860171317967 20.764437678456215 21.595015185594463 22.425592692732714 23.256170199870962 24.086747707009209 24.917325214147461 25.747902721285708 26.578480228423956
end
# - hole loop
vp 0.30016816712680683 0.650933068399838
vp 0.41360273820559079 0.58544646471008022
vp 0.51869786890271452 0.49473963747457683
vp 0.60743633232517624 0.38057310764691582
vp 0.6725301332357928 0.24802824029238937
vp 0.70908300506197508 0.10495751533344291
vp 0.7157202660710974 -0.039487831388997571
vp 0.69468549656478029 -0.17671120212150951
vp 0.65093306839983001 -0.30016816712679883
vp 0.58544646471007444 -0.41360273820558768
vp 0.49473963747457278 -0.51869786890271596
vp 0.38057310764691299 -0.60743633232518146
vp 0.24802824029238704 -0.67253013323580091
vp 0.10495751533344032 -0.70908300506198474
vp -0.039487831389001124 -0.71572026607110739
vp -0.17671120212151459 -0.69468549656478928
vp -0.30016816712680594 -0.65093306839983711
vp -0.41360273820558935 -0.58544646471008277
vp -0.51869786890271297 -0.49473963747458227
vp -0.60743633232517502 -0.38057310764692315
vp -0.67253013323579258 -0.24802824029239745
vp -0.7090830050619763 -0.10495751533345048
vp -0.7157202660711004 0.039487831388991645
vp -0.69468549656478529 0.17671120212150618
vp -0.65093306839983711 0.30016816712679883
vp -0.58544646471008022 0.41360273820558435
vp -0.49473963747457722 0.51869786890271008
vp -0.3805731076469161 0.60743633232517402
vp -0.24802824029238885 0.6725301332357928
vp -0.10495751533344107 0.70908300506197741
vp 0.039487831389001186 0.71572026607110195
vp 0.1767112021215152 0.69468549656478673
cstype bezier
deg 1
curv2 6889 6890 6891 6892 6893 6894 6895 6896 6897 6898 6899 6900 6901 6902 6903 6904 6905 6906 6907 6908 6909 6910 6911 6912 6913 6914 6915 6916 6917 6918 6919 6920 6889
parm u 0 0.14074506948935789 0.28149013897871578 0.42223520846807366 0.56298027795743155 0.7037253474467895 0.84447041693614733 0.98521548642550516 1.1259605559148631 1.266705625404221 1.407450694893579 1.5481957643829367 1.6889408338722947 1.8296859033616526 1.9704309728510103 2.111176042340368 2.2519211118297262 2.3926661813190844 2.5334112508084421 2.6741563202977998 2.814901389787158 2.9556464592765157 3.0963915287658734 3.2371365982552316 3.3778816677445893 3.518626737233947 3.6593718067233052 3.8001168762126629 3.9408619457020206 4.0816070151913788 4.2223520846807361 4.3630971541700942 4.5038422236594524
end
v 21.950684058700702 7.8381145167116628 123.28957017093063
v 15.93787447666532 7.8381145167116628 126.0377848818521
v 24.698898769622172 7.8381145167116628 129.302379752966
v 18.686089187586788 7.8381145167116628 132.05059446388748
cstype bspline
deg 1 1
surf -5.2876206352798505 5.2876206352798505 -5.2876206352798505 5.2876206352798505 2303 2304 2305 2306
parm u -5.2876206352798505 -5.2876206352798505 5.2876206352798505 5.2876206352798505
parm v -5.2876206352798505 -5.2876206352798505 5.2876206352798505 5.2876206352798505
trim 0 26.578480228423956 594
hole 0 4.5038422236594524 595
end
# - trim loop
vp 4.2300965082238804 0
vp 4.1594766054567476 0.76972127263437229
vp 3.9330942457116014 1.5570761456133617
vp 3.5405717894050786 2.3147500670605421
vp 2.9911299260386421 2.9911299260386421
vp 2.3147500670605421 3.5405717894050786
vp 1.5570761456133617 3.9330942457116014
vp 0.76972127263437251 4.1594766054567476
vp 0 4.2300965082238804
vp -0.76972127263437207 4.1594766054567476
vp -1.5570761456133613 3.9330942457116014
vp -2.3147500670605421 3.5405717894050786
vp -2.9911299260386421 2.9911299260386421
vp -3.5405717894050786 2.3147500670605421
vp -3.9330942457116014 1.5570761456133619
vp -4.1594766054567476 0.76972127263437262
vp -4.2300965082238804 0
vp -4.1594766054567476 -0.76972127263437196
vp -3.9330942457116014 -1.5570761456133613
vp -3.5405717894050786 -2.3147500670605421
vp -2.9911299260386426 -2.9911299260386421
vp -2.3147500670605425 -3.5405717894050786
vp -1.5570761456133622 -3.9330942457116014
vp -0.76972127263437307 -4.1594766054567476
vp 0 -4.2300965082238804
vp 0.76972127263437151 -4.1594766054567476
vp 1.5570761456133606 -3.9330942457116014
vp 2.3147500670605412 -3.5405717894050786
vp 2.9911299260386413 -2.9911299260386421
vp 3.5405717894050777 -2.3147500670605421
vp 3.9330942457116005 -1.5570761456133617
vp 4.1594766054567476 -0.76972127263437229
cstype bezier
deg 1
curv2 6921 6922 6923 6924 6925 6926 6927 6928 6929 6930 6931 6932 6933 6934 6935 6936 6937 6938 6939 6940 6941 6942 6943 6944 6945 6946 6947 6948 6949 6950 6951 6952 6921
parm u 0 0.83057750713824863 1.6611550142764973 2.4917325214147459 3.3223100285529945 4.1528875356912431 4.9834650428294918 5.8140425499677404 6.644620057105989 7.4751975642442376 8.3057750713824863 9.1363525785207358 9.9669300856589835 10.797507592797231 11.628085099935481 12.45866260707373 13.289240114211978 14.119817621350226 14.950395128488475 15.780972635626725 16.611550142764973 17.44212764990322 18.272705157041472 19.103282664179719 19.933860171317967 20.764437678456215 21.595015185594463 22.425592692732714 23.256170199870962 24.086747707009209 24.917325214147461 25.747902721285708 26.578480228423956
end
v 21.950684058700702 8.1506886593333565 123.28957017093063
v 15.93787447666532 8.1506886593333565 126.0377848818521
v 24.698898769622172 8.1506886593333565 129.302379752966
v 18.686089187586788 8.1506886593333565 132.05059446388748
cstype bspline
deg 1 1
surf -5.2876206352798505 5.2876206352798505 -5.2876206352798505 5.2876206352798505 2307 2308 2309 2310
parm u -5.2876206352798505 -5.2876206352798505 5.2876206352798505 5.2876206352798505
parm v -5.2876206352798505 -5.2876206352798505 5.2876206352798505 5.2876206352798505
trim 0 26.578480228423956 596
end
# - trim loop
vp 4.5038422236594524 0.49999999999999972
vp 4.5038422236594524 8.2982877820565957
cstype bezier
deg 1
curv2 6953 6954
parm u 0.49999999999999978 8.2982877820565957
end
vp 4.5038422236594524 8.2982877820565957
vp 0 8.2982877820565957
cstype bezier
deg 1
curv2 6955 6956
parm u 0 4.5038422236594524
end
vp 0 8.2982877820565957
vp 0 0.50000000000000089
cstype bezier
deg 1
curv2 6957 6958
parm u 0 7.7982877820565948
end
vp 0 0.50000000000000089
vp 4.5038422236594524 0.49999999999999972
cstype bezier
deg 1
curv2 6959 6960
parm u 0 4.5038422236594524
end
v 20.316878364683035 8.1506886593333565 128.11819154180841 1
v 19.868769140283689 8.1506886593333547 128.1166832833477 0.70710678118654757
v 19.870277398744399 8.1506886593333565 127.66857405894835 1
v 19.871785657205105 8.1506886593333547 127.220464834549 0.70710678118654757
v 20.319894881604455 8.1506886593333565 127.22197309300972 1
v 20.768004106003797 8.1506886593333547 127.22348135147044 0.70710678118654757
v 20.766495847543091 8.1506886593333565 127.67159057586977 1
v 20.764987589082381 8.1506886593333547 128.1196998002691 0.70710678118654757
v 20.316878364683035 8.1506886593333565 128.11819154180841 1
v 20.316878364683035 2.9630282819245193 128.11819154180841 1
v 19.868769140283689 2.9630282819245193 128.1166832833477 0.70710678118654757
v 19.870277398744399 2.9630282819245193 127.66857405894835 1
v 19.871785657205105 2.9630282819245193 127.220464834549 0.70710678118654757
v 20.319894881604455 2.9630282819245193 127.22197309300972 1
v 20.768004106003797 2.9630282819245193 127.22348135147044 0.70710678118654757
v 20.766495847543091 2.9630282819245193 127.67159057586977 1
v 20.764987589082381 2.9630282819245193 128.1196998002691 0.70710678118654757
v 20.316878364683035 2.9630282819245193 128.11819154180841 1
cstype rat bspline
deg 2 1
surf 0 4.5038422236594524 0 8.2982877820565957 2311 2312 2313 2314 2315 2316 2317 2318 2319 2320 2321 2322 2323 2324 2325 2326 2327 2328
parm u 0 0 0 1.1259605559148631 1.1259605559148631 2.2519211118297262 2.2519211118297262 3.3778816677445893 3.3778816677445893 4.5038422236594524 4.5038422236594524 4.5038422236594524
parm v 0 0 8.2982877820565957 8.2982877820565957
trim 0.49999999999999978 8.2982877820565957 597 0 4.5038422236594524 598 0 7.7982877820565948 599 0 4.5038422236594524 600
end
usemtl diffuse_170_230_123_255
# - trim loop
vp 0.71680875280139555 0
vp 0.70484189475760139 0.13043270865548445
vp 0.66648039245388924 0.26385350967383803
vp 0.59996570849700792 0.3922447408447633
vp 0.50686032991973851 0.50686032991973851
vp 0.3922447408447633 0.59996570849700792
vp 0.26385350967383808 0.66648039245388924
vp 0.13043270865548445 0.70484189475760139
vp 0 0.71680875280139555
vp -0.13043270865548437 0.70484189475760151
vp -0.26385350967383792 0.66648039245388946
vp -0.39224474084476318 0.59996570849700803
vp -0.50686032991973839 0.50686032991973851
vp -0.59996570849700792 0.39224474084476335
vp -0.66648039245388924 0.26385350967383808
vp -0.70484189475760139 0.13043270865548454
vp -0.71680875280139555 0
vp -0.70484189475760151 -0.13043270865548434
vp -0.66648039245388946 -0.26385350967383792
vp -0.59996570849700803 -0.39224474084476318
vp -0.50686032991973851 -0.50686032991973839
vp -0.39224474084476335 -0.59996570849700792
vp -0.26385350967383808 -0.66648039245388924
vp -0.13043270865548454 -0.70484189475760139
vp 0 -0.71680875280139555
vp 0.13043270865548429 -0.70484189475760139
vp 0.2638535096738378 -0.66648039245388924
vp 0.39224474084476307 -0.59996570849700792
vp 0.50686032991973828 -0.50686032991973851
vp 0.59996570849700781 -0.3922447408447633
vp 0.66648039245388913 -0.26385350967383803
vp 0.70484189475760139 -0.13043270865548445
cstype bezier
deg 1
curv2 6961 6962 6963 6964 6965 6966 6967 6968 6969 6970 6971 6972 6973 6974 6975 6976 6977 6978 6979 6980 6981 6982 6983 6984 6985 6986 6987 6988 6989 6990 6991 6992 6961
parm u 0 0.14074506948935789 0.28149013897871578 0.42223520846807366 0.56298027795743155 0.7037253474467895 0.84447041693614733 0.98521548642550516 1.1259605559148631 1.266705625404221 1.407450694893579 1.5481957643829367 1.6889408338722947 1.8296859033616526 1.9704309728510103 2.111176042340368 2.2519211118297262 2.3926661813190844 2.5334112508084421 2.6741563202977998 2.814901389787158 2.9556464592765157 3.0963915287658734 3.2371365982552316 3.3778816677445893 3.518626737233947 3.6593718067233052 3.8001168762126629 3.9408619457020206 4.0816070151913788 4.2223520846807361 4.3630971541700942 4.5038422236594524
end
v 16.412191058955315 4.9625436705241945 102.98457572158767
v 16.40842041280354 4.9625436705241945 104.10484878258602
v 15.291917997956954 4.9625436705241945 102.98080507543591
v 15.288147351805179 4.9625436705241945 104.10107813643425
cstype bspline
deg 1 1
surf -0.8960109410017445 0.8960109410017445 -0.8960109410017445 0.8960109410017445 2329 2330 2331 2332
parm u -0.8960109410017445 -0.8960109410017445 0.8960109410017445 0.8960109410017445
parm v -0.8960109410017445 -0.8960109410017445 0.8960109410017445 0.8960109410017445
trim 0 4.5038422236594524 601
end
# - trim loop
vp 0 0
vp 26.578480228423956 0
cstype bezier
deg 1
curv2 6993 6994
parm u 0 26.578480228423956
end
vp 26.578480228423956 0
vp 26.578480228423956 0.5
cstype bezier
deg 1
curv2 6995 6996
parm u 0 0.5
end
vp 26.578480228423956 0.5
vp 0 0.5
cstype bezier
deg 1
curv2 6997 6998
parm u 0 26.578480228423956
end
vp 0 0.5
vp 0 0
cstype bezier
deg 1
curv2 6999 7000
parm u 0 0.5
end
v 13.445045372566092 9.8376299053113385 104.64211281337954 1
v 14.544331256934683 9.8376299053113367 107.0472366461937 0.70710678118654757
v 16.949455089748835 9.8376299053113385 105.94795076182511 1
v 19.354578922562986 9.8376299053113367 104.84866487745651 0.70710678118654757
v 18.255293038194402 9.8376299053113385 102.44354104464237 1
v 17.156007153825811 9.8376299053113367 100.03841721182823 0.70710678118654757
v 14.750883321011656 9.8376299053113385 101.13770309619682 1
v 12.34575948819751 9.8376299053113367 102.23698898056541 0.70710678118654757
v 13.445045372566092 9.8376299053113385 104.64211281337954 1
v 13.445045372566092 10.150204047933032 104.64211281337954 1
v 14.544331256934683 10.15020404793303 107.0472366461937 0.70710678118654757
v 16.949455089748835 10.150204047933032 105.94795076182511 1
v 19.354578922562986 10.15020404793303 104.84866487745651 0.70710678118654757
v 18.255293038194402 10.150204047933032 102.44354104464237 1
v 17.156007153825811 10.15020404793303 100.03841721182823 0.70710678118654757
v 14.750883321011656 10.150204047933032 101.13770309619682 1
v 12.34575948819751 10.15020404793303 102.23698898056541 0.70710678118654757
v 13.445045372566092 10.150204047933032 104.64211281337954 1
cstype rat bspline
deg 2 1
surf 0 26.578480228423956 0 0.5 2333 2334 2335 2336 2337 2338 2339 2340 2341 2342 2343 2344 2345 2346 2347 2348 2349 2350
parm u 0 0 0 6.644620057105989 6.644620057105989 13.289240114211978 13.289240114211978 19.933860171317967 19.933860171317967 26.578480228423956 26.578480228423956 26.578480228423956
parm v 0 0 0.5 0.5
trim 0 26.578480228423956 602 0 0.5 603 0 26.578480228423956 604 0 0.5 605
end
# - trim loop
vp 4.2300965082238804 0
vp 4.1594766054567476 0.76972127263437229
vp 3.9330942457116014 1.5570761456133617
vp 3.5405717894050786 2.3147500670605421
vp 2.9911299260386421 2.9911299260386421
vp 2.3147500670605421 3.5405717894050786
vp 1.5570761456133617 3.9330942457116014
vp 0.76972127263437251 4.1594766054567476
vp 0 4.2300965082238804
vp -0.76972127263437207 4.1594766054567476
vp -1.5570761456133613 3.9330942457116014
vp -2.3147500670605421 3.5405717894050786
vp -2.9911299260386421 2.9911299260386421
vp -3.5405717894050786 2.3147500670605421
vp -3.9330942457116014 1.5570761456133619
vp -4.1594766054567476 0.76972127263437262
vp -4.2300965082238804 0
vp -4.1594766054567476 -0.76972127263437196
vp -3.9330942457116014 -1.5570761456133613
vp -3.5405717894050786 -2.3147500670605421
vp -2.9911299260386426 -2.9911299260386421
vp -2.3147500670605425 -3.5405717894050786
vp -1.5570761456133622 -3.9330942457116014
vp -0.76972127263437307 -4.1594766054567476
vp 0 -4.2300965082238804
vp 0.76972127263437151 -4.1594766054567476
vp 1.5570761456133606 -3.9330942457116014
vp 2.3147500670605412 -3.5405717894050786
vp 2.9911299260386413 -2.9911299260386421
vp 3.5405717894050777 -2.3147500670605421
vp 3.9330942457116005 -1.5570761456133617
vp 4.1594766054567476 -0.76972127263437229
cstype bezier
deg 1
curv2 7001 7002 7003 7004 7005 7006 7007 7008 7009 7010 7011 7012 7013 7014 7015 7016 7017 7018 7019 7020 7021 7022 7023 7024 7025 7026 7027 7028 7029 7030 7031 7032 7001
parm u 0 0.83057750713824863 1.6611550142764973 2.4917325214147459 3.3223100285529945 4.1528875356912431 4.9834650428294918 5.8140425499677404 6.644620057105989 7.4751975642442376 8.3057750713824863 9.1363525785207358 9.9669300856589835 10.797507592797231 11.628085099935481 12.45866260707373 13.289240114211978 14.119817621350226 14.950395128488475 15.780972635626725 16.611550142764973 17.44212764990322 18.272705157041472 19.103282664179719 19.933860171317967 20.764437678456215 21.595015185594463 22.425592692732714 23.256170199870962 24.086747707009209 24.917325214147461 25.747902721285708 26.578480228423956
end
# - hole loop
vp 0.30016816712680683 0.650933068399838
vp 0.41360273820559079 0.58544646471008022
vp 0.51869786890271452 0.49473963747457683
vp 0.60743633232517624 0.38057310764691582
vp 0.6725301332357928 0.24802824029238937
vp 0.70908300506197508 0.10495751533344291
vp 0.7157202660710974 -0.039487831388997571
vp 0.69468549656478029 -0.17671120212150951
vp 0.65093306839983001 -0.30016816712679883
vp 0.58544646471007444 -0.41360273820558768
vp 0.49473963747457278 -0.51869786890271596
vp 0.38057310764691299 -0.60743633232518146
vp 0.24802824029238704 -0.67253013323580091
vp 0.10495751533344032 -0.70908300506198474
vp -0.039487831389001124 -0.71572026607110739
vp -0.17671120212151459 -0.69468549656478928
vp -0.30016816712680594 -0.65093306839983711
vp -0.41360273820558935 -0.58544646471008277
vp -0.51869786890271297 -0.49473963747458227
vp -0.60743633232517502 -0.38057310764692315
vp -0.67253013323579258 -0.24802824029239745
vp -0.7090830050619763 -0.10495751533345048
vp -0.7157202660711004 0.039487831388991645
vp -0.69468549656478529 0.17671120212150618
vp -0.65093306839983711 0.30016816712679883
vp -0.58544646471008022 0.41360273820558435
vp -0.49473963747457722 0.51869786890271008
vp -0.3805731076469161 0.60743633232517402
vp -0.24802824029238885 0.6725301332357928
vp -0.10495751533344107 0.70908300506197741
vp 0.039487831389001186 0.71572026607110195
vp 0.1767112021215152 0.69468549656478673
cstype bezier
deg 1
curv2 7033 7034 7035 7036 7037 7038 7039 7040 7041 7042 7043 7044 7045 7046 7047 7048 7049 7050 7051 7052 7053 7054 7055 7056 7057 7058 7059 7060 7061 7062 7063 7064 7033
parm u 0 0.14074506948935789 0.28149013897871578 0.42223520846807366 0.56298027795743155 0.7037253474467895 0.84447041693614733 0.98521548642550516 1.1259605559148631 1.266705625404221 1.407450694893579 1.5481957643829367 1.6889408338722947 1.8296859033616526 1.9704309728510103 2.111176042340368 2.2519211118297262 2.3926661813190844 2.5334112508084421 2.6741563202977998 2.814901389787158 2.9556464592765157 3.0963915287658734 3.2371365982552316 3.3778816677445893 3.518626737233947 3.6593718067233052 3.8001168762126629 3.9408619457020206 4.0816070151913788 4.2223520846807361 4.3630971541700942 4.5038422236594524
end
v 17.482466640937204 9.8376299053113385 99.162314782532533
v 11.469657058901824 9.8376299053113385 101.91052949345401
v 20.230681351858674 9.8376299053113385 105.17512436456791
v 14.21787176982329 9.8376299053113385 107.92333907548938
cstype bspline
deg 1 1
surf -5.2876206352798505 5.2876206352798505 -5.2876206352798505 5.2876206352798505 2351 2352 2353 2354
parm u -5.2876206352798505 -5.2876206352798505 5.2876206352798505 5.2876206352798505
parm v -5.2876206352798505 -5.2876206352798505 5.2876206352798505 5.2876206352798505
trim 0 26.578480228423956 606
hole 0 4.5038422236594524 607
end
# - trim loop
vp 4.2300965082238804 0
vp 4.1594766054567476 0.76972127263437229
vp 3.9330942457116014 1.5570761456133617
vp 3.5405717894050786 2.3147500670605421
vp 2.9911299260386421 2.9911299260386421
vp 2.3147500670605421 3.5405717894050786
vp 1.5570761456133617 3.9330942457116014
vp 0.76972127263437251 4.1594766054567476
vp 0 4.2300965082238804
vp -0.76972127263437207 4.1594766054567476
vp -1.5570761456133613 3.9330942457116014
vp -2.3147500670605421 3.5405717894050786
vp -2.9911299260386421 2.9911299260386421
vp -3.5405717894050786 2.3147500670605421
vp -3.9330942457116014 1.5570761456133619
vp -4.1594766054567476 0.76972127263437262
vp -4.2300965082238804 0
vp -4.1594766054567476 -0.76972127263437196
vp -3.9330942457116014 -1.5570761456133613
vp -3.5405717894050786 -2.3147500670605421
vp -2.9911299260386426 -2.9911299260386421
vp -2.3147500670605425 -3.5405717894050786
vp -1.5570761456133622 -3.9330942457116014
vp -0.76972127263437307 -4.1594766054567476
vp 0 -4.2300965082238804
vp 0.76972127263437151 -4.1594766054567476
vp 1.5570761456133606 -3.9330942457116014
vp 2.3147500670605412 -3.5405717894050786
vp 2.9911299260386413 -2.9911299260386421
vp 3.5405717894050777 -2.3147500670605421
vp 3.9330942457116005 -1.5570761456133617
vp 4.1594766054567476 -0.76972127263437229
cstype bezier
deg 1
curv2 7065 7066 7067 7068 7069 7070 7071 7072 7073 7074 7075 7076 7077 7078 7079 7080 7081 7082 7083 7084 7085 7086 7087 7088 7089 7090 7091 7092 7093 7094 7095 7096 7065
parm u 0 0.83057750713824863 1.6611550142764973 2.4917325214147459 3.3223100285529945 4.1528875356912431 4.9834650428294918 5.8140425499677404 6.644620057105989 7.4751975642442376 8.3057750713824863 9.1363525785207358 9.9669300856589835 10.797507592797231 11.628085099935481 12.45866260707373 13.289240114211978 14.119817621350226 14.950395128488475 15.780972635626725 16.611550142764973 17.44212764990322 18.272705157041472 19.103282664179719 19.933860171317967 20.764437678456215 21.595015185594463 22.425592692732714 23.256170199870962 24.086747707009209 24.917325214147461 25.747902721285708 26.578480228423956
end
v 17.482466640937204 10.150204047933032 99.162314782532533
v 11.469657058901824 10.150204047933032 101.91052949345401
v 20.230681351858674 10.150204047933032 105.17512436456791
v 14.21787176982329 10.150204047933032 107.92333907548938
cstype bspline
deg 1 1
surf -5.2876206352798505 5.2876206352798505 -5.2876206352798505 5.2876206352798505 2355 2356 2357 2358
parm u -5.2876206352798505 -5.2876206352798505 5.2876206352798505 5.2876206352798505
parm v -5.2876206352798505 -5.2876206352798505 5.2876206352798505 5.2876206352798505
trim 0 26.578480228423956 608
end
# - trim loop
vp 4.5038422236594524 0.49999999999999972
vp 4.5038422236594524 8.2982877820565957
cstype bezier
deg 1
curv2 7097 7098
parm u 0.49999999999999978 8.2982877820565957
end
vp 4.5038422236594524 8.2982877820565957
vp 0 8.2982877820565957
cstype bezier
deg 1
curv2 7099 7100
parm u 0 4.5038422236594524
end
vp 0 8.2982877820565957
vp 0 0.50000000000000089
cstype bezier
deg 1
curv2 7101 7102
parm u 0 7.7982877820565948
end
vp 0 0.50000000000000089
vp 4.5038422236594524 0.49999999999999972
cstype bezier
deg 1
curv2 7103 7104
parm u 0 4.5038422236594524
end
v 15.848660946919537 10.150204047933032 103.99093615341032 1
v 15.400551722520191 10.15020404793303 103.98942789494959 0.70710678118654757
v 15.402059980980901 10.150204047933032 103.54131867055025 1
v 15.40356823944161 10.15020404793303 103.09320944615091 0.70710678118654757
v 15.851677463840957 10.150204047933032 103.09471770461163 1
v 16.299786688240303 10.15020404793303 103.09622596307234 0.70710678118654757
v 16.298278429779593 10.150204047933032 103.54433518747167 1
v 16.296770171318883 10.15020404793303 103.99244441187102 0.70710678118654757
v 15.848660946919537 10.150204047933032 103.99093615341032 1
v 15.848660946919537 4.9625436705241945 103.99093615341032 1
v 15.400551722520191 4.9625436705241945 103.98942789494959 0.70710678118654757
v 15.402059980980901 4.9625436705241945 103.54131867055025 1
v 15.40356823944161 4.9625436705241945 103.09320944615091 0.70710678118654757
v 15.851677463840957 4.9625436705241945 103.09471770461163 1
v 16.299786688240303 4.9625436705241945 103.09622596307234 0.70710678118654757
v 16.298278429779593 4.9625436705241945 103.54433518747167 1
v 16.296770171318883 4.9625436705241945 103.99244441187102 0.70710678118654757
v 15.848660946919537 4.9625436705241945 103.99093615341032 1
cstype rat bspline
deg 2 1
surf 0 4.5038422236594524 0 8.2982877820565957 2359 2360 2361 2362 2363 2364 2365 2366 2367 2368 2369 2370 2371 2372 2373 2374 2375 2376
parm u 0 0 0 1.1259605559148631 1.1259605559148631 2.2519211118297262 2.2519211118297262 3.3778816677445893 3.3778816677445893 4.5038422236594524 4.5038422236594524 4.5038422236594524
parm v 0 0 8.2982877820565957 8.2982877820565957
trim 0.49999999999999978 8.2982877820565957 609 0 4.5038422236594524 610 0 7.7982877820565948 611 0 4.5038422236594524 612
end
usemtl diffuse_170_230_123_255
# - trim loop
vp 0.71680875280139555 0
vp 0.70484189475760139 0.13043270865548445
vp 0.66648039245388924 0.26385350967383803
vp 0.59996570849700792 0.3922447408447633
vp 0.50686032991973851 0.50686032991973851
vp 0.3922447408447633 0.59996570849700792
vp 0.26385350967383808 0.66648039245388924
vp 0.13043270865548445 0.70484189475760139
vp 0 0.71680875280139555
vp -0.13043270865548437 0.70484189475760151
vp -0.26385350967383792 0.66648039245388946
vp -0.39224474084476318 0.59996570849700803
vp -0.50686032991973839 0.50686032991973851
vp -0.59996570849700792 0.39224474084476335
vp -0.66648039245388924 0.26385350967383808
vp -0.70484189475760139 0.13043270865548454
vp -0.71680875280139555 0
vp -0.70484189475760151 -0.13043270865548434
vp -0.66648039245388946 -0.26385350967383792
vp -0.59996570849700803 -0.39224474084476318
vp -0.50686032991973851 -0.50686032991973839
vp -0.39224474084476335 -0.59996570849700792
vp -0.26385350967383808 -0.66648039245388924
vp -0.13043270865548454 -0.70484189475760139
vp 0 -0.71680875280139555
vp 0.13043270865548429 -0.70484189475760139
vp 0.2638535096738378 -0.66648039245388924
vp 0.39224474084476307 -0.59996570849700792
vp 0.50686032991973828 -0.50686032991973851
vp 0.59996570849700781 -0.3922447408447633
vp 0.66648039245388913 -0.26385350967383803
vp 0.70484189475760139 -0.13043270865548445
cstype bezier
deg 1
curv2 7105 7106 7107 7108 7109 7110 7111 7112 7113 7114 7115 7116 7117 7118 7119 7120 7121 7122 7123 7124 7125 7126 7127 7128 7129 7130 7131 7132 7133 7134 7135 7136 7105
parm u 0 0.14074506948935789 0.28149013897871578 0.42223520846807366 0.56298027795743155 0.7037253474467895 0.84447041693614733 0.98521548642550516 1.1259605559148631 1.266705625404221 1.407450694893579 1.5481957643829367 1.6889408338722947 1.8296859033616526 1.9704309728510103 2.111176042340368 2.2519211118297262 2.3926661813190844 2.5334112508084421 2.6741563202977998 2.814901389787158 2.9556464592765157 3.0963915287658734 3.2371365982552316 3.3778816677445893 3.518626737233947 3.6593718067233052 3.8001168762126629 3.9408619457020206 4.0816070151913788 4.2223520846807361 4.3630971541700942 4.5038422236594524
end
v 25.975742311559056 0 145.18448750951427
v 25.969710708752519 0 146.97649924087847
v 24.183730580194858 0 145.17845590670771
v 24.177698977388321 0 146.97046763807191
cstype bspline
deg 1 1
surf -0.8960109410017445 0.8960109410017445 -0.8960109410017445 0.8960109410017445 2377 2378 2379 2380
parm u -0.8960109410017445 -0.8960109410017445 0.8960109410017445 0.8960109410017445
parm v -0.8960109410017445 -0.8960109410017445 0.8960109410017445 0.8960109410017445
trim 0 4.5038422236594524 613
end
# - trim loop
vp 0 0
vp 26.578480228423956 0
cstype bezier
deg 1
curv2 7137 7138
parm u 0 26.578480228423956
end
vp 26.578480228423956 0
vp 26.578480228423956 0.5
cstype bezier
deg 1
curv2 7139 7140
parm u 0 0.5
end
vp 26.578480228423956 0.5
vp 0 0.5
cstype bezier
deg 1
curv2 7141 7142
parm u 0 26.578480228423956
end
vp 0 0.5
vp 0 0
cstype bezier
deg 1
curv2 7143 7144
parm u 0 0.5
end
v 21.229435304999758 7.7982877820565957 147.8359177876067 1
v 22.987875518813357 7.7982877820565957 151.68320312708062 0.70710678118654757
v 26.835160858287288 7.7982877820565957 149.92476291326702 1
v 30.682446197761216 7.7982877820565957 148.16632269945342 0.70710678118654757
v 28.92400598394762 7.7982877820565957 144.3190373599795 1
v 27.16556577013402 7.7982877820565957 140.47175202050556 0.70710678118654757
v 23.318280430660089 7.7982877820565957 142.23019223431916 1
v 19.470995091186161 7.7982877820565957 143.98863244813276 0.70710678118654757
v 21.229435304999758 7.7982877820565957 147.8359177876067 1
v 21.229435304999758 8.2982877820565957 147.8359177876067 1
v 22.987875518813357 8.2982877820565957 151.68320312708062 0.70710678118654757
v 26.835160858287288 8.2982877820565957 149.92476291326702 1
v 30.682446197761216 8.2982877820565957 148.16632269945342 0.70710678118654757
v 28.92400598394762 8.2982877820565957 144.3190373599795 1
v 27.16556577013402 8.2982877820565957 140.47175202050556 0.70710678118654757
v 23.318280430660089 8.2982877820565957 142.23019223431916 1
v 19.470995091186161 8.2982877820565957 143.98863244813276 0.70710678118654757
v 21.229435304999758 8.2982877820565957 147.8359177876067 1
cstype rat bspline
deg 2 1
surf 0 26.578480228423956 0 0.5 2381 2382 2383 2384 2385 2386 2387 2388 2389 2390 2391 2392 2393 2394 2395 2396 2397 2398
parm u 0 0 0 6.644620057105989 6.644620057105989 13.289240114211978 13.289240114211978 19.933860171317967 19.933860171317967 26.578480228423956 26.578480228423956 26.578480228423956
parm v 0 0 0.5 0.5
trim 0 26.578480228423956 614 0 0.5 615 0 26.578480228423956 616 0 0.5 617
end
# - trim loop
vp 4.2300965082238804 0
vp 4.1594766054567476 0.76972127263437229
vp 3.9330942457116014 1.5570761456133617
vp 3.5405717894050786 2.3147500670605421
vp 2.9911299260386421 2.9911299260386421
vp 2.3147500670605421 3.5405717894050786
vp 1.5570761456133617 3.9330942457116014
vp 0.76972127263437251 4.1594766054567476
vp 0 4.2300965082238804
vp -0.76972127263437207 4.1594766054567476
vp -1.5570761456133613 3.9330942457116014
vp -2.3147500670605421 3.5405717894050786
vp -2.9911299260386421 2.9911299260386421
vp -3.5405717894050786 2.3147500670605421
vp -3.9330942457116014 1.5570761456133619
vp -4.1594766054567476 0.76972127263437262
vp -4.2300965082238804 0
vp -4.1594766054567476 -0.76972127263437196
vp -3.9330942457116014 -1.5570761456133613
vp -3.5405717894050786 -2.3147500670605421
vp -2.9911299260386426 -2.9911299260386421
vp -2.3147500670605425 -3.5405717894050786
vp -1.5570761456133622 -3.9330942457116014
vp -0.76972127263437307 -4.1594766054567476
vp 0 -4.2300965082238804
vp 0.76972127263437151 -4.1594766054567476
vp 1.5570761456133606 -3.9330942457116014
vp 2.3147500670605412 -3.5405717894050786
vp 2.9911299260386413 -2.9911299260386421
vp 3.5405717894050777 -2.3147500670605421
vp 3.9330942457116005 -1.5570761456133617
vp 4.1594766054567476 -0.76972127263437229
cstype bezier
deg 1
curv2 7145 7146 7147 7148 7149 7150 7151 7152 7153 7154 7155 7156 7157 7158 7159 7160 7161 7162 7163 7164 7165 7166 7167 7168 7169 7170 7171 7172 7173 7174 7175 7176 7145
parm u 0 0.83057750713824863 1.6611550142764973 2.4917325214147459 3.3223100285529945 4.1528875356912431 4.9834650428294918 5.8140425499677404 6.644620057105989 7.4751975642442376 8.3057750713824863 9.1363525785207358 9.9669300856589835 10.797507592797231 11.628085099935481 12.45866260707373 13.289240114211978 14.119817621350226 14.950395128488475 15.780972635626725 16.611550142764973 17.44212764990322 18.272705157041472 19.103282664179719 19.933860171317967 20.764437678456215 21.595015185594463 22.425592692732714 23.256170199870962 24.086747707009209 24.917325214147461 25.747902721285708 26.578480228423956
end
# - hole loop
vp 0.30016816712680683 0.650933068399838
vp 0.41360273820559079 0.58544646471008022
vp 0.51869786890271452 0.49473963747457683
vp 0.60743633232517624 0.38057310764691582
vp 0.6725301332357928 0.24802824029238937
vp 0.70908300506197508 0.10495751533344291
vp 0.7157202660710974 -0.039487831388997571
vp 0.69468549656478029 -0.17671120212150951
vp 0.65093306839983001 -0.30016816712679883
vp 0.58544646471007444 -0.41360273820558768
vp 0.49473963747457278 -0.51869786890271596
vp 0.38057310764691299 -0.60743633232518146
vp 0.24802824029238704 -0.67253013323580091
vp 0.10495751533344032 -0.70908300506198474
vp -0.039487831389001124 -0.71572026607110739
vp -0.17671120212151459 -0.69468549656478928
vp -0.30016816712680594 -0.65093306839983711
vp -0.41360273820558935 -0.58544646471008277
vp -0.51869786890271297 -0.49473963747458227
vp -0.60743633232517502 -0.38057310764692315
vp -0.67253013323579258 -0.24802824029239745
vp -0.7090830050619763 -0.10495751533345048
vp -0.7157202660711004 0.039487831388991645
vp -0.69468549656478529 0.17671120212150618
vp -0.65093306839983711 0.30016816712679883
vp -0.58544646471008022 0.41360273820558435
vp -0.49473963747457722 0.51869786890271008
vp -0.3805731076469161 0.60743633232517402
vp -0.24802824029238885 0.6725301332357928
vp -0.10495751533344107 0.70908300506197741
vp 0.039487831389001186 0.71572026607110195
vp 0.1767112021215152 0.69468549656478673
cstype bezier
deg 1
curv2 7177 7178 7179 7180 7181 7182 7183 7184 7185 7186 7187 7188 7189 7190 7191 7192 7193 7194 7195 7196 7197 7198 7199 7200 7201 7202 7203 7204 7205 7206 7207 7208 7177
parm u 0 0.14074506948935789 0.28149013897871578 0.42223520846807366 0.56298027795743155 0.7037253474467895 0.84447041693614733 0.98521548642550516 1.1259605559148631 1.266705625404221 1.407450694893579 1.5481957643829367 1.6889408338722947 1.8296859033616526 1.9704309728510103 2.111176042340368 2.2519211118297262 2.3926661813190844 2.5334112508084421 2.6741563202977998 2.814901389787158 2.9556464592765157 3.0963915287658734 3.2371365982552316 3.3778816677445893 3.518626737233947 3.6593718067233052 3.8001168762126629 3.9408619457020206 4.0816070151913788 4.2223520846807361 4.3630971541700942 4.5038422236594524
end
v 27.687777051549105 7.7982877820565957 139.07032063218367
v 18.069563702864272 7.7982877820565957 143.46642116671768
v 32.083877586083105 7.7982877820565957 148.6885339808685
v 22.465664237398272 7.7982877820565957 153.08463451540251
cstype bspline
deg 1 1
surf -5.2876206352798505 5.2876206352798505 -5.2876206352798505 5.2876206352798505 2399 2400 2401 2402
parm u -5.2876206352798505 -5.2876206352798505 5.2876206352798505 5.2876206352798505
parm v -5.2876206352798505 -5.2876206352798505 5.2876206352798505 5.2876206352798505
trim 0 26.578480228423956 618
hole 0 4.5038422236594524 619
end
# - trim loop
vp 4.2300965082238804 0
vp 4.1594766054567476 0.76972127263437229
vp 3.9330942457116014 1.5570761456133617
vp 3.5405717894050786 2.3147500670605421
vp 2.9911299260386421 2.9911299260386421
vp 2.3147500670605421 3.5405717894050786
vp 1.5570761456133617 3.9330942457116014
vp 0.76972127263437251 4.1594766054567476
vp 0 4.2300965082238804
vp -0.76972127263437207 4.1594766054567476
vp -1.5570761456133613 3.9330942457116014
vp -2.3147500670605421 3.5405717894050786
vp -2.9911299260386421 2.9911299260386421
vp -3.5405717894050786 2.3147500670605421
vp -3.9330942457116014 1.5570761456133619
vp -4.1594766054567476 0.76972127263437262
vp -4.2300965082238804 0
vp -4.1594766054567476 -0.76972127263437196
vp -3.9330942457116014 -1.5570761456133613
vp -3.5405717894050786 -2.3147500670605421
vp -2.9911299260386426 -2.9911299260386421
vp -2.3147500670605425 -3.5405717894050786
vp -1.5570761456133622 -3.9330942457116014
vp -0.76972127263437307 -4.1594766054567476
vp 0 -4.2300965082238804
vp 0.76972127263437151 -4.1594766054567476
vp 1.5570761456133606 -3.9330942457116014
vp 2.3147500670605412 -3.5405717894050786
vp 2.9911299260386413 -2.9911299260386421
vp 3.5405717894050777 -2.3147500670605421
vp 3.9330942457116005 -1.5570761456133617
vp 4.1594766054567476 -0.76972127263437229
cstype bezier
deg 1
curv2 7209 7210 7211 7212 7213 7214 7215 7216 7217 7218 7219 7220 7221 7222 7223 7224 7225 7226 7227 7228 7229 7230 7231 7232 7233 7234 7235 7236 7237 7238 7239 7240 7209
parm u 0 0.83057750713824863 1.6611550142764973 2.4917325214147459 3.3223100285529945 4.1528875356912431 4.9834650428294918 5.8140425499677404 6.644620057105989 7.4751975642442376 8.3057750713824863 9.1363525785207358 9.9669300856589835 10.797507592797231 11.628085099935481 12.45866260707373 13.289240114211978 14.119817621350226 14.950395128488475 15.780972635626725 16.611550142764973 17.44212764990322 18.272705157041472 19.103282664179719 19.933860171317967 20.764437678456215 21.595015185594463 22.425592692732714 23.256170199870962 24.086747707009209 24.917325214147461 25.747902721285708 26.578480228423956
end
v 27.687777051549105 8.2982877820565957 139.07032063218367
v 18.069563702864272 8.2982877820565957 143.46642116671768
v 32.083877586083105 8.2982877820565957 148.6885339808685
v 22.465664237398272 8.2982877820565957 153.08463451540251
cstype bspline
deg 1 1
surf -5.2876206352798505 5.2876206352798505 -5.2876206352798505 5.2876206352798505 2403 2404 2405 2406
parm u -5.2876206352798505 -5.2876206352798505 5.2876206352798505 5.2876206352798505
parm v -5.2876206352798505 -5.2876206352798505 5.2876206352798505 5.2876206352798505
trim 0 26.578480228423956 620
end
# - trim loop
vp 4.5038422236594524 0.49999999999999972
vp 4.5038422236594524 8.2982877820565957
cstype bezier
deg 1
curv2 7241 7242
parm u 0.49999999999999978 8.2982877820565957
end
vp 4.5038422236594524 8.2982877820565957
vp 0 8.2982877820565957
cstype bezier
deg 1
curv2 7243 7244
parm u 0 4.5038422236594524
end
vp 0 8.2982877820565957
vp 0 0.50000000000000089
cstype bezier
deg 1
curv2 7245 7246
parm u 0 7.7982877820565948
end
vp 0 0.50000000000000089
vp 4.5038422236594524 0.49999999999999972
cstype bezier
deg 1
curv2 7247 7248
parm u 0 4.5038422236594524
end
v 25.074308003351074 8.2982877820565957 146.79428226633877 1
v 24.357503310805395 8.2982877820565957 146.79186962521615 0.70710678118654757
v 24.359915951928009 8.2982877820565957 146.07506493267047 1
v 24.36232859305062 8.2982877820565957 145.3582602401248 0.70710678118654757
v 25.079133285596303 8.2982877820565957 145.3606728812474 1
v 25.795937978141978 8.2982877820565957 145.36308552237003 0.70710678118654757
v 25.793525337019368 8.2982877820565957 146.0798902149157 1
v 25.791112695896754 8.2982877820565957 146.7966949074614 0.70710678118654757
v 25.074308003351074 8.2982877820565957 146.79428226633877 1
v 25.074308003351074 0 146.79428226633877 1
v 24.357503310805395 0 146.79186962521615 0.70710678118654757
v 24.359915951928009 0 146.07506493267047 1
v 24.36232859305062 0 145.3582602401248 0.70710678118654757
v 25.079133285596303 0 145.3606728812474 1
v 25.795937978141978 0 145.36308552237003 0.70710678118654757
v 25.793525337019368 0 146.0798902149157 1
v 25.791112695896754 0 146.7966949074614 0.70710678118654757
v 25.074308003351074 0 146.79428226633877 1
cstype rat bspline
deg 2 1
surf 0 4.5038422236594524 0 8.2982877820565957 2407 2408 2409 2410 2411 2412 2413 2414 2415 2416 2417 2418 2419 2420 2421 2422 2423 2424
parm u 0 0 0 1.1259605559148631 1.1259605559148631 2.2519211118297262 2.2519211118297262 3.3778816677445893 3.3778816677445893 4.5038422236594524 4.5038422236594524 4.5038422236594524
parm v 0 0 8.2982877820565957 8.2982877820565957
trim 0.49999999999999978 8.2982877820565957 621 0 4.5038422236594524 622 0 7.7982877820565948 623 0 4.5038422236594524 624
end
usemtl diffuse_170_230_123_255
# - trim loop
vp 0 0
vp -86.505341079746131 -0.61256331653459029
cstype bezier
deg 1
curv2 7249 7250
parm u 0 86.507509900239171
end
vp -86.505341079746131 -0.61256331653459029
vp -86.052395672757086 -4.0697210031889455
cstype bezier
deg 1
curv2 7251 7252
parm u 0 3.4867031436739366
end
vp -86.052395672757086 -4.0697210031889455
vp 2.7806619173259577 -4.0697210031889384
cstype bezier
deg 1
curv2 7253 7254
parm u 0 88.833057590083072
end
vp 2.7806619173259577 -4.0697210031889384
vp 2.2896948180643335 -0.029570712416315814
cstype bezier
deg 1
curv2 7255 7256
parm u 0 4.0698726103635652
end
vp 2.2896948180643335 -0.029570712416315814
vp 0 0
cstype bezier
deg 1
curv2 7257 7258
parm u 0 2.2898857584830505
end
v 94.849203435673331 9 -48.653939985481365
v -415.09834247183073 9 -3.3072750383305483
v 92.782269441931405 9 -71.897720291925182
v -417.16527646557267 9 -26.551055344774369
cstype bspline
deg 1 1
surf -87.398201109716851 3.6735219472966785 -4.1104182132208349 0.040697210031889454 2425 2426 2427 2428
parm u -87.398201109716851 -87.398201109716851 3.6735219472966785 3.6735219472966785
parm v -4.1104182132208349 -4.1104182132208349 0.040697210031889454 0.040697210031889454
trim 0 86.507509900239171 625 0 3.4867031436739366 626 0 88.833057590083072 627 0 4.0698726103635652 628 0 2.2898857584830505 629
end
# - trim loop
vp -86.507509900239171 0
vp 0 0
cstype bezier
deg 1
curv2 7259 7260
parm u -86.507509900239171 0
end
vp 0 0
vp 0 0.5
cstype bezier
deg 1
curv2 7261 7262
parm u 0 0.5
end
vp 0 0.5
vp -86.507509900239171 0.5
cstype bezier
deg 1
curv2 7263 7264
parm u -86.507509900239171 0
end
vp -86.507509900239171 0.5
vp -86.507509900239171 0
cstype bezier
deg 1
curv2 7265 7266
parm u 0 0.5
end
v 88.108056847594696 9 -67.795274280766364
v -396.57547184054101 9 -28.15230457608331
v 88.108056847594696 9.5 -67.795274280766364
v -396.57547184054101 9.5 -28.15230457608331
cstype bspline
deg 1 1
surf -86.507509900239171 -0 0 0.5 2429 2430 2431 2432
parm u -86.507509900239171 -86.507509900239171 -0 -0
parm v 0 0 0.5 0.5
trim -86.507509900239171 0 630 0 0.5 631 -86.507509900239171 0 632 0 0.5 633
end
# - trim loop
vp -3.4867031436739366 0
vp 0 0
cstype bezier
deg 1
curv2 7267 7268
parm u -3.4867031436739366 0
end
vp 0 0
vp 0 0.5
cstype bezier
deg 1
curv2 7269 7270
parm u 0 0.5
end
vp 0 0.5
vp -3.4867031436739366 0.5
cstype bezier
deg 1
curv2 7271 7272
parm u -3.4867031436739366 0
end
vp -3.4867031436739366 0.5
vp -3.4867031436739366 0
cstype bezier
deg 1
curv2 7273 7274
parm u 0 0.5
end
v 87.293228436019618 9 -48.211713304125965
v 88.108056847594696 9 -67.795274280766364
v 87.293228436019618 9.5 -48.211713304125965
v 88.108056847594696 9.5 -67.795274280766364
cstype bspline
deg 1 1
surf -3.4867031436739366 -0 0 0.5 2433 2434 2435 2436
parm u -3.4867031436739366 -3.4867031436739366 -0 -0
parm v 0 0 0.5 0.5
trim -3.4867031436739366 0 634 0 0.5 635 -3.4867031436739366 0 636 0 0.5 637
end
# - trim loop
vp -88.833057590083072 0
vp 0 0
cstype bezier
deg 1
curv2 7275 7276
parm u -88.833057590083072 0
end
vp 0 0
vp 0 0.5
cstype bezier
deg 1
curv2 7277 7278
parm u 0 0.5
end
vp 0 0.5
vp -88.833057590083072 0.5
cstype bezier
deg 1
curv2 7279 7280
parm u -88.833057590083072 0
end
vp -88.833057590083072 0.5
vp -88.833057590083072 0
cstype bezier
deg 1
curv2 7281 7282
parm u 0 0.5
end
v -410.11912078640171 9 -3.9797303839540348
v 87.293228436019618 9 -48.211713304125965
v -410.11912078640171 9.5 -3.9797303839540348
v 87.293228436019618 9.5 -48.211713304125965
cstype bspline
deg 1 1
surf -88.833057590083072 -0 0 0.5 2437 2438 2439 2440
parm u -88.833057590083072 -88.833057590083072 -0 -0
parm v 0 0 0.5 0.5
trim -88.833057590083072 0 638 0 0.5 639 -88.833057590083072 0 640 0 0.5 641
end
# - trim loop
vp -4.0698726103635652 0
vp 0 0
cstype bezier
deg 1
curv2 7283 7284
parm u -4.0698726103635652 0
end
vp 0 0
vp 0 0.5
cstype bezier
deg 1
curv2 7285 7286
parm u 0 0.5
end
vp 0 0.5
vp -4.0698726103635652 0.5
cstype bezier
deg 1
curv2 7287 7288
parm u -4.0698726103635652 0
end
vp -4.0698726103635652 0.5
vp -4.0698726103635652 0
cstype bezier
deg 1
curv2 7289 7290
parm u 0 0.5
end
v -409.38167865218463 9 -26.846635461873348
v -410.11912078640171 9 -3.9797303839540348
v -409.38167865218463 9.5 -26.846635461873348
v -410.11912078640171 9.5 -3.9797303839540348
cstype bspline
deg 1 1
surf -4.0698726103635652 -0 0 0.5 2441 2442 2443 2444
parm u -4.0698726103635652 -4.0698726103635652 -0 -0
parm v 0 0 0.5 0.5
trim -4.0698726103635652 0 642 0 0.5 643 -4.0698726103635652 0 644 0 0.5 645
end
# - trim loop
vp -2.2898857584830505 0
vp 0 0
cstype bezier
deg 1
curv2 7291 7292
parm u -2.2898857584830505 0
end
vp 0 0
vp 0 0.5
cstype bezier
deg 1
curv2 7293 7294
parm u 0 0.5
end
vp 0 0.5
vp -2.2898857584830505 0.5
cstype bezier
deg 1
curv2 7295 7296
parm u -2.2898857584830505 0
end
vp -2.2898857584830505 0.5
vp -2.2898857584830505 0
cstype bezier
deg 1
curv2 7297 7298
parm u 0 0.5
end
v -396.57547184054101 9 -28.15230457608331
v -409.38167865218463 9 -26.846635461873348
v -396.57547184054101 9.5 -28.15230457608331
v -409.38167865218463 9.5 -26.846635461873348
cstype bspline
deg 1 1
surf -2.2898857584830505 -0 0 0.5 2445 2446 2447 2448
parm u -2.2898857584830505 -2.2898857584830505 -0 -0
parm v 0 0 0.5 0.5
trim -2.2898857584830505 0 646 0 0.5 647 -2.2898857584830505 0 648 0 0.5 649
end
# - trim loop
vp 0 0
vp -86.505341079746131 -0.61256331653459029
cstype bezier
deg 1
curv2 7299 7300
parm u 0 86.507509900239171
end
vp -86.505341079746131 -0.61256331653459029
vp -86.052395672757086 -4.0697210031889455
cstype bezier
deg 1
curv2 7301 7302
parm u 0 3.4867031436739366
end
vp -86.052395672757086 -4.0697210031889455
vp 2.7806619173259577 -4.0697210031889384
cstype bezier
deg 1
curv2 7303 7304
parm u 0 88.833057590083072
end
vp 2.7806619173259577 -4.0697210031889384
vp 2.2896948180643335 -0.029570712416315814
cstype bezier
deg 1
curv2 7305 7306
parm u 0 4.0698726103635652
end
vp 2.2896948180643335 -0.029570712416315814
vp 0 0
cstype bezier
deg 1
curv2 7307 7308
parm u 0 2.2898857584830505
end
v 94.849203435673331 9.5 -48.653939985481365
v -415.09834247183073 9.5 -3.3072750383305483
v 92.782269441931405 9.5 -71.897720291925182
v -417.16527646557267 9.5 -26.551055344774369
cstype bspline
deg 1 1
surf -87.398201109716851 3.6735219472966785 -4.1104182132208349 0.040697210031889454 2449 2450 2451 2452
parm u -87.398201109716851 -87.398201109716851 3.6735219472966785 3.6735219472966785
parm v -4.1104182132208349 -4.1104182132208349 0.040697210031889454 0.040697210031889454
trim 0 86.507509900239171 650 0 3.4867031436739366 651 0 88.833057590083072 652 0 4.0698726103635652 653 0 2.2898857584830505 654
end
usemtl diffuse_125_38_205_255
# - trim loop
vp 0 0
vp -4.3093849674678957 0
cstype bezier
deg 1
curv2 7309 7310
parm u 0 4.3093849674678957
end
vp -4.3093849674678957 0
vp 9.8257878360685247 -86.325491970948988
cstype bezier
deg 1
curv2 7311 7312
parm u 0 87.475103167771181
end
vp 9.8257878360685247 -86.325491970948988
vp 11.208517165762105 -86.325491970948988
cstype bezier
deg 1
curv2 7313 7314
parm u 0 1.3827293296935794
end
vp 11.208517165762105 -86.325491970948988
vp 0.75196758648743867 -20.210550987841245
cstype bezier
deg 1
curv2 7315 7316
parm u 0 66.93672273351639
end
vp 0.75196758648743867 -20.210550987841245
vp 0 0
cstype bezier
deg 1
curv2 7317 7318
parm u 0 20.224535260006803
end
v -48.895094429067086 6 184.00206644200682
v 40.083486142808894 6 184.00206644200682
v -48.895094429067086 6 -310.98235070388989
v 40.083486142808894 6 -310.98235070388989
cstype bspline
deg 1 1
surf -4.4645639888001956 11.363696187094405 -87.188746890658479 0.86325491970948987 2453 2454 2455 2456
parm u -4.4645639888001956 -4.4645639888001956 11.363696187094405 11.363696187094405
parm v -87.188746890658479 -87.188746890658479 0.86325491970948987 0.86325491970948987
trim 0 4.3093849674678957 655 0 87.475103167771181 656 0 1.3827293296935794 657 0 66.93672273351639 658 0 20.224535260006803 659
end
# - trim loop
vp -4.3093849674678957 0
vp 0 0
cstype bezier
deg 1
curv2 7319 7320
parm u -4.3093849674678957 0
end
vp 0 0
vp 0 6
cstype bezier
deg 1
curv2 7321 7322
parm u 0 6
end
vp 0 6
vp -4.3093849674678957 6
cstype bezier
deg 1
curv2 7323 7324
parm u -4.3093849674678957 0
end
vp -4.3093849674678957 6
vp -4.3093849674678957 0
cstype bezier
deg 1
curv2 7325 7326
parm u 0 6
end
v -48.022755403852628 6 -306.12956230049872
v -23.797543454972001 6 -306.12956230049872
v -48.022755403852628 0 -306.12956230049872
v -23.797543454972001 0 -306.12956230049872
cstype bspline
deg 1 1
surf -4.3093849674678957 -0 0 6 2457 2458 2459 2460
parm u -4.3093849674678957 -4.3093849674678957 -0 -0
parm v 0 0 6 6
trim -4.3093849674678957 0 660 0 6 661 -4.3093849674678957 0 662 0 6 663
end
# - trim loop
vp -87.475103167771181 0
vp 0 0
cstype bezier
deg 1
curv2 7327 7328
parm u -87.475103167771181 0
end
vp 0 0
vp 0 6
cstype bezier
deg 1
curv2 7329 7330
parm u 0 6
end
vp 0 6
vp -87.475103167771181 6
cstype bezier
deg 1
curv2 7331 7332
parm u -87.475103167771181 0
end
vp -87.475103167771181 6
vp -87.475103167771181 0
cstype bezier
deg 1
curv2 7333 7334
parm u 0 6
end
v 31.438132793593873 6 179.14927803861568
v -48.022755403852628 6 -306.12956230049872
v 31.438132793593873 0 179.14927803861568
v -48.022755403852628 0 -306.12956230049872
cstype bspline
deg 1 1
surf -87.475103167771181 -0 0 6 2461 2462 2463 2464
parm u -87.475103167771181 -87.475103167771181 -0 -0
parm v 0 0 6 6
trim -87.475103167771181 0 664 0 6 665 -87.475103167771181 0 666 0 6 667
end
# - trim loop
vp -1.3827293296935794 0
vp 0 0
cstype bezier
deg 1
curv2 7335 7336
parm u -1.3827293296935794 0
end
vp 0 0
vp 0 6
cstype bezier
deg 1
curv2 7337 7338
parm u 0 6
end
vp 0 6
vp -1.3827293296935794 6
cstype bezier
deg 1
curv2 7339 7340
parm u -1.3827293296935794 0
end
vp -1.3827293296935794 6
vp -1.3827293296935794 0
cstype bezier
deg 1
curv2 7341 7342
parm u 0 6
end
v 39.211147117594422 6 179.14927803861568
v 31.438132793593873 6 179.14927803861568
v 39.211147117594422 0 179.14927803861568
v 31.438132793593873 0 179.14927803861568
cstype bspline
deg 1 1
surf -1.3827293296935794 -0 0 6 2465 2466 2467 2468
parm u -1.3827293296935794 -1.3827293296935794 -0 -0
parm v 0 0 6 6
trim -1.3827293296935794 0 668 0 6 669 -1.3827293296935794 0 670 0 6 671
end
# - trim loop
vp -66.93672273351639 0
vp 0 0
cstype bezier
deg 1
curv2 7343 7344
parm u -66.93672273351639 0
end
vp 0 0
vp 0 6
cstype bezier
deg 1
curv2 7345 7346
parm u 0 6
end
vp 0 6
vp -66.93672273351639 6
cstype bezier
deg 1
curv2 7347 7348
parm u -66.93672273351639 0
end
vp -66.93672273351639 6
vp -66.93672273351639 0
cstype bezier
deg 1
curv2 7349 7350
parm u 0 6
end
v -19.570356907734819 6 -192.51592950133977
v 39.211147117594422 6 179.14927803861568
v -19.570356907734819 0 -192.51592950133977
v 39.211147117594422 0 179.14927803861568
cstype bspline
deg 1 1
surf -66.93672273351639 -0 0 6 2469 2470 2471 2472
parm u -66.93672273351639 -66.93672273351639 -0 -0
parm v 0 0 6 6
trim -66.93672273351639 0 672 0 6 673 -66.93672273351639 0 674 0 6 675
end
# - trim loop
vp -20.224535260006803 0
vp 0 0
cstype bezier
deg 1
curv2 7351 7352
parm u -20.224535260006803 0
end
vp 0 0
vp 0 6
cstype bezier
deg 1
curv2 7353 7354
parm u 0 6
end
vp 0 6
vp -20.224535260006803 6
cstype bezier
deg 1
curv2 7355 7356
parm u -20.224535260006803 0
end
vp -20.224535260006803 6
vp -20.224535260006803 0
cstype bezier
deg 1
curv2 7357 7358
parm u 0 6
end
v -23.797543454972001 6 -306.12956230049872
v -19.570356907734819 6 -192.51592950133977
v -23.797543454972001 0 -306.12956230049872
v -19.570356907734819 0 -192.51592950133977
cstype bspline
deg 1 1
surf -20.224535260006803 -0 0 6 2473 2474 2475 2476
parm u -20.224535260006803 -20.224535260006803 -0 -0
parm v 0 0 6 6
trim -20.224535260006803 0 676 0 6 677 -20.224535260006803 0 678 0 6 679
end
# - trim loop
vp 0 0
vp -4.3093849674678957 0
cstype bezier
deg 1
curv2 7359 7360
parm u 0 4.3093849674678957
end
vp -4.3093849674678957 0
vp 9.8257878360685247 -86.325491970948988
cstype bezier
deg 1
curv2 7361 7362
parm u 0 87.475103167771181
end
vp 9.8257878360685247 -86.325491970948988
vp 11.208517165762105 -86.325491970948988
cstype bezier
deg 1
curv2 7363 7364
parm u 0 1.3827293296935794
end
vp 11.208517165762105 -86.325491970948988
vp 0.75196758648743867 -20.210550987841245
cstype bezier
deg 1
curv2 7365 7366
parm u 0 66.93672273351639
end
vp 0.75196758648743867 -20.210550987841245
vp 0 0
cstype bezier
deg 1
curv2 7367 7368
parm u 0 20.224535260006803
end
v -48.895094429067086 0 184.00206644200682
v 40.083486142808894 0 184.00206644200682
v -48.895094429067086 0 -310.98235070388989
v 40.083486142808894 0 -310.98235070388989
cstype bspline
deg 1 1
surf -4.4645639888001956 11.363696187094405 -87.188746890658479 0.86325491970948987 2477 2478 2479 2480
parm u -4.4645639888001956 -4.4645639888001956 11.363696187094405 11.363696187094405
parm v -87.188746890658479 -87.188746890658479 0.86325491970948987 0.86325491970948987
trim 0 4.3093849674678957 680 0 87.475103167771181 681 0 1.3827293296935794 682 0 66.93672273351639 683 0 20.224535260006803 684
end
usemtl diffuse_125_38_205_255
# - trim loop
vp 0 0
vp -5.1066621279851176 0
cstype bezier
deg 1
curv2 7369 7370
parm u 0 5.1066621279851176
end
vp -5.1066621279851176 0
vp -8.2179906746750078 -25.248717161136614
cstype bezier
deg 1
curv2 7371 7372
parm u 0 25.439695037647798
end
vp -8.2179906746750078 -25.248717161136614
vp -10.445107222826721 -41.732368297461761
cstype bezier
deg 1
curv2 7373 7374
parm u 0 16.633424268716421
end
vp -10.445107222826721 -41.732368297461761
vp -14.310784408011273 -58.214497458936165
cstype bezier
deg 1
curv2 7375 7376
parm u 0 16.929383975667317
end
vp -14.310784408011273 -58.214497458936165
vp -20.472572131237129 -75.353654003297947
cstype bezier
deg 1
curv2 7377 7378
parm u 0 18.213135781579084
end
vp -20.472572131237129 -75.353654003297947
vp -24.460797194446144 -84.188309657696649
cstype bezier
deg 1
curv2 7379 7380
parm u 0 9.6931460159541345
end
vp -24.460797194446144 -84.188309657696649
vp -24.460797194446144 -86.325491970948988
cstype bezier
deg 1
curv2 7381 7382
parm u 0 2.1371823132523389
end
vp -24.460797194446144 -86.325491970948988
vp -13.650728855722832 -86.325491970948988
cstype bezier
deg 1
curv2 7383 7384
parm u 0 10.810068338723312
end
vp -13.650728855722832 -86.325491970948988
vp -6.0691955736364775 -38.380829280219189
cstype bezier
deg 1
curv2 7385 7386
parm u 0 48.540398921261882
end
vp -6.0691955736364775 -38.380829280219189
vp 0 0
cstype bezier
deg 1
curv2 7387 7388
parm u 0 38.85773013376334
end
v -397.95053580198203 6 -310.98235070388989
v -257.69401173500648 6 -310.98235070388989
v -397.95053580198203 6 184.00206644200682
v -257.69401173500648 6 184.00206644200682
cstype bspline
deg 1 1
surf -24.705405166390605 0.24460797194446143 -87.188746890658479 0.86325491970948987 2481 2482 2483 2484
parm u -24.705405166390605 -24.705405166390605 0.24460797194446143 0.24460797194446143
parm v -87.188746890658479 -87.188746890658479 0.86325491970948987 0.86325491970948987
trim 0 5.1066621279851176 685 0 25.439695037647798 686 0 16.633424268716421 687 0 16.929383975667317 688 0 18.213135781579084 689 0 9.6931460159541345 690 0 2.1371823132523389 691 0 10.810068338723312 692 0 48.540398921261882 693 0 38.85773013376334 694
end
# - trim loop
vp -5.1066621279851176 0
vp 0 0
cstype bezier
deg 1
curv2 7389 7390
parm u -5.1066621279851176 0
end
vp 0 0
vp 0 6
cstype bezier
deg 1
curv2 7391 7392
parm u 0 6
end
vp 0 6
vp -5.1066621279851176 6
cstype bezier
deg 1
curv2 7393 7394
parm u -5.1066621279851176 0
end
vp -5.1066621279851176 6
vp -5.1066621279851176 0
cstype bezier
deg 1
curv2 7395 7396
parm u 0 6
end
v -287.77618200875497 6 179.14927803861568
v -259.06907569644738 6 179.14927803861568
v -287.77618200875497 0 179.14927803861568
v -259.06907569644738 0 179.14927803861568
cstype bspline
deg 1 1
surf -5.1066621279851176 -0 0 6 2485 2486 2487 2488
parm u -5.1066621279851176 -5.1066621279851176 -0 -0
parm v 0 0 6 6
trim -5.1066621279851176 0 695 0 6 696 -5.1066621279851176 0 697 0 6 698
end
# - trim loop
vp -25.439695037647798 0
vp 0 0
cstype bezier
deg 1
curv2 7397 7398
parm u -25.439695037647798 0
end
vp 0 0
vp 0 6
cstype bezier
deg 1
curv2 7399 7400
parm u 0 6
end
vp 0 6
vp -25.439695037647798 6
cstype bezier
deg 1
curv2 7401 7402
parm u -25.439695037647798 0
end
vp -25.439695037647798 6
vp -25.439695037647798 0
cstype bezier
deg 1
curv2 7403 7404
parm u 0 6
end
v -305.26651857769991 6 37.213589005646725
v -287.77618200875497 6 179.14927803861568
v -305.26651857769991 0 37.213589005646725
v -287.77618200875497 0 179.14927803861568
cstype bspline
deg 1 1
surf -25.439695037647798 -0 0 6 2489 2490 2491 2492
parm u -25.439695037647798 -25.439695037647798 -0 -0
parm v 0 0 6 6
trim -25.439695037647798 0 699 0 6 700 -25.439695037647798 0 701 0 6 702
end
# - trim loop
vp -16.633424268716421 0
vp 0 0
cstype bezier
deg 1
curv2 7405 7406
parm u -16.633424268716421 0
end
vp 0 0
vp 0 6
cstype bezier
deg 1
curv2 7407 7408
parm u 0 6
end
vp 0 6
vp -16.633424268716421 6
cstype bezier
deg 1
curv2 7409 7410
parm u -16.633424268716421 0
end
vp -16.633424268716421 6
vp -16.633424268716421 0
cstype bezier
deg 1
curv2 7411 7412
parm u 0 6
end
v -317.78625650344304 6 -55.449272512505303
v -305.26651857769991 6 37.213589005646725
v -317.78625650344304 0 -55.449272512505303
v -305.26651857769991 0 37.213589005646725
cstype bspline
deg 1 1
surf -16.633424268716421 -0 0 6 2493 2494 2495 2496
parm u -16.633424268716421 -16.633424268716421 -0 -0
parm v 0 0 6 6
trim -16.633424268716421 0 703 0 6 704 -16.633424268716421 0 705 0 6 706
end
# - trim loop
vp -16.929383975667317 0
vp 0 0
cstype bezier
deg 1
curv2 7413 7414
parm u -16.929383975667317 0
end
vp 0 0
vp 0 6
cstype bezier
deg 1
curv2 7415 7416
parm u 0 6
end
vp 0 6
vp -16.929383975667317 6
cstype bezier
deg 1
curv2 7417 7418
parm u -16.929383975667317 0
end
vp -16.929383975667317 6
vp -16.929383975667317 0
cstype bezier
deg 1
curv2 7419 7420
parm u 0 6
end
v -339.51716470588951 6 -148.10357824749605
v -317.78625650344304 6 -55.449272512505303
v -339.51716470588951 0 -148.10357824749605
v -317.78625650344304 0 -55.449272512505303
cstype bspline
deg 1 1
surf -16.929383975667317 -0 0 6 2497 2498 2499 2500
parm u -16.929383975667317 -16.929383975667317 -0 -0
parm v 0 0 6 6
trim -16.929383975667317 0 707 0 6 708 -16.929383975667317 0 709 0 6 710
end
# - trim loop
vp -18.213135781579084 0
vp 0 0
cstype bezier
deg 1
curv2 7421 7422
parm u -18.213135781579084 0
end
vp 0 0
vp 0 6
cstype bezier
deg 1
curv2 7423 7424
parm u 0 6
end
vp 0 6
vp -18.213135781579084 6
cstype bezier
deg 1
curv2 7425 7426
parm u -18.213135781579084 0
end
vp -18.213135781579084 6
vp -18.213135781579084 0
cstype bezier
deg 1
curv2 7427 7428
parm u 0 6
end
v -374.15566061795596 6 -244.45136407925747
v -339.51716470588951 6 -148.10357824749605
v -374.15566061795596 0 -244.45136407925747
v -339.51716470588951 0 -148.10357824749605
cstype bspline
deg 1 1
surf -18.213135781579084 -0 0 6 2501 2502 2503 2504
parm u -18.213135781579084 -18.213135781579084 -0 -0
parm v 0 0 6 6
trim -18.213135781579084 0 711 0 6 712 -18.213135781579084 0 713 0 6 714
end
# - trim loop
vp -9.6931460159541345 0
vp 0 0
cstype bezier
deg 1
curv2 7429 7430
parm u -9.6931460159541345 0
end
vp 0 0
vp 0 6
cstype bezier
deg 1
curv2 7431 7432
parm u 0 6
end
vp 0 6
vp -9.6931460159541345 6
cstype bezier
deg 1
curv2 7433 7434
parm u -9.6931460159541345 0
end
vp -9.6931460159541345 6
vp -9.6931460159541345 0
cstype bezier
deg 1
curv2 7435 7436
parm u 0 6
end
v -396.57547184054101 6 -294.1153897671133
v -374.15566061795596 6 -244.45136407925747
v -396.57547184054101 0 -294.1153897671133
v -374.15566061795596 0 -244.45136407925747
cstype bspline
deg 1 1
surf -9.6931460159541345 -0 0 6 2505 2506 2507 2508
parm u -9.6931460159541345 -9.6931460159541345 -0 -0
parm v 0 0 6 6
trim -9.6931460159541345 0 715 0 6 716 -9.6931460159541345 0 717 0 6 718
end
# - trim loop
vp -2.1371823132523389 0
vp 0 0
cstype bezier
deg 1
curv2 7437 7438
parm u -2.1371823132523389 0
end
vp 0 0
vp 0 6
cstype bezier
deg 1
curv2 7439 7440
parm u 0 6
end
vp 0 6
vp -2.1371823132523389 6
cstype bezier
deg 1
curv2 7441 7442
parm u -2.1371823132523389 0
end
vp -2.1371823132523389 6
vp -2.1371823132523389 0
cstype bezier
deg 1
curv2 7443 7444
parm u 0 6
end
v -396.57547184054101 6 -306.12956230049872
v -396.57547184054101 6 -294.1153897671133
v -396.57547184054101 0 -306.12956230049872
v -396.57547184054101 0 -294.1153897671133
cstype bspline
deg 1 1
surf -2.1371823132523389 -0 0 6 2509 2510 2511 2512
parm u -2.1371823132523389 -2.1371823132523389 -0 -0
parm v 0 0 6 6
trim -2.1371823132523389 0 719 0 6 720 -2.1371823132523389 0 721 0 6 722
end
# - trim loop
vp -10.810068338723312 0
vp 0 0
cstype bezier
deg 1
curv2 7445 7446
parm u -10.810068338723312 0
end
vp 0 0
vp 0 6
cstype bezier
deg 1
curv2 7447 7448
parm u 0 6
end
vp 0 6
vp -10.810068338723312 6
cstype bezier
deg 1
curv2 7449 7450
parm u -10.810068338723312 0
end
vp -10.810068338723312 6
vp -10.810068338723312 0
cstype bezier
deg 1
curv2 7451 7452
parm u 0 6
end
v -335.80666175177123 6 -306.12956230049872
v -396.57547184054101 6 -306.12956230049872
v -335.80666175177123 0 -306.12956230049872
v -396.57547184054101 0 -306.12956230049872
cstype bspline
deg 1 1
surf -10.810068338723312 -0 0 6 2513 2514 2515 2516
parm u -10.810068338723312 -10.810068338723312 -0 -0
parm v 0 0 6 6
trim -10.810068338723312 0 723 0 6 724 -10.810068338723312 0 725 0 6 726
end
# - trim loop
vp -48.540398921261882 0
vp 0 0
cstype bezier
deg 1
curv2 7453 7454
parm u -48.540398921261882 0
end
vp 0 0
vp 0 6
cstype bezier
deg 1
curv2 7455 7456
parm u 0 6
end
vp 0 6
vp -48.540398921261882 6
cstype bezier
deg 1
curv2 7457 7458
parm u -48.540398921261882 0
end
vp -48.540398921261882 6
vp -48.540398921261882 0
cstype bezier
deg 1
curv2 7459 7460
parm u 0 6
end
v -293.18706474604073 6 -36.608592540636607
v -335.80666175177123 6 -306.12956230049872
v -293.18706474604073 0 -36.608592540636607
v -335.80666175177123 0 -306.12956230049872
cstype bspline
deg 1 1
surf -48.540398921261882 -0 0 6 2517 2518 2519 2520
parm u -48.540398921261882 -48.540398921261882 -0 -0
parm v 0 0 6 6
trim -48.540398921261882 0 727 0 6 728 -48.540398921261882 0 729 0 6 730
end
# - trim loop
vp -38.85773013376334 0
vp 0 0
cstype bezier
deg 1
curv2 7461 7462
parm u -38.85773013376334 0
end
vp 0 0
vp 0 6
cstype bezier
deg 1
curv2 7463 7464
parm u 0 6
end
vp 0 6
vp -38.85773013376334 6
cstype bezier
deg 1
curv2 7465 7466
parm u -38.85773013376334 0
end
vp -38.85773013376334 6
vp -38.85773013376334 0
cstype bezier
deg 1
curv2 7467 7468
parm u 0 6
end
v -259.06907569644738 6 179.14927803861568
v -293.18706474604073 6 -36.608592540636607
v -259.06907569644738 0 179.14927803861568
v -293.18706474604073 0 -36.608592540636607
cstype bspline
deg 1 1
surf -38.85773013376334 -0 0 6 2521 2522 2523 2524
parm u -38.85773013376334 -38.85773013376334 -0 -0
parm v 0 0 6 6
trim -38.85773013376334 0 731 0 6 732 -38.85773013376334 0 733 0 6 734
end
# - trim loop
vp 0 0
vp -5.1066621279851176 0
cstype bezier
deg 1
curv2 7469 7470
parm u 0 5.1066621279851176
end
vp -5.1066621279851176 0
vp -8.2179906746750078 -25.248717161136614
cstype bezier
deg 1
curv2 7471 7472
parm u 0 25.439695037647798
end
vp -8.2179906746750078 -25.248717161136614
vp -10.445107222826721 -41.732368297461761
cstype bezier
deg 1
curv2 7473 7474
parm u 0 16.633424268716421
end
vp -10.445107222826721 -41.732368297461761
vp -14.310784408011273 -58.214497458936165
cstype bezier
deg 1
curv2 7475 7476
parm u 0 16.929383975667317
end
vp -14.310784408011273 -58.214497458936165
vp -20.472572131237129 -75.353654003297947
cstype bezier
deg 1
curv2 7477 7478
parm u 0 18.213135781579084
end
vp -20.472572131237129 -75.353654003297947
vp -24.460797194446144 -84.188309657696649
cstype bezier
deg 1
curv2 7479 7480
parm u 0 9.6931460159541345
end
vp -24.460797194446144 -84.188309657696649
vp -24.460797194446144 -86.325491970948988
cstype bezier
deg 1
curv2 7481 7482
parm u 0 2.1371823132523389
end
vp -24.460797194446144 -86.325491970948988
vp -13.650728855722832 -86.325491970948988
cstype bezier
deg 1
curv2 7483 7484
parm u 0 10.810068338723312
end
vp -13.650728855722832 -86.325491970948988
vp -6.0691955736364775 -38.380829280219189
cstype bezier
deg 1
curv2 7485 7486
parm u 0 48.540398921261882
end
vp -6.0691955736364775 -38.380829280219189
vp 0 0
cstype bezier
deg 1
curv2 7487 7488
parm u 0 38.85773013376334
end
v -397.95053580198203 0 -310.98235070388989
v -257.69401173500648 0 -310.98235070388989
v -397.95053580198203 0 184.00206644200682
v -257.69401173500648 0 184.00206644200682
cstype bspline
deg 1 1
surf -24.705405166390605 0.24460797194446143 -87.188746890658479 0.86325491970948987 2525 2526 2527 2528
parm u -24.705405166390605 -24.705405166390605 0.24460797194446143 0.24460797194446143
parm v -87.188746890658479 -87.188746890658479 0.86325491970948987 0.86325491970948987
trim 0 5.1066621279851176 735 0 25.439695037647798 736 0 16.633424268716421 737 0 16.929383975667317 738 0 18.213135781579084 739 0 9.6931460159541345 740 0 2.1371823132523389 741 0 10.810068338723312 742 0 48.540398921261882 743 0 38.85773013376334 744
end
usemtl diffuse_42_42_42_255
# - trim loop
vp 0 0
vp -2.0093785212763846 0
cstype bezier
deg 1
curv2 7489 7490
parm u 0 2.0093785212763846
end
vp -2.0093785212763846 0
vp -8.8098873230955768 -42.383472306023855
cstype bezier
deg 1
curv2 7491 7492
parm u 0 42.92558263645482
end
vp -8.8098873230955768 -42.383472306023855
vp -16.271669771604291 -86.325491970948988
cstype bezier
deg 1
curv2 7493 7494
parm u 0 44.571058878397089
end
vp -16.271669771604291 -86.325491970948988
vp -14.13517280353642 -86.325491970948988
cstype bezier
deg 1
curv2 7495 7496
parm u 0 2.1364969680678705
end
vp -14.13517280353642 -86.325491970948988
vp -6.9646981618504133 -42.534393007242315
cstype bezier
deg 1
curv2 7497 7498
parm u 0 44.374272445147923
end
vp -6.9646981618504133 -42.534393007242315
vp 0 0
cstype bezier
deg 1
curv2 7499 7500
parm u 0 43.100830722623272
end
v -60.947787349212938 3 -310.98235070388989
v 32.35284487421572 3 -310.98235070388989
v -60.947787349212938 3 184.00206644200682
v 32.35284487421572 3 184.00206644200682
cstype bspline
deg 1 1
surf -16.434386469320334 0.16271669771604291 -87.188746890658479 0.86325491970948987 2529 2530 2531 2532
parm u -16.434386469320334 -16.434386469320334 0.16271669771604291 0.16271669771604291
parm v -87.188746890658479 -87.188746890658479 0.86325491970948987 0.86325491970948987
trim 0 2.0093785212763846 745 0 42.92558263645482 746 0 44.571058878397089 747 0 2.1364969680678705 748 0 44.374272445147923 749 0 43.100830722623272 750
end
# - trim loop
vp -2.0093785212763846 0
vp 0 0
cstype bezier
deg 1
curv2 7501 7502
parm u -2.0093785212763846 0
end
vp 0 0
vp 0 3
cstype bezier
deg 1
curv2 7503 7504
parm u 0 3
end
vp 0 3
vp -2.0093785212763846 3
cstype bezier
deg 1
curv2 7505 7506
parm u -2.0093785212763846 0
end
vp -2.0093785212763846 3
vp -2.0093785212763846 0
cstype bezier
deg 1
curv2 7507 7508
parm u 0 3
end
v 20.142409405935908 3 179.14927803861568
v 31.438132793593873 3 179.14927803861568
v 20.142409405935908 0 179.14927803861568
v 31.438132793593873 0 179.14927803861568
cstype bspline
deg 1 1
surf -2.0093785212763846 -0 0 3 2533 2534 2535 2536
parm u -2.0093785212763846 -2.0093785212763846 -0 -0
parm v 0 0 3 3
trim -2.0093785212763846 0 751 0 3 752 -2.0093785212763846 0 753 0 3 754
end
# - trim loop
vp -42.92558263645482 0
vp 0 0
cstype bezier
deg 1
curv2 7509 7510
parm u -42.92558263645482 0
end
vp 0 0
vp 0 3
cstype bezier
deg 1
curv2 7511 7512
parm u 0 3
end
vp 0 3
vp -42.92558263645482 3
cstype bezier
deg 1
curv2 7513 7514
parm u -42.92558263645482 0
end
vp -42.92558263645482 3
vp -42.92558263645482 0
cstype bezier
deg 1
curv2 7515 7516
parm u 0 3
end
v -18.086657694815187 3 -59.109454354521233
v 20.142409405935908 3 179.14927803861568
v -18.086657694815187 0 -59.109454354521233
v 20.142409405935908 0 179.14927803861568
cstype bspline
deg 1 1
surf -42.92558263645482 -0 0 3 2537 2538 2539 2540
parm u -42.92558263645482 -42.92558263645482 -0 -0
parm v 0 0 3 3
trim -42.92558263645482 0 755 0 3 756 -42.92558263645482 0 757 0 3 758
end
# - trim loop
vp -44.571058878397089 0
vp 0 0
cstype bezier
deg 1
curv2 7517 7518
parm u -44.571058878397089 0
end
vp 0 0
vp 0 3
cstype bezier
deg 1
curv2 7519 7520
parm u 0 3
end
vp 0 3
vp -44.571058878397089 3
cstype bezier
deg 1
curv2 7521 7522
parm u -44.571058878397089 0
end
vp -44.571058878397089 3
vp -44.571058878397089 0
cstype bezier
deg 1
curv2 7523 7524
parm u 0 3
end
v -60.033075268591091 3 -306.12956230049872
v -18.086657694815187 3 -59.109454354521233
v -60.033075268591091 0 -306.12956230049872
v -18.086657694815187 0 -59.109454354521233
cstype bspline
deg 1 1
surf -44.571058878397089 -0 0 3 2541 2542 2543 2544
parm u -44.571058878397089 -44.571058878397089 -0 -0
parm v 0 0 3 3
trim -44.571058878397089 0 759 0 3 760 -44.571058878397089 0 761 0 3 762
end
# - trim loop
vp -2.1364969680678705 0
vp 0 0
cstype bezier
deg 1
curv2 7525 7526
parm u -2.1364969680678705 0
end
vp 0 0
vp 0 3
cstype bezier
deg 1
curv2 7527 7528
parm u 0 3
end
vp 0 3
vp -2.1364969680678705 3
cstype bezier
deg 1
curv2 7529 7530
parm u -2.1364969680678705 0
end
vp -2.1364969680678705 3
vp -2.1364969680678705 0
cstype bezier
deg 1
curv2 7531 7532
parm u 0 3
end
v -48.022755403852628 3 -306.12956230049872
v -60.033075268591091 3 -306.12956230049872
v -48.022755403852628 0 -306.12956230049872
v -60.033075268591091 0 -306.12956230049872
cstype bspline
deg 1 1
surf -2.1364969680678705 -0 0 3 2545 2546 2547 2548
parm u -2.1364969680678705 -2.1364969680678705 -0 -0
parm v 0 0 3 3
trim -2.1364969680678705 0 763 0 3 764 -2.1364969680678705 0 765 0 3 766
end
# - trim loop
vp -44.374272445147923 0
vp 0 0
cstype bezier
deg 1
curv2 7533 7534
parm u -44.374272445147923 0
end
vp 0 0
vp 0 3
cstype bezier
deg 1
curv2 7535 7536
parm u 0 3
end
vp 0 3
vp -44.374272445147923 3
cstype bezier
deg 1
curv2 7537 7538
parm u -44.374272445147923 0
end
vp -44.374272445147923 3
vp -44.374272445147923 0
cstype bezier
deg 1
curv2 7539 7540
parm u 0 3
end
v -7.713924960471843 3 -59.957855228913104
v -48.022755403852628 3 -306.12956230049872
v -7.713924960471843 0 -59.957855228913104
v -48.022755403852628 0 -306.12956230049872
cstype bspline
deg 1 1
surf -44.374272445147923 -0 0 3 2549 2550 2551 2552
parm u -44.374272445147923 -44.374272445147923 -0 -0
parm v 0 0 3 3
trim -44.374272445147923 0 767 0 3 768 -44.374272445147923 0 769 0 3 770
end
# - trim loop
vp -43.100830722623272 0
vp 0 0
cstype bezier
deg 1
curv2 7541 7542
parm u -43.100830722623272 0
end
vp 0 0
vp 0 3
cstype bezier
deg 1
curv2 7543 7544
parm u 0 3
end
vp 0 3
vp -43.100830722623272 3
cstype bezier
deg 1
curv2 7545 7546
parm u -43.100830722623272 0
end
vp -43.100830722623272 3
vp -43.100830722623272 0
cstype bezier
deg 1
curv2 7547 7548
parm u 0 3
end
v 31.438132793593873 3 179.14927803861568
v -7.713924960471843 3 -59.957855228913104
v 31.438132793593873 0 179.14927803861568
v -7.713924960471843 0 -59.957855228913104
cstype bspline
deg 1 1
surf -43.100830722623272 -0 0 3 2553 2554 2555 2556
parm u -43.100830722623272 -43.100830722623272 -0 -0
parm v 0 0 3 3
trim -43.100830722623272 0 771 0 3 772 -43.100830722623272 0 773 0 3 774
end
# - trim loop
vp 0 0
vp -2.0093785212763846 0
cstype bezier
deg 1
curv2 7549 7550
parm u 0 2.0093785212763846
end
vp -2.0093785212763846 0
vp -8.8098873230955768 -42.383472306023855
cstype bezier
deg 1
curv2 7551 7552
parm u 0 42.92558263645482
end
vp -8.8098873230955768 -42.383472306023855
vp -16.271669771604291 -86.325491970948988
cstype bezier
deg 1
curv2 7553 7554
parm u 0 44.571058878397089
end
vp -16.271669771604291 -86.325491970948988
vp -14.13517280353642 -86.325491970948988
cstype bezier
deg 1
curv2 7555 7556
parm u 0 2.1364969680678705
end
vp -14.13517280353642 -86.325491970948988
vp -6.9646981618504133 -42.534393007242315
cstype bezier
deg 1
curv2 7557 7558
parm u 0 44.374272445147923
end
vp -6.9646981618504133 -42.534393007242315
vp 0 0
cstype bezier
deg 1
curv2 7559 7560
parm u 0 43.100830722623272
end
v -60.947787349212938 0 -310.98235070388989
v 32.35284487421572 0 -310.98235070388989
v -60.947787349212938 0 184.00206644200682
v 32.35284487421572 0 184.00206644200682
cstype bspline
deg 1 1
surf -16.434386469320334 0.16271669771604291 -87.188746890658479 0.86325491970948987 2557 2558 2559 2560
parm u -16.434386469320334 -16.434386469320334 0.16271669771604291 0.16271669771604291
parm v -87.188746890658479 -87.188746890658479 0.86325491970948987 0.86325491970948987
trim 0 2.0093785212763846 775 0 42.92558263645482 776 0 44.571058878397089 777 0 2.1364969680678705 778 0 44.374272445147923 779 0 43.100830722623272 780
end
usemtl diffuse_42_42_42_255
# - trim loop
vp 0 0
vp 14.376191506652262 86.325491970948988
cstype bezier
deg 1
curv2 7561 7562
parm u 0 87.514372798199958
end
vp 14.376191506652262 86.325491970948988
vp 11.762392220098548 86.325491970948988
cstype bezier
deg 1
curv2 7563 7564
parm u 0 2.6137992865537143
end
vp 11.762392220098548 86.325491970948988
vp -1.8883366356242846 0
cstype bezier
deg 1
curv2 7565 7566
parm u 0 87.398129055025194
end
vp -1.8883366356242846 0
vp 0 0
cstype bezier
deg 1
curv2 7567 7568
parm u 0 1.8883366356242846
end
v -336.7209723656282 3 -310.98235070388989
v -243.46128975221106 3 -310.98235070388989
v -336.7209723656282 3 184.00206644200682
v -243.46128975221106 3 184.00206644200682
cstype bspline
deg 1 1
surf -2.05098191704705 14.538836788075027 -0.86325491970948987 87.188746890658479 2561 2562 2563 2564
parm u -2.05098191704705 -2.05098191704705 14.538836788075027 14.538836788075027
parm v -0.86325491970948987 -0.86325491970948987 87.188746890658479 87.188746890658479
trim 0 87.514372798199958 781 0 2.6137992865537143 782 0 87.398129055025194 783 0 1.8883366356242846 784
end
# - trim loop
vp -87.514372798199958 0
vp 0 0
cstype bezier
deg 1
curv2 7569 7570
parm u -87.514372798199958 0
end
vp 0 0
vp 0 3
cstype bezier
deg 1
curv2 7571 7572
parm u 0 3
end
vp 0 3
vp -87.514372798199958 3
cstype bezier
deg 1
curv2 7573 7574
parm u -87.514372798199958 0
end
vp -87.514372798199958 3
vp -87.514372798199958 0
cstype bezier
deg 1
curv2 7575 7576
parm u 0 3
end
v -244.37560036606814 3 179.14927803861568
v -325.19137544660884 3 -306.12956230049872
v -244.37560036606814 0 179.14927803861568
v -325.19137544660884 0 -306.12956230049872
cstype bspline
deg 1 1
surf -87.514372798199958 -0 0 3 2565 2566 2567 2568
parm u -87.514372798199958 -87.514372798199958 -0 -0
parm v 0 0 3 3
trim -87.514372798199958 0 785 0 3 786 -87.514372798199958 0 787 0 3 788
end
# - trim loop
vp -2.6137992865537143 0
vp 0 0
cstype bezier
deg 1
curv2 7577 7578
parm u -2.6137992865537143 0
end
vp 0 0
vp 0 3
cstype bezier
deg 1
curv2 7579 7580
parm u 0 3
end
vp 0 3
vp -2.6137992865537143 3
cstype bezier
deg 1
curv2 7581 7582
parm u -2.6137992865537143 0
end
vp -2.6137992865537143 3
vp -2.6137992865537143 0
cstype bezier
deg 1
curv2 7583 7584
parm u 0 3
end
v -259.06907569644738 3 179.14927803861568
v -244.37560036606814 3 179.14927803861568
v -259.06907569644738 0 179.14927803861568
v -244.37560036606814 0 179.14927803861568
cstype bspline
deg 1 1
surf -2.6137992865537143 -0 0 3 2569 2570 2571 2572
parm u -2.6137992865537143 -2.6137992865537143 -0 -0
parm v 0 0 3 3
trim -2.6137992865537143 0 789 0 3 790 -2.6137992865537143 0 791 0 3 792
end
# - trim loop
vp -87.398129055025194 0
vp 0 0
cstype bezier
deg 1
curv2 7585 7586
parm u -87.398129055025194 0
end
vp 0 0
vp 0 3
cstype bezier
deg 1
curv2 7587 7588
parm u 0 3
end
vp 0 3
vp -87.398129055025194 3
cstype bezier
deg 1
curv2 7589 7590
parm u -87.398129055025194 0
end
vp -87.398129055025194 3
vp -87.398129055025194 0
cstype bezier
deg 1
curv2 7591 7592
parm u 0 3
end
v -335.80666175177123 3 -306.12956230049872
v -259.06907569644738 3 179.14927803861568
v -335.80666175177123 0 -306.12956230049872
v -259.06907569644738 0 179.14927803861568
cstype bspline
deg 1 1
surf -87.398129055025194 -0 0 3 2573 2574 2575 2576
parm u -87.398129055025194 -87.398129055025194 -0 -0
parm v 0 0 3 3
trim -87.398129055025194 0 793 0 3 794 -87.398129055025194 0 795 0 3 796
end
# - trim loop
vp -1.8883366356242846 0
vp 0 0
cstype bezier
deg 1
curv2 7593 7594
parm u -1.8883366356242846 0
end
vp 0 0
vp 0 3
cstype bezier
deg 1
curv2 7595 7596
parm u 0 3
end
vp 0 3
vp -1.8883366356242846 3
cstype bezier
deg 1
curv2 7597 7598
parm u -1.8883366356242846 0
end
vp -1.8883366356242846 3
vp -1.8883366356242846 0
cstype bezier
deg 1
curv2 7599 7600
parm u 0 3
end
v -325.19137544660884 3 -306.12956230049872
v -335.80666175177123 3 -306.12956230049872
v -325.19137544660884 0 -306.12956230049872
v -335.80666175177123 0 -306.12956230049872
cstype bspline
deg 1 1
surf -1.8883366356242846 -0 0 3 2577 2578 2579 2580
parm u -1.8883366356242846 -1.8883366356242846 -0 -0
parm v 0 0 3 3
trim -1.8883366356242846 0 797 0 3 798 -1.8883366356242846 0 799 0 3 800
end
# - trim loop
vp 0 0
vp 14.376191506652262 86.325491970948988
cstype bezier
deg 1
curv2 7601 7602
parm u 0 87.514372798199958
end
vp 14.376191506652262 86.325491970948988
vp 11.762392220098548 86.325491970948988
cstype bezier
deg 1
curv2 7603 7604
parm u 0 2.6137992865537143
end
vp 11.762392220098548 86.325491970948988
vp -1.8883366356242846 0
cstype bezier
deg 1
curv2 7605 7606
parm u 0 87.398129055025194
end
vp -1.8883366356242846 0
vp 0 0
cstype bezier
deg 1
curv2 7607 7608
parm u 0 1.8883366356242846
end
v -336.7209723656282 0 -310.98235070388989
v -243.46128975221106 0 -310.98235070388989
v -336.7209723656282 0 184.00206644200682
v -243.46128975221106 0 184.00206644200682
cstype bspline
deg 1 1
surf -2.05098191704705 14.538836788075027 -0.86325491970948987 87.188746890658479 2581 2582 2583 2584
parm u -2.05098191704705 -2.05098191704705 14.538836788075027 14.538836788075027
parm v -0.86325491970948987 -0.86325491970948987 87.188746890658479 87.188746890658479
trim 0 87.514372798199958 801 0 2.6137992865537143 802 0 87.398129055025194 803 0 1.8883366356242846 804
end
usemtl diffuse_0_0_255_255
# - trim loop
vp 0 0
vp 47.168594239659001 0
cstype bezier
deg 1
curv2 7609 7610
parm u 0 47.168594239659001
end
vp 47.168594239659001 0
vp 61.430885489986906 86.325491970948988
cstype bezier
deg 1
curv2 7611 7612
parm u 0 87.495734271652111
end
vp 61.430885489986906 86.325491970948988
vp 14.376191506652262 86.325491970948988
cstype bezier
deg 1
curv2 7613 7614
parm u 0 47.054693983334644
end
vp 14.376191506652262 86.325491970948988
vp 0 0
cstype bezier
deg 1
curv2 7615 7616
parm u 0 87.514372798199958
end
v -328.64471329513435 0 -310.98235070388989
v 23.595747254461344 0 -310.98235070388989
v -328.64471329513435 0 184.00206644200682
v 23.595747254461344 0 184.00206644200682
cstype bspline
deg 1 1
surf -0.61430885489986908 62.045194344886774 -0.86325491970948987 87.188746890658479 2585 2586 2587 2588
parm u -0.61430885489986908 -0.61430885489986908 62.045194344886774 62.045194344886774
parm v -0.86325491970948987 -0.86325491970948987 87.188746890658479 87.188746890658479
trim 0 47.168594239659001 805 0 87.495734271652111 806 0 47.054693983334644 807 0 87.514372798199958 808
end
